{
  "topology": "fattree_4_sw_20",
  "routing_scheme": "f10_s1_lr",
  "max_failures": 1,
  "failure_prob": [ 1, 4 ],
  "equivalent_to_teleport": false,
  "min_prob_of_delivery": 0.8359375,
  "avg_prob_of_delivery": 0.859375,
  "hop_count_cdf": [
    0.0, 0.14285714285714285, 0.14285714285714285, 0.859375, 0.859375,
    0.859375, 0.859375, 0.859375, 0.859375, 0.859375, 0.859375, 0.859375,
    0.859375, 0.859375, 0.859375, 0.859375, 0.859375, 0.859375, 0.859375,
    0.859375, 0.859375, 0.859375, 0.859375, 0.859375, 0.859375, 0.859375,
    0.859375, 0.859375, 0.859375, 0.859375, 0.859375, 0.859375
  ],
  "compilation_times": [ 16.534991979599 ],
  "equivalence_times": [ 7.915496826171875e-05 ],
  "hop_count_times": [ 21.012684106826782 ]
}