{
  "topology": "fattree_4_sw_20",
  "routing_scheme": "f10_s1_lr",
  "max_failures": 1,
  "failure_prob": [ 1, 8 ],
  "equivalent_to_teleport": false,
  "min_prob_of_delivery": 0.8974609375,
  "avg_prob_of_delivery": 0.912109375,
  "hop_count_cdf": [
    0.0, 0.14285714285714285, 0.14285714285714285, 0.912109375, 0.912109375,
    0.912109375, 0.912109375, 0.912109375, 0.912109375, 0.912109375,
    0.912109375, 0.912109375, 0.912109375, 0.912109375, 0.912109375,
    0.912109375, 0.912109375, 0.912109375, 0.912109375, 0.912109375,
    0.912109375, 0.912109375, 0.912109375, 0.912109375, 0.912109375,
    0.912109375, 0.912109375, 0.912109375, 0.912109375, 0.912109375,
    0.912109375, 0.912109375
  ],
  "compilation_times": [ 16.596556901931763 ],
  "equivalence_times": [ 0.0001049041748046875 ],
  "hop_count_times": [ 20.44114089012146 ]
}