{
  "topology": "fattree_4_sw_20",
  "routing_scheme": "f10_s1_lr",
  "max_failures": 1,
  "failure_prob": [ 1, 32 ],
  "equivalent_to_teleport": false,
  "min_prob_of_delivery": 0.9701995849609375,
  "avg_prob_of_delivery": 0.974456787109375,
  "hop_count_cdf": [
    0.0, 0.14285714285714285, 0.14285714285714285, 0.974456787109375,
    0.974456787109375, 0.974456787109375, 0.974456787109375,
    0.974456787109375, 0.974456787109375, 0.974456787109375,
    0.974456787109375, 0.974456787109375, 0.974456787109375,
    0.974456787109375, 0.974456787109375, 0.974456787109375,
    0.974456787109375, 0.974456787109375, 0.974456787109375,
    0.974456787109375, 0.974456787109375, 0.974456787109375,
    0.974456787109375, 0.974456787109375, 0.974456787109375,
    0.974456787109375, 0.974456787109375, 0.974456787109375,
    0.974456787109375, 0.974456787109375, 0.974456787109375,
    0.974456787109375
  ],
  "compilation_times": [ 16.708459854125977 ],
  "equivalence_times": [ 8.988380432128906e-05 ],
  "hop_count_times": [ 20.167680025100708 ]
}