{
  "topology": "fattree_4_sw_20",
  "routing_scheme": "f10_s1_lr",
  "max_failures": 1,
  "failure_prob": [ 1, 128 ],
  "equivalent_to_teleport": false,
  "min_prob_of_delivery": 0.9922788143157959,
  "avg_prob_of_delivery": 0.9933818408421108,
  "hop_count_cdf": [
    0.0, 0.14285714285714285, 0.14285714285714285, 0.9933818408421108,
    0.9933818408421108, 0.9933818408421108, 0.9933818408421108,
    0.9933818408421108, 0.9933818408421108, 0.9933818408421108,
    0.9933818408421108, 0.9933818408421108, 0.9933818408421108,
    0.9933818408421108, 0.9933818408421108, 0.9933818408421108,
    0.9933818408421108, 0.9933818408421108, 0.9933818408421108,
    0.9933818408421108, 0.9933818408421108, 0.9933818408421108,
    0.9933818408421108, 0.9933818408421108, 0.9933818408421108,
    0.9933818408421108, 0.9933818408421108, 0.9933818408421108,
    0.9933818408421108, 0.9933818408421108, 0.9933818408421108,
    0.9933818408421108
  ],
  "compilation_times": [ 16.844530820846558 ],
  "equivalence_times": [ 7.295608520507812e-05 ],
  "hop_count_times": [ 20.28993582725525 ]
}