{
  "topology": "fattree_4_sw_20",
  "routing_scheme": "f10_s1_lr",
  "max_failures": 2,
  "failure_prob": [ 1, 32 ],
  "equivalent_to_teleport": false,
  "min_prob_of_delivery": 0.9687652587890625,
  "avg_prob_of_delivery": 0.9732273646763393,
  "hop_count_cdf": [
    0.0, 0.14285714285714285, 0.14285714285714285, 0.9732273646763393,
    0.9732273646763393, 0.9732273646763393, 0.9732273646763393,
    0.9732273646763393, 0.9732273646763393, 0.9732273646763393,
    0.9732273646763393, 0.9732273646763393, 0.9732273646763393,
    0.9732273646763393, 0.9732273646763393, 0.9732273646763393,
    0.9732273646763393, 0.9732273646763393, 0.9732273646763393,
    0.9732273646763393, 0.9732273646763393, 0.9732273646763393,
    0.9732273646763393, 0.9732273646763393, 0.9732273646763393,
    0.9732273646763393, 0.9732273646763393, 0.9732273646763393,
    0.9732273646763393, 0.9732273646763393, 0.9732273646763393,
    0.9732273646763393
  ],
  "compilation_times": [ 16.747311115264893 ],
  "equivalence_times": [ 0.00010085105895996094 ],
  "hop_count_times": [ 22.690647840499878 ]
}