{
  "topology": "fattree_4_sw_20",
  "routing_scheme": "f10_s1_lr",
  "max_failures": 2,
  "failure_prob": [ 1, 16 ],
  "equivalent_to_teleport": false,
  "min_prob_of_delivery": 0.9376220703125,
  "avg_prob_of_delivery": 0.946533203125,
  "hop_count_cdf": [
    0.0, 0.14285714285714285, 0.14285714285714285, 0.946533203125,
    0.946533203125, 0.946533203125, 0.946533203125, 0.946533203125,
    0.946533203125, 0.946533203125, 0.946533203125, 0.946533203125,
    0.946533203125, 0.946533203125, 0.946533203125, 0.946533203125,
    0.946533203125, 0.946533203125, 0.946533203125, 0.946533203125,
    0.946533203125, 0.946533203125, 0.946533203125, 0.946533203125,
    0.946533203125, 0.946533203125, 0.946533203125, 0.946533203125,
    0.946533203125, 0.946533203125, 0.946533203125, 0.946533203125
  ],
  "compilation_times": [ 16.763983964920044 ],
  "equivalence_times": [ 8.392333984375e-05 ],
  "hop_count_times": [ 22.97997498512268 ]
}