{
  "topology": "fattree_4_sw_20",
  "routing_scheme": "f10_s1_lr",
  "max_failures": 2,
  "failure_prob": [ 1, 8 ],
  "equivalent_to_teleport": false,
  "min_prob_of_delivery": 0.8759765625,
  "avg_prob_of_delivery": 0.8936941964285714,
  "hop_count_cdf": [
    0.0, 0.14285714285714285, 0.14285714285714285, 0.8936941964285714,
    0.8936941964285714, 0.8936941964285714, 0.8936941964285714,
    0.8936941964285714, 0.8936941964285714, 0.8936941964285714,
    0.8936941964285714, 0.8936941964285714, 0.8936941964285714,
    0.8936941964285714, 0.8936941964285714, 0.8936941964285714,
    0.8936941964285714, 0.8936941964285714, 0.8936941964285714,
    0.8936941964285714, 0.8936941964285714, 0.8936941964285714,
    0.8936941964285714, 0.8936941964285714, 0.8936941964285714,
    0.8936941964285714, 0.8936941964285714, 0.8936941964285714,
    0.8936941964285714, 0.8936941964285714, 0.8936941964285714,
    0.8936941964285714
  ],
  "compilation_times": [ 17.115741968154907 ],
  "equivalence_times": [ 0.00011396408081054688 ],
  "hop_count_times": [ 22.548299074172974 ]
}