{
  "topology": "fattree_4_sw_20",
  "routing_scheme": "f10_s1_lr",
  "max_failures": -1,
  "failure_prob": [ 1, 8 ],
  "equivalent_to_teleport": false,
  "min_prob_of_delivery": 0.875,
  "avg_prob_of_delivery": 0.8928571428571429,
  "hop_count_cdf": [
    0.0, 0.14285714285714285, 0.14285714285714285, 0.8928571428571429,
    0.8928571428571429, 0.8928571428571429, 0.8928571428571429,
    0.8928571428571429, 0.8928571428571429, 0.8928571428571429,
    0.8928571428571429, 0.8928571428571429, 0.8928571428571429,
    0.8928571428571429, 0.8928571428571429, 0.8928571428571429,
    0.8928571428571429, 0.8928571428571429, 0.8928571428571429,
    0.8928571428571429, 0.8928571428571429, 0.8928571428571429,
    0.8928571428571429, 0.8928571428571429, 0.8928571428571429,
    0.8928571428571429, 0.8928571428571429, 0.8928571428571429,
    0.8928571428571429, 0.8928571428571429, 0.8928571428571429,
    0.8928571428571429
  ],
  "compilation_times": [ 16.561291933059692 ],
  "equivalence_times": [ 0.00013899803161621094 ],
  "hop_count_times": [ 17.41300082206726 ]
}