{
  "topology": "fattree_4_sw_20",
  "routing_scheme": "f10_s1_lr",
  "max_failures": -1,
  "failure_prob": [ 1, 2 ],
  "equivalent_to_teleport": false,
  "min_prob_of_delivery": 0.5,
  "avg_prob_of_delivery": 0.5714285714285714,
  "hop_count_cdf": [
    0.0, 0.14285714285714285, 0.14285714285714285, 0.5714285714285714,
    0.5714285714285714, 0.5714285714285714, 0.5714285714285714,
    0.5714285714285714, 0.5714285714285714, 0.5714285714285714,
    0.5714285714285714, 0.5714285714285714, 0.5714285714285714,
    0.5714285714285714, 0.5714285714285714, 0.5714285714285714,
    0.5714285714285714, 0.5714285714285714, 0.5714285714285714,
    0.5714285714285714, 0.5714285714285714, 0.5714285714285714,
    0.5714285714285714, 0.5714285714285714, 0.5714285714285714,
    0.5714285714285714, 0.5714285714285714, 0.5714285714285714,
    0.5714285714285714, 0.5714285714285714, 0.5714285714285714,
    0.5714285714285714
  ],
  "compilation_times": [ 16.541194915771484 ],
  "equivalence_times": [ 8.702278137207031e-05 ],
  "hop_count_times": [ 17.38725709915161 ]
}