{"topology":"fattree-6","routing_scheme":"resilient random walk","max_failures":1,"failure_prob":[1,128],"equivalent_to_teleport":false,"min_prob_of_delivery":1.0,"avg_prob_of_delivery":1.0,"hop_count_cdf":[0.0,0.04278272591715632,0.04278272591715632,0.10604854518178584,0.10604854518178584,0.1755476804683447,0.1755476804683447,0.2462461107768959,0.2462461107768959,0.3163793521597656,0.3163793521597656,0.3853425911940375,0.3853425911940375,0.45294205116956676,0.45294205116956676,0.5191293617127275,0.5191293617127275,0.5839073129076748,0.5839073129076748,0.6472964222937093,0.6472964222937093,0.7093230803335477,0.7093230803335477,0.7700153526060148,0.7700153526060148,0.8294014987641388,0.8294014987641388,0.887509455364547,0.887509455364547,0.944366660568182,0.944366660568182,1.0],"compilation_time":53.665257930755615,"equivalence_time":0.00012803077697753906,"hop_count_time":69.62707591056824}