{"topology":"fattree-6","routing_scheme":"resilient random walk","max_failures":1,"failure_prob":[1,16],"equivalent_to_teleport":false,"min_prob_of_delivery":1.0,"avg_prob_of_delivery":1.0,"hop_count_cdf":[0.0,0.042926611159054204,0.042926611159054204,0.10608344437929244,0.10608344437929244,0.1754637089721851,0.1754637089721851,0.2460905242005615,0.2460905242005615,0.3161938877465415,0.3161938877465415,0.3851533533519922,0.3851533533519922,0.4527631199848941,0.4527631199848941,0.5189675988242262,0.5189675988242262,0.5837657000496554,0.5837657000496554,0.6471759877614753,0.6471759877614753,0.7092239164400744,0.7092239164400744,0.7699371258280645,0.7699371258280645,0.8293436965738887,0.8293436965738887,0.8874715021912625,0.8874715021912625,0.9443479705733578,0.9443479705733578,1.0],"compilation_time":64.63647294044495,"equivalence_time":0.0001690387725830078,"hop_count_time":75.37682390213013}