{"topology":"fattree-6","routing_scheme":"resilient random walk","max_failures":1,"failure_prob":[1,8],"equivalent_to_teleport":false,"min_prob_of_delivery":1.0,"avg_prob_of_delivery":1.0,"hop_count_cdf":[0.0,0.04311527339068286,0.04311527339068286,0.10613064392009898,0.10613064392009898,0.17545823263492982,0.17545823263492982,0.24608955261971777,0.24608955261971777,0.3162087621628106,0.3162087621628106,0.3851795724083442,0.3851795724083442,0.4527943616592178,0.4527943616592178,0.5189993459364226,0.5189993459364226,0.5837953265743834,0.5837953265743834,0.6472021307193204,0.6472021307193204,0.7092459328545997,0.7092459328545997,0.7699547511255703,0.7699547511255703,0.829356855339727,0.829356855339727,0.8874802101777028,0.8874802101777028,0.9443522859999257,0.9443522859999257,1.0],"compilation_time":53.10162806510925,"equivalence_time":0.00016498565673828125,"hop_count_time":57.109533071517944}