{"topology":"fattree-6","routing_scheme":"resilient random walk","max_failures":1,"failure_prob":[1,64],"equivalent_to_teleport":false,"min_prob_of_delivery":1.0,"avg_prob_of_delivery":1.0,"hop_count_cdf":[0.0,0.04279322632891059,0.04279322632891059,0.10605503090765174,0.10605503090765174,0.17554584953726815,0.17554584953726815,0.24623624642821246,0.24623624642821246,0.3163633033893967,0.3163633033893967,0.3853224761245358,0.3853224761245358,0.4529197869005059,0.4529197869005059,0.519106538246067,0.519106538246067,0.5838851950475314,0.5838851950475314,0.6472759917024504,0.6472759917024504,0.70930508476534,0.70930508476534,0.7700003511884139,0.7700003511884139,0.8293899004186407,0.8293899004186407,0.8875015503361136,0.8875015503361136,0.9443626459075195,0.9443626459075195,1.0],"compilation_time":51.62021088600159,"equivalence_time":0.00013017654418945312,"hop_count_time":78.66961407661438}