{"topology":"fattree-6","routing_scheme":"resilient random walk","max_failures":2,"failure_prob":[1,8],"equivalent_to_teleport":false,"min_prob_of_delivery":1.0,"avg_prob_of_delivery":1.0,"hop_count_cdf":[0.0,0.043191587323196716,0.043191587323196716,0.1060845810865866,0.1060845810865866,0.17519849534042617,0.17519849534042617,0.24570755801455177,0.24570755801455177,0.3157916271635236,0.3157916271635236,0.3847745989234137,0.3847745989234137,0.452422232569792,0.452422232569792,0.5186678855962902,0.5186678855962902,0.5835069478198907,0.5835069478198907,0.6469571331032214,0.6469571331032214,0.709043831432593,0.709043831432593,0.7697947847433703,0.7697947847433703,0.8292381751583368,0.8292381751583368,0.8874019481849839,0.8874019481849839,0.9443135794698211,0.9443135794698211,1.0],"compilation_time":59.66638493537903,"equivalence_time":0.00011992454528808594,"hop_count_time":78.18304300308228}