{"topology":"fattree-6","routing_scheme":"resilient random walk","max_failures":2,"failure_prob":[1,16],"equivalent_to_teleport":false,"min_prob_of_delivery":1.0,"avg_prob_of_delivery":1.0,"hop_count_cdf":[0.0,0.04286584628542181,0.04286584628542181,0.10609715717629095,0.10609715717629095,0.17548790400189146,0.17548790400189146,0.2460794325502294,0.2460794325502294,0.31614105447165,0.31614105447165,0.38507064767216725,0.38507064767216725,0.4526654864028067,0.4526654864028067,0.5188670589094908,0.5188670589094908,0.5836703229860505,0.5836703229860505,0.6470906319281576,0.6470906319281576,0.7091512650382259,0.7091512650382259,0.7698785253117538,0.7698785253117538,0.829299721650024,0.829299721650024,0.8874423017294752,0.8874423017294752,0.9443334670796171,0.9443334670796171,1.0],"compilation_time":79.11462998390198,"equivalence_time":0.0006868839263916016,"hop_count_time":84.45507311820984}