{"topology":"fattree-6","routing_scheme":"resilient random walk","max_failures":2,"failure_prob":[1,32],"equivalent_to_teleport":false,"min_prob_of_delivery":1.0,"avg_prob_of_delivery":1.0,"hop_count_cdf":[0.0,0.04279444403501501,0.04279444403501501,0.10606919068160345,0.10606919068160345,0.1755624913760161,0.1755624913760161,0.24624467356184498,0.24624467356184498,0.3163585149593579,0.3163585149593579,0.38530434181137774,0.38530434181137774,0.4528909354771183,0.4528909354771183,0.5190706776772441,0.5190706776772441,0.5838461024420685,0.5838461024420685,0.6472370141316215,0.6472370141316215,0.7092689557659549,0.7092689557659549,0.7699691782572523,0.7699691782572523,0.8293652326918465,0.8293652326918465,0.8874844747952055,0.8874844747952055,0.944353885268756,0.944353885268756,1.0],"compilation_time":87.40006303787231,"equivalence_time":0.00014090538024902344,"hop_count_time":106.18034482002258}