{"topology":"fattree-6","routing_scheme":"resilient random walk","max_failures":3,"failure_prob":[1,128],"equivalent_to_teleport":false,"min_prob_of_delivery":0.9999975730196358,"avg_prob_of_delivery":0.999997644119923,"hop_count_cdf":[0.0,0.04277863463135634,0.04277863463135634,0.10604475517065341,0.10604475517065341,0.17554586853595458,0.17554586853595458,0.24624656677277665,0.24624656677277665,0.3163817643056335,0.3163817643056335,0.38534642787222845,0.38534642787222845,0.45294672959873816,0.45294672959873816,0.5191343177066104,0.5191343177066104,0.5839120276264291,0.5839120276264291,0.647300430930726,0.647300430930726,0.709325973322119,0.709325973322119,0.7700167737286449,0.7700167737286449,0.8294011419765748,0.8294011419765748,0.8875070611037332,0.8875070611037332,0.9443620118912156,0.9443620118912156,0.9999929187261394],"compilation_time":88.42980694770813,"equivalence_time":0.00015497207641601562,"hop_count_time":112.05757808685303}