{"topology":"fattree-6","routing_scheme":"resilient random walk","max_failures":3,"failure_prob":[1,8],"equivalent_to_teleport":false,"min_prob_of_delivery":0.9978061329042091,"avg_prob_of_delivery":0.9981410281242694,"hop_count_cdf":[0.0,0.04285160741208554,0.04285160741208554,0.10559429433450199,0.10559429433450199,0.17423602015252249,0.17423602015252249,0.24415979010311392,0.24415979010311392,0.3136919275314995,0.3136919275314995,0.38217837009465255,0.38217837009465255,0.44936932206848074,0.44936932206848074,0.5151828540433786,0.5151828540433786,0.5796055940266717,0.5796055940266717,0.6426510697978282,0.6426510697978282,0.7043428012892142,0.7043428012892142,0.764707678750103,0.764707678750103,0.8237734481196135,0.8237734481196135,0.8815677818477358,0.8815677818477358,0.938117946128895,0.938117946128895,0.9934506882600487],"compilation_time":85.40896797180176,"equivalence_time":0.0001609325408935547,"hop_count_time":139.99149799346924}