{"topology":"fattree-6","routing_scheme":"resilient random walk","max_failures":4,"failure_prob":[1,4],"equivalent_to_teleport":false,"min_prob_of_delivery":0.9830746137112945,"avg_prob_of_delivery":0.9844077365063528,"hop_count_cdf":[0.0,0.04245590123293708,0.04245590123293708,0.10128802272133378,0.10128802272133378,0.16599344212322154,0.16599344212322154,0.23250746504431075,0.23250746504431075,0.29881744903817453,0.29881744903817453,0.36414321448130366,0.36414321448130366,0.4282204249086827,0.4282204249086827,0.4909741752691065,0.4909741752691065,0.5523968123922096,0.5523968123922096,0.6125041653014818,0.6125041653014818,0.671319997960107,0.671319997960107,0.7288704995226789,0.7288704995226789,0.7851823374885349,0.7851823374885349,0.840281975067117,0.840281975067117,0.894195436989304,0.894195436989304,0.9469482342818792],"compilation_time":71.32591700553894,"equivalence_time":0.0002779960632324219,"hop_count_time":142.47243881225586}