{"topology":"fattree-6","routing_scheme":"resilient random walk","max_failures":4,"failure_prob":[1,32],"equivalent_to_teleport":false,"min_prob_of_delivery":0.9999029248755538,"avg_prob_of_delivery":0.999905550857155,"hop_count_cdf":[0.0,0.04277564856168354,0.04277564856168354,0.1060356576980067,0.1060356576980067,0.17552905765621288,0.17552905765621288,0.2462189476455308,0.2462189476455308,0.31633854928907607,0.31633854928907607,0.38528227198381976,0.38528227198381976,0.4528569121843566,0.4528569121843566,0.5190154747651149,0.5190154747651149,0.583762402180656,0.583762402180656,0.6471197770421315,0.6471197770421315,0.7091152704451943,0.7091152704451943,0.7697778745434315,0.7697778745434315,0.8291364325748523,0.8291364325748523,0.8872191747547383,0.8872191747547383,0.944053611162023,0.944053611162023,0.9996665446857607],"compilation_time":156.56598615646362,"equivalence_time":0.00017213821411132812,"hop_count_time":209.55267786979675}