{"topology":"fattree-6","routing_scheme":"resilient random walk","max_failures":4,"failure_prob":[1,16],"equivalent_to_teleport":false,"min_prob_of_delivery":0.9995111122315048,"avg_prob_of_delivery":0.9995269687861575,"hop_count_cdf":[0.0,0.04275443441426978,0.04275443441426978,0.1059783672705203,0.1059783672705203,0.1754034559594512,0.1754034559594512,0.24597620097963152,0.24597620097963152,0.3159435742539062,0.3159435742539062,0.38472612134150636,0.38472612134150636,0.4521514595776744,0.4521514595776744,0.5181827036323111,0.5181827036323111,0.5828256996610603,0.5828256996610603,0.6460991240465183,0.6460991240465183,0.7080255938669553,0.7080255938669553,0.7686292415711571,0.7686292415711571,0.8279350271159706,0.8279350271159706,0.8859684227767305,0.8859684227767305,0.942755159183548,0.942755159183548,0.9983209995124318],"compilation_time":133.97611594200134,"equivalence_time":0.0002429485321044922,"hop_count_time":194.47162294387817}