{"topology":"fattree-6","routing_scheme":"resilient random walk","max_failures":4,"failure_prob":[1,64],"equivalent_to_teleport":false,"min_prob_of_delivery":0.9999798400299064,"avg_prob_of_delivery":0.9999803812102195,"hop_count_cdf":[0.0,0.0427780244327923,0.0427780244327923,0.10604251758885792,0.10604251758885792,0.1755416366640805,0.1755416366640805,0.24624016366064314,0.24624016366064314,0.3163729971962929,0.3163729971962929,0.38533502168103556,0.38533502168103556,0.45293232846278336,0.45293232846278336,0.5191165145640008,0.5191165145640008,0.5838904011140582,0.5838904011140582,0.6472745795603417,0.6472745795603417,0.7092955426032275,0.7092955426032275,0.7699814749668152,0.7699814749668152,0.8293607630900797,0.8293607630900797,0.8874614705884631,0.8874614705884631,0.9443111573651444,0.9443111573651444,0.9999368215051569],"compilation_time":192.48154592514038,"equivalence_time":0.0002219676971435547,"hop_count_time":283.1217231750488}