{"topology":"fattree-6","routing_scheme":"resilient random walk","max_failures":5,"failure_prob":[1,16],"equivalent_to_teleport":false,"min_prob_of_delivery":0.9993622080399668,"avg_prob_of_delivery":0.9993795160911445,"hop_count_cdf":[0.0,0.042745047110244606,0.042745047110244606,0.10593273248973739,0.10593273248973739,0.17533717659952008,0.17533717659952008,0.2459134965147129,0.2459134965147129,0.31588813168602103,0.31588813168602103,0.3846626877264491,0.3846626877264491,0.45205910079503475,0.45205910079503475,0.5180446822326711,0.5180446822326711,0.5826328458563763,0.5826328458563763,0.6458489567397474,0.6458489567397474,0.7077199333348686,0.7077199333348686,0.7682719480659194,0.7682719480659194,0.827530451946075,0.827530451946075,0.8855205750576841,0.8855205750576841,0.9422673821854632,0.9422673821854632,0.9977959386872536],"compilation_time":60.39784502983093,"equivalence_time":0.0001399517059326172,"hop_count_time":119.10531783103943}