{"topology":"fattree-6","routing_scheme":"resilient random walk","max_failures":-1,"failure_prob":[0,1],"equivalent_to_teleport":false,"min_prob_of_delivery":1.0,"avg_prob_of_delivery":1.0,"hop_count_cdf":[0.0,0.042778616764671026,0.042778616764671026,0.10604464825646875,0.10604464825646875,0.17554567053557715,0.17554567053557715,0.24624632819529194,0.24624632819529194,0.3163815723391101,0.3163815723391101,0.3853463917323556,0.3853463917323556,0.4529469689289682,0.4529469689289682,0.5191349540129081,0.5191349540129081,0.5839131781537821,0.5839131781537821,0.6473022044096902,0.6473022044096902,0.7093284671464312,0.7093284671464312,0.7700200722343398,0.7700200722343398,0.8294053155679606,0.8294053155679606,0.8875121660239313,0.8875121660239313,0.944368090474385,0.944368090474385,1.0],"compilation_time":33.60735893249512,"equivalence_time":0.0002200603485107422,"hop_count_time":34.77409505844116}