{"topology":"fattree-6","routing_scheme":"resilient random walk","max_failures":-1,"failure_prob":[1,128],"equivalent_to_teleport":false,"min_prob_of_delivery":0.999988556014613,"avg_prob_of_delivery":0.9999888926021778,"hop_count_cdf":[0.0,0.04277841043736066,0.04277841043736066,0.10604385920929403,0.10604385920929403,0.17554416151303842,0.17554416151303842,0.2462440494245787,0.2462440494245787,0.31637850616575935,0.31637850616575935,0.3853425324179398,0.3853425324179398,0.45294231527880635,0.45294231527880635,0.5191295066818998,0.5191295066818998,0.5839069386569642,0.5839069386569642,0.6472951747537619,0.6472951747537619,0.709320649687504,0.709320649687504,0.7700114696182284,0.7700114696182284,0.8293959307007354,0.8293959307007354,0.8875020020537218,0.8875020020537218,0.9443571507775202,0.9443571507775202,0.9999882881689656],"compilation_time":44.98342800140381,"equivalence_time":0.0005669593811035156,"hop_count_time":50.32290697097778}