{"topology":"fattree-6","routing_scheme":"resilient random walk","max_failures":-1,"failure_prob":[1,4],"equivalent_to_teleport":false,"min_prob_of_delivery":0.7131790515099767,"avg_prob_of_delivery":0.7214157840707465,"hop_count_cdf":[0.0,0.036910756810168185,0.036910756810168185,0.08565176773917361,0.08565176773917361,0.13746982666692836,0.13746982666692836,0.18933843826482183,0.18933843826482183,0.24023057834919323,0.24023057834919323,0.2898167662261674,0.2898167662261674,0.3380103170967192,0.3380103170967192,0.3848085204549832,0.3848085204549832,0.43023718705321456,0.43023718705321456,0.4743313026080472,0.4743313026080472,0.5171282931764757,0.5171282931764757,0.5586656952060813,0.5586656952060813,0.5989803635105182,0.5989803635105182,0.6381082158114501,0.6381082158114501,0.6760841640832359,0.6760841640832359,0.7129421105434893],"compilation_time":39.43387007713318,"equivalence_time":0.00015807151794433594,"hop_count_time":37.309054136276245}