{"topology":"fattree-6","routing_scheme":"resilient random walk","max_failures":-1,"failure_prob":[1,100],"equivalent_to_teleport":false,"min_prob_of_delivery":0.9999760004679912,"avg_prob_of_delivery":0.9999767063355208,"hop_count_cdf":[0.0,0.027544423069145917,0.027544423069145917,0.059062144869999444,0.059062144869999444,0.0915217260398728,0.0915217260398728,0.12385750334354867,0.12385750334354867,0.15570117490967786,0.15570117490967786,0.1869316932924198,0.1869316932924198,0.21751554440314538,0.21751554440314538,0.24745007311921172,0.24745007311921172,0.2767433760984146,0.2767433760984146,0.30540717079395435,0.30540717079395435,0.3334542691316485,0.3334542691316485,0.3608976851144598,0.3608976851144598,0.3877503221567239,0.3877503221567239,0.4140248660557947,0.4140248660557947,0.43973375085200345,0.43973375085200345,0.46488915047120144,0.46488915047120144,0.48950297943565335,0.48950297943565335,0.5135868967137855,0.5135868967137855,0.5371523106063425,0.5371523106063425,0.5602103839245424,0.5602103839245424,0.5827720391976998,0.5827720391976998,0.6048479638187514,0.6048479638187514,0.6264486150967515,0.6264486150967515,0.6475842252068924,0.6475842252068924,0.6682648060361885,0.6682648060361885,0.6885001539256327,0.6885001539256327,0.7082998543105388,0.7082998543105388,0.7276732862610824,0.7276732862610824,0.746629626925124,0.746629626925124,0.7651778558753938,0.7651778558753938,0.7833267593630917,0.7833267593630917,0.801084934479912,0.801084934479912,0.8184607932304648,0.8184607932304648,0.8354625665170223,0.8354625665170223,0.8520983080384766,0.8520983080384766,0.8683758981053582,0.8683758981053582,0.8843030473727193,0.8843030473727193,0.8998873004926531,0.8998873004926531,0.9151360396881768,0.9151360396881768,0.930056488250173,0.930056488250173,0.944655713959045,0.944655713959045,0.9589406324327076,0.9589406324327076,0.9729180104024979,0.9729180104024979,0.9865944689185603,0.9865944689185603,0.9999764864862217],"compilation_time":38.79766607284546,"equivalence_time":0.0017139911651611328,"hop_count_time":51.129822969436646}