{"topology":"fattree-6","routing_scheme":"resilient random walk","max_failures":-1,"failure_prob":[1,16],"equivalent_to_teleport":false,"min_prob_of_delivery":0.9941683918642574,"avg_prob_of_delivery":0.9943398469312159,"hop_count_cdf":[0.0,0.04267322277663726,0.04267322277663726,0.10564236817942502,0.10564236817942502,0.17477667512166528,0.17477667512166528,0.24508529432101006,0.24508529432101006,0.3148195168121261,0.3148195168121261,0.3833803940183094,0.3833803940183094,0.45057642090324823,0.45057642090324823,0.5163601894869937,0.5163601894869937,0.5807349695497224,0.5807349695497224,0.6437215752870284,0.6437215752870284,0.7053466197928009,0.7053466197928009,0.7656383572358721,0.7656383572358721,0.8246252167723727,0.8246252167723727,0.88233529122748,0.88233529122748,0.9387961643160493,0.9387961643160493,0.9940348577821755],"compilation_time":53.067676067352295,"equivalence_time":0.00015306472778320312,"hop_count_time":52.6119270324707}