{
  "topology": "abfattree_4_sw_20",
  "routing_scheme": "shortest path",
  "max_failures": 0,
  "failure_prob": [ 1, 32 ],
  "equivalent_to_teleport": true,
  "min_prob_of_delivery": 1.0,
  "avg_prob_of_delivery": 1.0,
  "hop_count_cdf": [
    0.0, 0.14285714285714285, 0.14285714285714285, 1.0, 1.0, 1.0, 1.0, 1.0,
    1.0, 1.0, 1.0, 1.0, 1.0, 1.0, 1.0, 1.0, 1.0, 1.0, 1.0, 1.0, 1.0, 1.0,
    1.0, 1.0, 1.0, 1.0, 1.0, 1.0, 1.0, 1.0, 1.0, 1.0
  ],
  "compilation_times": [ 0.24386811256408691 ],
  "equivalence_times": [ 0.00011491775512695312 ],
  "hop_count_times": [ 0.2896239757537842 ]
}