{
  "topology": "abfattree_4_sw_20",
  "routing_scheme": "shortest path",
  "max_failures": 2,
  "failure_prob": [ 1, 32 ],
  "equivalent_to_teleport": false,
  "min_prob_of_delivery": 0.96875,
  "avg_prob_of_delivery": 0.9732142857142857,
  "hop_count_cdf": [
    0.0, 0.14285714285714285, 0.14285714285714285, 0.9732142857142857,
    0.9732142857142857, 0.9732142857142857, 0.9732142857142857,
    0.9732142857142857, 0.9732142857142857, 0.9732142857142857,
    0.9732142857142857, 0.9732142857142857, 0.9732142857142857,
    0.9732142857142857, 0.9732142857142857, 0.9732142857142857,
    0.9732142857142857, 0.9732142857142857, 0.9732142857142857,
    0.9732142857142857, 0.9732142857142857, 0.9732142857142857,
    0.9732142857142857, 0.9732142857142857, 0.9732142857142857,
    0.9732142857142857, 0.9732142857142857, 0.9732142857142857,
    0.9732142857142857, 0.9732142857142857, 0.9732142857142857,
    0.9732142857142857
  ],
  "compilation_times": [ 0.2636260986328125 ],
  "equivalence_times": [ 0.00010895729064941406 ],
  "hop_count_times": [ 0.4346299171447754 ]
}