{
  "topology": "abfattree_4_sw_20",
  "routing_scheme": "shortest path",
  "max_failures": 3,
  "failure_prob": [ 1, 16 ],
  "equivalent_to_teleport": false,
  "min_prob_of_delivery": 0.9375,
  "avg_prob_of_delivery": 0.9464285714285714,
  "hop_count_cdf": [
    0.0, 0.14285714285714285, 0.14285714285714285, 0.9464285714285714,
    0.9464285714285714, 0.9464285714285714, 0.9464285714285714,
    0.9464285714285714, 0.9464285714285714, 0.9464285714285714,
    0.9464285714285714, 0.9464285714285714, 0.9464285714285714,
    0.9464285714285714, 0.9464285714285714, 0.9464285714285714,
    0.9464285714285714, 0.9464285714285714, 0.9464285714285714,
    0.9464285714285714, 0.9464285714285714, 0.9464285714285714,
    0.9464285714285714, 0.9464285714285714, 0.9464285714285714,
    0.9464285714285714, 0.9464285714285714, 0.9464285714285714,
    0.9464285714285714, 0.9464285714285714, 0.9464285714285714,
    0.9464285714285714
  ],
  "compilation_times": [ 0.2522392272949219 ],
  "equivalence_times": [ 0.00013494491577148438 ],
  "hop_count_times": [ 1.9779689311981201 ]
}