{
  "topology": "abfattree_4_sw_20",
  "routing_scheme": "shortest path",
  "max_failures": 3,
  "failure_prob": [ 1, 128 ],
  "equivalent_to_teleport": false,
  "min_prob_of_delivery": 0.9921875,
  "avg_prob_of_delivery": 0.9933035714285714,
  "hop_count_cdf": [
    0.0, 0.14285714285714285, 0.14285714285714285, 0.9933035714285714,
    0.9933035714285714, 0.9933035714285714, 0.9933035714285714,
    0.9933035714285714, 0.9933035714285714, 0.9933035714285714,
    0.9933035714285714, 0.9933035714285714, 0.9933035714285714,
    0.9933035714285714, 0.9933035714285714, 0.9933035714285714,
    0.9933035714285714, 0.9933035714285714, 0.9933035714285714,
    0.9933035714285714, 0.9933035714285714, 0.9933035714285714,
    0.9933035714285714, 0.9933035714285714, 0.9933035714285714,
    0.9933035714285714, 0.9933035714285714, 0.9933035714285714,
    0.9933035714285714, 0.9933035714285714, 0.9933035714285714,
    0.9933035714285714
  ],
  "compilation_times": [ 0.2611720561981201 ],
  "equivalence_times": [ 8.893013000488281e-05 ],
  "hop_count_times": [ 1.9635140895843506 ]
}