{
  "topology": "abfattree_4_sw_20",
  "routing_scheme": "shortest path",
  "max_failures": 3,
  "failure_prob": [ 1, 8 ],
  "equivalent_to_teleport": false,
  "min_prob_of_delivery": 0.875,
  "avg_prob_of_delivery": 0.8928571428571429,
  "hop_count_cdf": [
    0.0, 0.14285714285714285, 0.14285714285714285, 0.8928571428571429,
    0.8928571428571429, 0.8928571428571429, 0.8928571428571429,
    0.8928571428571429, 0.8928571428571429, 0.8928571428571429,
    0.8928571428571429, 0.8928571428571429, 0.8928571428571429,
    0.8928571428571429, 0.8928571428571429, 0.8928571428571429,
    0.8928571428571429, 0.8928571428571429, 0.8928571428571429,
    0.8928571428571429, 0.8928571428571429, 0.8928571428571429,
    0.8928571428571429, 0.8928571428571429, 0.8928571428571429,
    0.8928571428571429, 0.8928571428571429, 0.8928571428571429,
    0.8928571428571429, 0.8928571428571429, 0.8928571428571429,
    0.8928571428571429
  ],
  "compilation_times": [ 0.2573230266571045 ],
  "equivalence_times": [ 0.00014209747314453125 ],
  "hop_count_times": [ 2.0103719234466553 ]
}