{
  "topology": "abfattree_4_sw_20",
  "routing_scheme": "shortest path",
  "max_failures": 4,
  "failure_prob": [ 1, 2 ],
  "equivalent_to_teleport": false,
  "min_prob_of_delivery": 0.5,
  "avg_prob_of_delivery": 0.5714285714285714,
  "hop_count_cdf": [
    0.0, 0.14285714285714285, 0.14285714285714285, 0.5714285714285714,
    0.5714285714285714, 0.5714285714285714, 0.5714285714285714,
    0.5714285714285714, 0.5714285714285714, 0.5714285714285714,
    0.5714285714285714, 0.5714285714285714, 0.5714285714285714,
    0.5714285714285714, 0.5714285714285714, 0.5714285714285714,
    0.5714285714285714, 0.5714285714285714, 0.5714285714285714,
    0.5714285714285714, 0.5714285714285714, 0.5714285714285714,
    0.5714285714285714, 0.5714285714285714, 0.5714285714285714,
    0.5714285714285714, 0.5714285714285714, 0.5714285714285714,
    0.5714285714285714, 0.5714285714285714, 0.5714285714285714,
    0.5714285714285714
  ],
  "compilation_times": [ 0.3079230785369873 ],
  "equivalence_times": [ 0.0001308917999267578 ],
  "hop_count_times": [ 2.6186740398406982 ]
}