{
  "topology": "fattree_4_sw_20",
  "routing_scheme": "f10_s1_s2_lr",
  "max_failures": 0,
  "failure_prob": [ 1, 32 ],
  "equivalent_to_teleport": true,
  "min_prob_of_delivery": 1.0,
  "avg_prob_of_delivery": 1.0,
  "hop_count_cdf": [
    0.0, 0.14285714285714285, 0.14285714285714285, 1.0, 1.0, 1.0, 1.0, 1.0,
    1.0, 1.0, 1.0, 1.0, 1.0, 1.0, 1.0, 1.0, 1.0, 1.0, 1.0, 1.0, 1.0, 1.0,
    1.0, 1.0, 1.0, 1.0, 1.0, 1.0, 1.0, 1.0, 1.0, 1.0
  ],
  "compilation_times": [ 0.31554508209228516 ],
  "equivalence_times": [ 0.00013899803161621094 ],
  "hop_count_times": [ 1.0634739398956299 ]
}