{
  "topology": "fattree_4_sw_20",
  "routing_scheme": "f10_s1_s2_lr",
  "max_failures": 1,
  "failure_prob": [ 1, 8 ],
  "equivalent_to_teleport": true,
  "min_prob_of_delivery": 1.0,
  "avg_prob_of_delivery": 1.0,
  "hop_count_cdf": [
    0.0, 0.14285714285714285, 0.14285714285714285, 0.912109375, 0.912109375,
    0.912109375, 0.912109375, 1.0, 1.0, 1.0, 1.0, 1.0, 1.0, 1.0, 1.0, 1.0,
    1.0, 1.0, 1.0, 1.0, 1.0, 1.0, 1.0, 1.0, 1.0, 1.0, 1.0, 1.0, 1.0, 1.0,
    1.0, 1.0
  ],
  "compilation_times": [ 23.076828002929688 ],
  "equivalence_times": [ 0.0001239776611328125 ],
  "hop_count_times": [ 27.10977602005005 ]
}