{
  "topology": "fattree_4_sw_20",
  "routing_scheme": "f10_s1_s2_lr",
  "max_failures": 2,
  "failure_prob": [ 1, 2 ],
  "equivalent_to_teleport": true,
  "min_prob_of_delivery": 1.0,
  "avg_prob_of_delivery": 1.0,
  "hop_count_cdf": [
    0.0, 0.14285714285714285, 0.14285714285714285, 0.625, 0.625, 0.625,
    0.625, 0.9899553571428571, 0.9899553571428571, 0.9899553571428571,
    0.9899553571428571, 1.0, 1.0, 1.0, 1.0, 1.0, 1.0, 1.0, 1.0, 1.0, 1.0,
    1.0, 1.0, 1.0, 1.0, 1.0, 1.0, 1.0, 1.0, 1.0, 1.0, 1.0
  ],
  "compilation_times": [ 23.118680953979492 ],
  "equivalence_times": [ 0.00013208389282226562 ],
  "hop_count_times": [ 29.926212072372437 ]
}