{
  "topology": "fattree_4_sw_20",
  "routing_scheme": "f10_s1_s2_lr",
  "max_failures": 2,
  "failure_prob": [ 1, 128 ],
  "equivalent_to_teleport": true,
  "min_prob_of_delivery": 1.0,
  "avg_prob_of_delivery": 1.0,
  "hop_count_cdf": [
    0.0, 0.14285714285714285, 0.14285714285714285, 0.9933037757873535,
    0.9933037757873535, 0.9933037757873535, 0.9933037757873535,
    0.9999494980100158, 0.9999494980100158, 0.9999494980100158,
    0.9999494980100158, 1.0, 1.0, 1.0, 1.0, 1.0, 1.0, 1.0, 1.0, 1.0, 1.0,
    1.0, 1.0, 1.0, 1.0, 1.0, 1.0, 1.0, 1.0, 1.0, 1.0, 1.0
  ],
  "compilation_times": [ 22.99327278137207 ],
  "equivalence_times": [ 0.0001761913299560547 ],
  "hop_count_times": [ 30.846372842788696 ]
}