{
  "topology": "fattree_4_sw_20",
  "routing_scheme": "f10_s1_s2_lr",
  "max_failures": 2,
  "failure_prob": [ 1, 32 ],
  "equivalent_to_teleport": true,
  "min_prob_of_delivery": 1.0,
  "avg_prob_of_delivery": 1.0,
  "hop_count_cdf": [
    0.0, 0.14285714285714285, 0.14285714285714285, 0.9732273646763393,
    0.9732273646763393, 0.9732273646763393, 0.9732273646763393,
    0.9992742940376047, 0.9992742940376047, 0.9992742940376047,
    0.9992742940376047, 1.0, 1.0, 1.0, 1.0, 1.0, 1.0, 1.0, 1.0, 1.0, 1.0,
    1.0, 1.0, 1.0, 1.0, 1.0, 1.0, 1.0, 1.0, 1.0, 1.0, 1.0
  ],
  "compilation_times": [ 23.289825916290283 ],
  "equivalence_times": [ 0.0011241436004638672 ],
  "hop_count_times": [ 29.556440830230713 ]
}