{
  "topology": "fattree_4_sw_20",
  "routing_scheme": "f10_s1_s2_lr",
  "max_failures": 2,
  "failure_prob": [ 1, 64 ],
  "equivalent_to_teleport": true,
  "min_prob_of_delivery": 1.0,
  "avg_prob_of_delivery": 1.0,
  "hop_count_cdf": [
    0.0, 0.14285714285714285, 0.14285714285714285, 0.9866087777273995,
    0.9866087777273995, 0.9866087777273995, 0.9866087777273995,
    0.9998050472725026, 0.9998050472725026, 0.9998050472725026,
    0.9998050472725026, 1.0, 1.0, 1.0, 1.0, 1.0, 1.0, 1.0, 1.0, 1.0, 1.0,
    1.0, 1.0, 1.0, 1.0, 1.0, 1.0, 1.0, 1.0, 1.0, 1.0, 1.0
  ],
  "compilation_times": [ 23.291377067565918 ],
  "equivalence_times": [ 0.0001239776611328125 ],
  "hop_count_times": [ 29.970637798309326 ]
}