{
  "topology": "fattree_4_sw_20",
  "routing_scheme": "f10_s1_s2_lr",
  "max_failures": 3,
  "failure_prob": [ 1, 4 ],
  "equivalent_to_teleport": true,
  "min_prob_of_delivery": 1.0,
  "avg_prob_of_delivery": 1.0,
  "hop_count_cdf": [
    0.0, 0.14285714285714285, 0.14285714285714285, 0.7857142857142857,
    0.7857142857142857, 0.7857142857142857, 0.7857142857142857,
    0.9632742745535714, 0.9632742745535714, 0.9632742745535714,
    0.9632742745535714, 0.9984357357025146, 0.9984357357025146,
    0.9984357357025146, 0.9984357357025146, 1.0, 1.0, 1.0, 1.0, 1.0, 1.0,
    1.0, 1.0, 1.0, 1.0, 1.0, 1.0, 1.0, 1.0, 1.0, 1.0, 1.0
  ],
  "compilation_times": [ 22.986632108688354 ],
  "equivalence_times": [ 0.00012183189392089844 ],
  "hop_count_times": [ 34.29345989227295 ]
}