{
  "topology": "fattree_4_sw_20",
  "routing_scheme": "f10_s1_s2_lr",
  "max_failures": 3,
  "failure_prob": [ 1, 128 ],
  "equivalent_to_teleport": true,
  "min_prob_of_delivery": 1.0,
  "avg_prob_of_delivery": 1.0,
  "hop_count_cdf": [
    0.0, 0.14285714285714285, 0.14285714285714285, 0.9933035714285714,
    0.9933035714285714, 0.9933035714285714, 0.9933035714285714,
    0.9999477093491385, 0.9999477093491385, 0.9999477093491385,
    0.9999477093491385, 0.9999996146283383, 0.9999996146283383,
    0.9999996146283383, 0.9999996146283383, 1.0, 1.0, 1.0, 1.0, 1.0, 1.0,
    1.0, 1.0, 1.0, 1.0, 1.0, 1.0, 1.0, 1.0, 1.0, 1.0, 1.0
  ],
  "compilation_times": [ 22.97074007987976 ],
  "equivalence_times": [ 0.00019311904907226562 ],
  "hop_count_times": [ 34.32750487327576 ]
}