{
  "topology": "fattree_4_sw_20",
  "routing_scheme": "f10_s1_s2_lr",
  "max_failures": 3,
  "failure_prob": [ 1, 8 ],
  "equivalent_to_teleport": true,
  "min_prob_of_delivery": 1.0,
  "avg_prob_of_delivery": 1.0,
  "hop_count_cdf": [
    0.0, 0.14285714285714285, 0.14285714285714285, 0.8928571428571429,
    0.8928571428571429, 0.8928571428571429, 0.8928571428571429,
    0.9879436492919922, 0.9879436492919922, 0.9879436492919922,
    0.9879436492919922, 0.9993836734211072, 0.9993836734211072,
    0.9993836734211072, 0.9993836734211072, 1.0, 1.0, 1.0, 1.0, 1.0, 1.0,
    1.0, 1.0, 1.0, 1.0, 1.0, 1.0, 1.0, 1.0, 1.0, 1.0, 1.0
  ],
  "compilation_times": [ 23.113380908966064 ],
  "equivalence_times": [ 0.00015997886657714844 ],
  "hop_count_times": [ 34.07325196266174 ]
}