{
  "topology": "fattree_4_sw_20",
  "routing_scheme": "f10_s1_s2_lr",
  "max_failures": 4,
  "failure_prob": [ 1, 32 ],
  "equivalent_to_teleport": false,
  "min_prob_of_delivery": 0.9999990463256836,
  "avg_prob_of_delivery": 0.9999991825648716,
  "hop_count_cdf": [
    0.0, 0.14285714285714285, 0.14285714285714285, 0.9732142857142857,
    0.9732142857142857, 0.9732142857142857, 0.9732142857142857,
    0.9991623006977274, 0.9991623006977274, 0.9991623006977274,
    0.9991623006977274, 0.9999735816574488, 0.9999735816574488,
    0.9999735816574488, 0.9999735816574488, 0.9999985967896087,
    0.9999985967896087, 0.9999985967896087, 0.9999985967896087,
    0.9999991825648716, 0.9999991825648716, 0.9999991825648716,
    0.9999991825648716, 0.9999991825648716, 0.9999991825648716,
    0.9999991825648716, 0.9999991825648716, 0.9999991825648716,
    0.9999991825648716, 0.9999991825648716, 0.9999991825648716,
    0.9999991825648716
  ],
  "compilation_times": [ 22.902146816253662 ],
  "equivalence_times": [ 0.0001049041748046875 ],
  "hop_count_times": [ 39.03545808792114 ]
}