{
  "topology": "fattree_4_sw_20",
  "routing_scheme": "f10_s1_s2_lr",
  "max_failures": 4,
  "failure_prob": [ 1, 128 ],
  "equivalent_to_teleport": false,
  "min_prob_of_delivery": 0.9999999962747097,
  "avg_prob_of_delivery": 0.999999996806894,
  "hop_count_cdf": [
    0.0, 0.14285714285714285, 0.14285714285714285, 0.9933035714285714,
    0.9933035714285714, 0.9933035714285714, 0.9933035714285714,
    0.9999476811315533, 0.9999476811315533, 0.9999476811315533,
    0.9999476811315533, 0.9999995886830131, 0.9999995886830131,
    0.9999995886830131, 0.9999995886830131, 0.9999999938661918,
    0.9999999938661918, 0.9999999938661918, 0.9999999938661918,
    0.999999996806894, 0.999999996806894, 0.999999996806894,
    0.999999996806894, 0.999999996806894, 0.999999996806894,
    0.999999996806894, 0.999999996806894, 0.999999996806894,
    0.999999996806894, 0.999999996806894, 0.999999996806894,
    0.999999996806894
  ],
  "compilation_times": [ 22.76585102081299 ],
  "equivalence_times": [ 0.00015997886657714844 ],
  "hop_count_times": [ 39.68303990364075 ]
}