{
  "topology": "fattree_4_sw_20",
  "routing_scheme": "f10_s1_s2_lr",
  "max_failures": 4,
  "failure_prob": [ 1, 4 ],
  "equivalent_to_teleport": false,
  "min_prob_of_delivery": 0.99609375,
  "avg_prob_of_delivery": 0.9966517857142857,
  "hop_count_cdf": [
    0.0, 0.14285714285714285, 0.14285714285714285, 0.7857142857142857,
    0.7857142857142857, 0.7857142857142857, 0.7857142857142857,
    0.9472133091517857, 0.9472133091517857, 0.9472133091517857,
    0.9472133091517857, 0.9912141050611224, 0.9912141050611224,
    0.9912141050611224, 0.9912141050611224, 0.9964868047141603,
    0.9964868047141603, 0.9964868047141603, 0.9964868047141603,
    0.9966517857142857, 0.9966517857142857, 0.9966517857142857,
    0.9966517857142857, 0.9966517857142857, 0.9966517857142857,
    0.9966517857142857, 0.9966517857142857, 0.9966517857142857,
    0.9966517857142857, 0.9966517857142857, 0.9966517857142857,
    0.9966517857142857
  ],
  "compilation_times": [ 22.929471969604492 ],
  "equivalence_times": [ 0.0009069442749023438 ],
  "hop_count_times": [ 39.31197690963745 ]
}