{
  "topology": "fattree_4_sw_20",
  "routing_scheme": "f10_s1_s2_lr",
  "max_failures": 4,
  "failure_prob": [ 1, 64 ],
  "equivalent_to_teleport": false,
  "min_prob_of_delivery": 0.9999999403953552,
  "avg_prob_of_delivery": 0.9999999489103045,
  "hop_count_cdf": [
    0.0, 0.14285714285714285, 0.14285714285714285, 0.9866071428571429,
    0.9866071428571429, 0.9866071428571429, 0.9866071428571429,
    0.9997906909937099, 0.9997906909937099, 0.9997906909937099,
    0.9997906909937099, 0.9999966976227463, 0.9999966976227463,
    0.9999966976227463, 0.9999966976227463, 0.9999999056058252,
    0.9999999056058252, 0.9999999056058252, 0.9999999056058252,
    0.9999999489103045, 0.9999999489103045, 0.9999999489103045,
    0.9999999489103045, 0.9999999489103045, 0.9999999489103045,
    0.9999999489103045, 0.9999999489103045, 0.9999999489103045,
    0.9999999489103045, 0.9999999489103045, 0.9999999489103045,
    0.9999999489103045
  ],
  "compilation_times": [ 22.917712926864624 ],
  "equivalence_times": [ 0.00017595291137695312 ],
  "hop_count_times": [ 39.40664100646973 ]
}