{
  "topology": "fattree_4_sw_20",
  "routing_scheme": "f10_s1_s2_lr",
  "max_failures": 4,
  "failure_prob": [ 1, 16 ],
  "equivalent_to_teleport": false,
  "min_prob_of_delivery": 0.9999847412109375,
  "avg_prob_of_delivery": 0.9999869210379464,
  "hop_count_cdf": [
    0.0, 0.14285714285714285, 0.14285714285714285, 0.9464285714285714,
    0.9464285714285714, 0.9464285714285714, 0.9464285714285714,
    0.9966439785701888, 0.9966439785701888, 0.9966439785701888,
    0.9966439785701888, 0.9997935088945026, 0.9997935088945026,
    0.9997935088945026, 0.9997935088945026, 0.9999802759955025,
    0.9999802759955025, 0.9999802759955025, 0.9999802759955025,
    0.9999869210379464, 0.9999869210379464, 0.9999869210379464,
    0.9999869210379464, 0.9999869210379464, 0.9999869210379464,
    0.9999869210379464, 0.9999869210379464, 0.9999869210379464,
    0.9999869210379464, 0.9999869210379464, 0.9999869210379464,
    0.9999869210379464
  ],
  "compilation_times": [ 23.130722999572754 ],
  "equivalence_times": [ 0.0001590251922607422 ],
  "hop_count_times": [ 39.217108964920044 ]
}