{
  "topology": "fattree_4_sw_20",
  "routing_scheme": "f10_s1_s2_lr",
  "max_failures": 4,
  "failure_prob": [ 1, 8 ],
  "equivalent_to_teleport": false,
  "min_prob_of_delivery": 0.999755859375,
  "avg_prob_of_delivery": 0.9997907366071429,
  "hop_count_cdf": [
    0.0, 0.14285714285714285, 0.14285714285714285, 0.8928571428571429,
    0.8928571428571429, 0.8928571428571429, 0.8928571428571429,
    0.9865527834211077, 0.9865527834211077, 0.9865527834211077,
    0.9865527834211077, 0.9985169950107645, 0.9985169950107645,
    0.9985169950107645, 0.9985169950107645, 0.9997391252749749,
    0.9997391252749749, 0.9997391252749749, 0.9997391252749749,
    0.9997907366071429, 0.9997907366071429, 0.9997907366071429,
    0.9997907366071429, 0.9997907366071429, 0.9997907366071429,
    0.9997907366071429, 0.9997907366071429, 0.9997907366071429,
    0.9997907366071429, 0.9997907366071429, 0.9997907366071429,
    0.9997907366071429
  ],
  "compilation_times": [ 22.528345823287964 ],
  "equivalence_times": [ 0.0001010894775390625 ],
  "hop_count_times": [ 39.80735802650452 ]
}