{
  "topology": "fattree_4_sw_20",
  "routing_scheme": "f10_s1_s2_lr",
  "max_failures": 4,
  "failure_prob": [ 1, 2 ],
  "equivalent_to_teleport": false,
  "min_prob_of_delivery": 0.9375,
  "avg_prob_of_delivery": 0.9464285714285714,
  "hop_count_cdf": [
    0.0, 0.14285714285714285, 0.14285714285714285, 0.5714285714285714,
    0.5714285714285714, 0.5714285714285714, 0.5714285714285714,
    0.8191964285714286, 0.8191964285714286, 0.8191964285714286,
    0.8191964285714286, 0.9411969866071429, 0.9411969866071429,
    0.9411969866071429, 0.9411969866071429, 0.9463893345424107,
    0.9463893345424107, 0.9463893345424107, 0.9463893345424107,
    0.9464285714285714, 0.9464285714285714, 0.9464285714285714,
    0.9464285714285714, 0.9464285714285714, 0.9464285714285714,
    0.9464285714285714, 0.9464285714285714, 0.9464285714285714,
    0.9464285714285714, 0.9464285714285714, 0.9464285714285714,
    0.9464285714285714
  ],
  "compilation_times": [ 23.415183067321777 ],
  "equivalence_times": [ 0.00011587142944335938 ],
  "hop_count_times": [ 39.63811802864075 ]
}