{
  "topology": "fattree_4_sw_20",
  "routing_scheme": "f10_s1_s2_lr",
  "max_failures": -1,
  "failure_prob": [ 1, 2 ],
  "equivalent_to_teleport": false,
  "min_prob_of_delivery": 0.8888888888888888,
  "avg_prob_of_delivery": 0.9047619047619048,
  "hop_count_cdf": [
    0.0, 0.14285714285714285, 0.14285714285714285, 0.5720045827040661,
    0.5720045827040661, 0.5720045827040661, 0.5720045827040661,
    0.759756587637095, 0.759756587637095, 0.759756587637095,
    0.759756587637095, 0.8418980897952952, 0.8418980897952952,
    0.8418980897952952, 0.8418980897952952, 0.8778349969895077,
    0.8778349969895077, 0.8778349969895077, 0.8778349969895077,
    0.8935573938869757, 0.8935573938869757, 0.8935573938869757,
    0.8935573938869757, 0.900435942529618, 0.900435942529618,
    0.900435942529618, 0.900435942529618, 0.903445307560774,
    0.903445307560774, 0.903445307560774, 0.903445307560774,
    0.9047619047619048
  ],
  "compilation_times": [ 23.007949829101562 ],
  "equivalence_times": [ 9.894371032714844e-05 ],
  "hop_count_times": [ 25.68531107902527 ]
}