{
  "topology": "fattree_4_sw_20",
  "routing_scheme": "f10_s1_s2_lr",
  "max_failures": -1,
  "failure_prob": [ 1, 4 ],
  "equivalent_to_teleport": false,
  "min_prob_of_delivery": 0.9948186528497409,
  "avg_prob_of_delivery": 0.9955588452997779,
  "hop_count_cdf": [
    0.0, 0.14285714285714285, 0.14285714285714285, 0.7857229338996428,
    0.7857229338996428, 0.7857229338996428, 0.7857229338996428,
    0.9439281871640079, 0.9439281871640079, 0.9439281871640079,
    0.9439281871640079, 0.9828615112095354, 0.9828615112095354,
    0.9828615112095354, 0.9828615112095354, 0.9924427589238644,
    0.9924427589238644, 0.9924427589238644, 0.9924427589238644,
    0.9948006441035625, 0.9948006441035625, 0.9948006441035625,
    0.9948006441035625, 0.9953809049095038, 0.9953809049095038,
    0.9953809049095038, 0.9953809049095038, 0.995523703467216,
    0.995523703467216, 0.995523703467216, 0.995523703467216,
    0.9955588452997779
  ],
  "compilation_times": [ 23.130844116210938 ],
  "equivalence_times": [ 0.00014090538024902344 ],
  "hop_count_times": [ 25.61758589744568 ]
}