{
  "topology": "fattree_4_sw_20",
  "routing_scheme": "f10_s1_s2_lr",
  "max_failures": -1,
  "failure_prob": [ 1, 64 ],
  "equivalent_to_teleport": false,
  "min_prob_of_delivery": 0.9999999394492535,
  "avg_prob_of_delivery": 0.9999999480993601,
  "hop_count_cdf": [
    0.0, 0.14285714285714285, 0.14285714285714285, 0.9866071428571459,
    0.9866071428571459, 0.9866071428571459, 0.9866071428571459,
    0.9997906863157269, 0.9997906863157269, 0.9997906863157269,
    0.9997906863157269, 0.9999966783964668, 0.9999966783964668,
    0.9999966783964668, 0.9999966783964668, 0.9999998970104502,
    0.9999998970104502, 0.9999998970104502, 0.9999998970104502,
    0.9999999473011019, 0.9999999473011019, 0.9999999473011019,
    0.9999999473011019, 0.9999999480868903, 0.9999999480868903,
    0.9999999480868903, 0.9999999480868903, 0.9999999480991683,
    0.9999999480991683, 0.9999999480991683, 0.9999999480991683,
    0.9999999480993601
  ],
  "compilation_times": [ 22.94611406326294 ],
  "equivalence_times": [ 9.393692016601562e-05 ],
  "hop_count_times": [ 25.720453023910522 ]
}