{
  "topology": "fattree_4_sw_20",
  "routing_scheme": "f10_s1_s2_lr",
  "max_failures": -1,
  "failure_prob": [ 1, 32 ],
  "equivalent_to_teleport": false,
  "min_prob_of_delivery": 0.9999990155629651,
  "avg_prob_of_delivery": 0.9999991561968272,
  "hop_count_cdf": [
    0.0, 0.14285714285714285, 0.14285714285714285, 0.9732142857150408,
    0.9732142857150408, 0.9732142857150408, 0.9732142857150408,
    0.9991621545390694, 0.9991621545390694, 0.9991621545390694,
    0.9991621545390694, 0.9999730006940043, 0.9999730006940043,
    0.9999730006940043, 0.9999730006940043, 0.9999983388630629,
    0.9999983388630629, 0.9999983388630629, 0.9999983388630629,
    0.9999991306566816, 0.9999991306566816, 0.9999991306566816,
    0.9999991306566816, 0.999999155399477, 0.999999155399477,
    0.999999155399477, 0.999999155399477, 0.9999991561726658,
    0.9999991561726658, 0.9999991561726658, 0.9999991561726658,
    0.9999991561968272
  ],
  "compilation_times": [ 23.07626509666443 ],
  "equivalence_times": [ 9.894371032714844e-05 ],
  "hop_count_times": [ 25.918957948684692 ]
}