{
  "topology": "fattree_4_sw_20",
  "routing_scheme": "f10_s1_s2_lr",
  "max_failures": -1,
  "failure_prob": [ 1, 8 ],
  "equivalent_to_teleport": false,
  "min_prob_of_delivery": 0.999721059972106,
  "avg_prob_of_delivery": 0.9997609085475194,
  "hop_count_cdf": [
    0.0, 0.14285714285714285, 0.14285714285714285, 0.8928571868668933,
    0.8928571868668933, 0.8928571868668933, 0.8928571868668933,
    0.9864240868886176, 0.9864240868886176, 0.9864240868886176,
    0.9864240868886176, 0.9980971059098824, 0.9980971059098824,
    0.9980971059098824, 0.9980971059098824, 0.9995533834293812,
    0.9995533834293812, 0.9995533834293812, 0.9995533834293812,
    0.9997350625828146, 0.9997350625828146, 0.9997350625828146,
    0.9997350625828146, 0.9997577281217318, 0.9997577281217318,
    0.9997577281217318, 0.9997577281217318, 0.9997605557805176,
    0.9997605557805176, 0.9997605557805176, 0.9997605557805176,
    0.9997609085475194
  ],
  "compilation_times": [ 22.911911964416504 ],
  "equivalence_times": [ 0.00011897087097167969 ],
  "hop_count_times": [ 25.87502908706665 ]
}