{
  "topology": "fattree_4_sw_20",
  "routing_scheme": "f10_s1_s2_lr",
  "max_failures": -1,
  "failure_prob": [ 1, 128 ],
  "equivalent_to_teleport": false,
  "min_prob_of_delivery": 0.9999999962453767,
  "avg_prob_of_delivery": 0.9999999967817514,
  "hop_count_cdf": [
    0.0, 0.14285714285714285, 0.14285714285714285, 0.9933035714285714,
    0.9933035714285714, 0.9933035714285714, 0.9933035714285714,
    0.9999476809836259, 0.9999476809836259, 0.9999476809836259,
    0.9999476809836259, 0.9999995880647735, 0.9999995880647735,
    0.9999995880647735, 0.9999995880647735, 0.9999999935886517,
    0.9999999935886517, 0.9999999935886517, 0.9999999935886517,
    0.9999999967568054, 0.9999999967568054, 0.9999999967568054,
    0.9999999967568054, 0.9999999967815566, 0.9999999967815566,
    0.9999999967815566, 0.9999999967815566, 0.99999999678175,
    0.99999999678175, 0.99999999678175, 0.99999999678175, 0.9999999967817514
  ],
  "compilation_times": [ 22.69285798072815 ],
  "equivalence_times": [ 0.0001499652862548828 ],
  "hop_count_times": [ 25.64833402633667 ]
}