{
  "topology": "fattree_4_sw_20",
  "routing_scheme": "f10_s1_s2_lr",
  "max_failures": -1,
  "failure_prob": [ 1, 16 ],
  "equivalent_to_teleport": false,
  "min_prob_of_delivery": 0.9999837242232386,
  "avg_prob_of_delivery": 0.9999860493342044,
  "hop_count_cdf": [
    0.0, 0.14285714285714285, 0.14285714285714285, 0.9464285716153024,
    0.9464285716153024, 0.9464285716153024, 0.9464285716153024,
    0.9966395243857593, 0.9966395243857593, 0.9966395243857593,
    0.9966395243857593, 0.9997769427755758, 0.9997769427755758,
    0.9997769427755758, 0.9997769427755758, 0.999972983551734,
    0.999972983551734, 0.999972983551734, 0.999972983551734,
    0.9999852331088991, 0.9999852331088991, 0.9999852331088991,
    0.9999852331088991, 0.9999859985193085, 0.9999859985193085,
    0.9999859985193085, 0.9999859985193085, 0.9999860463457798,
    0.9999860463457798, 0.9999860463457798, 0.9999860463457798,
    0.9999860493342044
  ],
  "compilation_times": [ 23.170939207077026 ],
  "equivalence_times": [ 0.00010585784912109375 ],
  "hop_count_times": [ 26.03549289703369 ]
}