{
  "topology": "abfattree_4_sw_20",
  "routing_scheme": "f10_no_lr",
  "max_failures": 1,
  "failure_prob": [ 1, 2 ],
  "equivalent_to_teleport": false,
  "min_prob_of_delivery": 0.6875,
  "avg_prob_of_delivery": 0.7321428571428571,
  "hop_count_cdf": [
    0.0, 0.14285714285714285, 0.14285714285714285, 0.7321428571428571,
    0.7321428571428571, 0.7321428571428571, 0.7321428571428571,
    0.7321428571428571, 0.7321428571428571, 0.7321428571428571,
    0.7321428571428571, 0.7321428571428571, 0.7321428571428571,
    0.7321428571428571, 0.7321428571428571, 0.7321428571428571,
    0.7321428571428571, 0.7321428571428571, 0.7321428571428571,
    0.7321428571428571, 0.7321428571428571, 0.7321428571428571,
    0.7321428571428571, 0.7321428571428571, 0.7321428571428571,
    0.7321428571428571, 0.7321428571428571, 0.7321428571428571,
    0.7321428571428571, 0.7321428571428571, 0.7321428571428571,
    0.7321428571428571
  ],
  "compilation_times": [ 16.586458921432495 ],
  "equivalence_times": [ 0.00011897087097167969 ],
  "hop_count_times": [ 20.298331022262573 ]
}