{
  "topology": "abfattree_4_sw_20",
  "routing_scheme": "f10_no_lr",
  "max_failures": 1,
  "failure_prob": [ 1, 16 ],
  "equivalent_to_teleport": false,
  "min_prob_of_delivery": 0.9412841796875,
  "avg_prob_of_delivery": 0.9496721540178571,
  "hop_count_cdf": [
    0.0, 0.14285714285714285, 0.14285714285714285, 0.9496721540178571,
    0.9496721540178571, 0.9496721540178571, 0.9496721540178571,
    0.9496721540178571, 0.9496721540178571, 0.9496721540178571,
    0.9496721540178571, 0.9496721540178571, 0.9496721540178571,
    0.9496721540178571, 0.9496721540178571, 0.9496721540178571,
    0.9496721540178571, 0.9496721540178571, 0.9496721540178571,
    0.9496721540178571, 0.9496721540178571, 0.9496721540178571,
    0.9496721540178571, 0.9496721540178571, 0.9496721540178571,
    0.9496721540178571, 0.9496721540178571, 0.9496721540178571,
    0.9496721540178571, 0.9496721540178571, 0.9496721540178571,
    0.9496721540178571
  ],
  "compilation_times": [ 16.365387201309204 ],
  "equivalence_times": [ 0.00010776519775390625 ],
  "hop_count_times": [ 20.294945001602173 ]
}