{
  "topology": "abfattree_4_sw_20",
  "routing_scheme": "f10_no_lr",
  "max_failures": 1,
  "failure_prob": [ 1, 32 ],
  "equivalent_to_teleport": false,
  "min_prob_of_delivery": 0.9697113037109375,
  "avg_prob_of_delivery": 0.9740382603236607,
  "hop_count_cdf": [
    0.0, 0.14285714285714285, 0.14285714285714285, 0.9740382603236607,
    0.9740382603236607, 0.9740382603236607, 0.9740382603236607,
    0.9740382603236607, 0.9740382603236607, 0.9740382603236607,
    0.9740382603236607, 0.9740382603236607, 0.9740382603236607,
    0.9740382603236607, 0.9740382603236607, 0.9740382603236607,
    0.9740382603236607, 0.9740382603236607, 0.9740382603236607,
    0.9740382603236607, 0.9740382603236607, 0.9740382603236607,
    0.9740382603236607, 0.9740382603236607, 0.9740382603236607,
    0.9740382603236607, 0.9740382603236607, 0.9740382603236607,
    0.9740382603236607, 0.9740382603236607, 0.9740382603236607,
    0.9740382603236607
  ],
  "compilation_times": [ 16.5127170085907 ],
  "equivalence_times": [ 7.605552673339844e-05 ],
  "hop_count_times": [ 20.335983991622925 ]
}