{
  "topology": "abfattree_4_sw_20",
  "routing_scheme": "f10_no_lr",
  "max_failures": 1,
  "failure_prob": [ 1, 4 ],
  "equivalent_to_teleport": false,
  "min_prob_of_delivery": 0.8046875,
  "avg_prob_of_delivery": 0.8325892857142857,
  "hop_count_cdf": [
    0.0, 0.14285714285714285, 0.14285714285714285, 0.8325892857142857,
    0.8325892857142857, 0.8325892857142857, 0.8325892857142857,
    0.8325892857142857, 0.8325892857142857, 0.8325892857142857,
    0.8325892857142857, 0.8325892857142857, 0.8325892857142857,
    0.8325892857142857, 0.8325892857142857, 0.8325892857142857,
    0.8325892857142857, 0.8325892857142857, 0.8325892857142857,
    0.8325892857142857, 0.8325892857142857, 0.8325892857142857,
    0.8325892857142857, 0.8325892857142857, 0.8325892857142857,
    0.8325892857142857, 0.8325892857142857, 0.8325892857142857,
    0.8325892857142857, 0.8325892857142857, 0.8325892857142857,
    0.8325892857142857
  ],
  "compilation_times": [ 16.727864980697632 ],
  "equivalence_times": [ 0.0001480579376220703 ],
  "hop_count_times": [ 20.398059129714966 ]
}