{
  "topology": "abfattree_4_sw_20",
  "routing_scheme": "f10_no_lr",
  "max_failures": 1,
  "failure_prob": [ 1, 64 ],
  "equivalent_to_teleport": false,
  "min_prob_of_delivery": 0.9846172332763672,
  "avg_prob_of_delivery": 0.9868147713797433,
  "hop_count_cdf": [
    0.0, 0.14285714285714285, 0.14285714285714285, 0.9868147713797433,
    0.9868147713797433, 0.9868147713797433, 0.9868147713797433,
    0.9868147713797433, 0.9868147713797433, 0.9868147713797433,
    0.9868147713797433, 0.9868147713797433, 0.9868147713797433,
    0.9868147713797433, 0.9868147713797433, 0.9868147713797433,
    0.9868147713797433, 0.9868147713797433, 0.9868147713797433,
    0.9868147713797433, 0.9868147713797433, 0.9868147713797433,
    0.9868147713797433, 0.9868147713797433, 0.9868147713797433,
    0.9868147713797433, 0.9868147713797433, 0.9868147713797433,
    0.9868147713797433, 0.9868147713797433, 0.9868147713797433,
    0.9868147713797433
  ],
  "compilation_times": [ 16.56313681602478 ],
  "equivalence_times": [ 0.00014090538024902344 ],
  "hop_count_times": [ 20.333672046661377 ]
}