{
  "topology": "abfattree_4_sw_20",
  "routing_scheme": "f10_no_lr",
  "max_failures": 1,
  "failure_prob": [ 1, 128 ],
  "equivalent_to_teleport": false,
  "min_prob_of_delivery": 0.9922482967376709,
  "avg_prob_of_delivery": 0.9933556829180036,
  "hop_count_cdf": [
    0.0, 0.14285714285714285, 0.14285714285714285, 0.9933556829180036,
    0.9933556829180036, 0.9933556829180036, 0.9933556829180036,
    0.9933556829180036, 0.9933556829180036, 0.9933556829180036,
    0.9933556829180036, 0.9933556829180036, 0.9933556829180036,
    0.9933556829180036, 0.9933556829180036, 0.9933556829180036,
    0.9933556829180036, 0.9933556829180036, 0.9933556829180036,
    0.9933556829180036, 0.9933556829180036, 0.9933556829180036,
    0.9933556829180036, 0.9933556829180036, 0.9933556829180036,
    0.9933556829180036, 0.9933556829180036, 0.9933556829180036,
    0.9933556829180036, 0.9933556829180036, 0.9933556829180036,
    0.9933556829180036
  ],
  "compilation_times": [ 16.740535974502563 ],
  "equivalence_times": [ 0.0003840923309326172 ],
  "hop_count_times": [ 20.44148302078247 ]
}