{
  "topology": "abfattree_4_sw_20",
  "routing_scheme": "f10_no_lr",
  "max_failures": 2,
  "failure_prob": [ 1, 128 ],
  "equivalent_to_teleport": false,
  "min_prob_of_delivery": 0.9921877384185791,
  "avg_prob_of_delivery": 0.9933037757873535,
  "hop_count_cdf": [
    0.0, 0.14285714285714285, 0.14285714285714285, 0.9933037757873535,
    0.9933037757873535, 0.9933037757873535, 0.9933037757873535,
    0.9933037757873535, 0.9933037757873535, 0.9933037757873535,
    0.9933037757873535, 0.9933037757873535, 0.9933037757873535,
    0.9933037757873535, 0.9933037757873535, 0.9933037757873535,
    0.9933037757873535, 0.9933037757873535, 0.9933037757873535,
    0.9933037757873535, 0.9933037757873535, 0.9933037757873535,
    0.9933037757873535, 0.9933037757873535, 0.9933037757873535,
    0.9933037757873535, 0.9933037757873535, 0.9933037757873535,
    0.9933037757873535, 0.9933037757873535, 0.9933037757873535,
    0.9933037757873535
  ],
  "compilation_times": [ 16.561405897140503 ],
  "equivalence_times": [ 0.00010800361633300781 ],
  "hop_count_times": [ 22.939697980880737 ]
}