{
  "topology": "abfattree_4_sw_20",
  "routing_scheme": "f10_no_lr",
  "max_failures": 2,
  "failure_prob": [ 1, 2 ],
  "equivalent_to_teleport": false,
  "min_prob_of_delivery": 0.5625,
  "avg_prob_of_delivery": 0.625,
  "hop_count_cdf": [
    0.0, 0.14285714285714285, 0.14285714285714285, 0.625, 0.625, 0.625,
    0.625, 0.625, 0.625, 0.625, 0.625, 0.625, 0.625, 0.625, 0.625, 0.625,
    0.625, 0.625, 0.625, 0.625, 0.625, 0.625, 0.625, 0.625, 0.625, 0.625,
    0.625, 0.625, 0.625, 0.625, 0.625, 0.625
  ],
  "compilation_times": [ 16.46103811264038 ],
  "equivalence_times": [ 9.799003601074219e-05 ],
  "hop_count_times": [ 22.850677013397217 ]
}