{
  "topology": "abfattree_4_sw_20",
  "routing_scheme": "f10_no_lr",
  "max_failures": 2,
  "failure_prob": [ 1, 8 ],
  "equivalent_to_teleport": false,
  "min_prob_of_delivery": 0.8759765625,
  "avg_prob_of_delivery": 0.8936941964285714,
  "hop_count_cdf": [
    0.0, 0.14285714285714285, 0.14285714285714285, 0.8936941964285714,
    0.8936941964285714, 0.8936941964285714, 0.8936941964285714,
    0.8936941964285714, 0.8936941964285714, 0.8936941964285714,
    0.8936941964285714, 0.8936941964285714, 0.8936941964285714,
    0.8936941964285714, 0.8936941964285714, 0.8936941964285714,
    0.8936941964285714, 0.8936941964285714, 0.8936941964285714,
    0.8936941964285714, 0.8936941964285714, 0.8936941964285714,
    0.8936941964285714, 0.8936941964285714, 0.8936941964285714,
    0.8936941964285714, 0.8936941964285714, 0.8936941964285714,
    0.8936941964285714, 0.8936941964285714, 0.8936941964285714,
    0.8936941964285714
  ],
  "compilation_times": [ 16.471521139144897 ],
  "equivalence_times": [ 7.414817810058594e-05 ],
  "hop_count_times": [ 22.938613891601562 ]
}