{
  "topology": "abfattree_4_sw_20",
  "routing_scheme": "f10_no_lr",
  "max_failures": 2,
  "failure_prob": [ 1, 4 ],
  "equivalent_to_teleport": false,
  "min_prob_of_delivery": 0.7578125,
  "avg_prob_of_delivery": 0.7924107142857143,
  "hop_count_cdf": [
    0.0, 0.14285714285714285, 0.14285714285714285, 0.7924107142857143,
    0.7924107142857143, 0.7924107142857143, 0.7924107142857143,
    0.7924107142857143, 0.7924107142857143, 0.7924107142857143,
    0.7924107142857143, 0.7924107142857143, 0.7924107142857143,
    0.7924107142857143, 0.7924107142857143, 0.7924107142857143,
    0.7924107142857143, 0.7924107142857143, 0.7924107142857143,
    0.7924107142857143, 0.7924107142857143, 0.7924107142857143,
    0.7924107142857143, 0.7924107142857143, 0.7924107142857143,
    0.7924107142857143, 0.7924107142857143, 0.7924107142857143,
    0.7924107142857143, 0.7924107142857143, 0.7924107142857143,
    0.7924107142857143
  ],
  "compilation_times": [ 16.598366022109985 ],
  "equivalence_times": [ 0.00013303756713867188 ],
  "hop_count_times": [ 22.75803804397583 ]
}