{
  "topology": "abfattree_4_sw_20",
  "routing_scheme": "f10_no_lr",
  "max_failures": 4,
  "failure_prob": [ 1, 2 ],
  "equivalent_to_teleport": false,
  "min_prob_of_delivery": 0.5,
  "avg_prob_of_delivery": 0.5714285714285714,
  "hop_count_cdf": [
    0.0, 0.14285714285714285, 0.14285714285714285, 0.5714285714285714,
    0.5714285714285714, 0.5714285714285714, 0.5714285714285714,
    0.5714285714285714, 0.5714285714285714, 0.5714285714285714,
    0.5714285714285714, 0.5714285714285714, 0.5714285714285714,
    0.5714285714285714, 0.5714285714285714, 0.5714285714285714,
    0.5714285714285714, 0.5714285714285714, 0.5714285714285714,
    0.5714285714285714, 0.5714285714285714, 0.5714285714285714,
    0.5714285714285714, 0.5714285714285714, 0.5714285714285714,
    0.5714285714285714, 0.5714285714285714, 0.5714285714285714,
    0.5714285714285714, 0.5714285714285714, 0.5714285714285714,
    0.5714285714285714
  ],
  "compilation_times": [ 16.52306580543518 ],
  "equivalence_times": [ 0.000125885009765625 ],
  "hop_count_times": [ 30.11195206642151 ]
}