{
  "topology": "abfattree_4_sw_20",
  "routing_scheme": "f10_no_lr",
  "max_failures": -1,
  "failure_prob": [ 1, 4 ],
  "equivalent_to_teleport": false,
  "min_prob_of_delivery": 0.75,
  "avg_prob_of_delivery": 0.7857142857142857,
  "hop_count_cdf": [
    0.0, 0.14285714285714285, 0.14285714285714285, 0.7857142857142857,
    0.7857142857142857, 0.7857142857142857, 0.7857142857142857,
    0.7857142857142857, 0.7857142857142857, 0.7857142857142857,
    0.7857142857142857, 0.7857142857142857, 0.7857142857142857,
    0.7857142857142857, 0.7857142857142857, 0.7857142857142857,
    0.7857142857142857, 0.7857142857142857, 0.7857142857142857,
    0.7857142857142857, 0.7857142857142857, 0.7857142857142857,
    0.7857142857142857, 0.7857142857142857, 0.7857142857142857,
    0.7857142857142857, 0.7857142857142857, 0.7857142857142857,
    0.7857142857142857, 0.7857142857142857, 0.7857142857142857,
    0.7857142857142857
  ],
  "compilation_times": [ 15.622189044952393 ],
  "equivalence_times": [ 8.20159912109375e-05 ],
  "hop_count_times": [ 17.315803050994873 ]
}