{
  "topology": "abfattree_4_sw_20",
  "routing_scheme": "f10_no_lr",
  "max_failures": -1,
  "failure_prob": [ 1, 128 ],
  "equivalent_to_teleport": false,
  "min_prob_of_delivery": 0.9921875,
  "avg_prob_of_delivery": 0.9933035714285714,
  "hop_count_cdf": [
    0.0, 0.14285714285714285, 0.14285714285714285, 0.9933035714285714,
    0.9933035714285714, 0.9933035714285714, 0.9933035714285714,
    0.9933035714285714, 0.9933035714285714, 0.9933035714285714,
    0.9933035714285714, 0.9933035714285714, 0.9933035714285714,
    0.9933035714285714, 0.9933035714285714, 0.9933035714285714,
    0.9933035714285714, 0.9933035714285714, 0.9933035714285714,
    0.9933035714285714, 0.9933035714285714, 0.9933035714285714,
    0.9933035714285714, 0.9933035714285714, 0.9933035714285714,
    0.9933035714285714, 0.9933035714285714, 0.9933035714285714,
    0.9933035714285714, 0.9933035714285714, 0.9933035714285714,
    0.9933035714285714
  ],
  "compilation_times": [ 12.812057971954346 ],
  "equivalence_times": [ 6.914138793945312e-05 ],
  "hop_count_times": [ 17.586060047149658 ]
}