{"topology":"abfattree-6","routing_scheme":"ecmp","max_failures":1,"failure_prob":[1,128],"equivalent_to_teleport":false,"min_prob_of_delivery":0.9711868494582899,"avg_prob_of_delivery":0.9729631681760311,"hop_count_cdf":[0.0,0.11589230791798277,0.11589230791798277,0.9729631681760311,0.9729631681760311,0.9729631681760311,0.9729631681760311,0.9729631681760311,0.9729631681760311,0.9729631681760311,0.9729631681760311,0.9729631681760311,0.9729631681760311,0.9729631681760311,0.9729631681760311,0.9729631681760311,0.9729631681760311,0.9729631681760311,0.9729631681760311,0.9729631681760311,0.9729631681760311,0.9729631681760311,0.9729631681760311,0.9729631681760311,0.9729631681760311,0.9729631681760311,0.9729631681760311,0.9729631681760311,0.9729631681760311,0.9729631681760311,0.9729631681760311,0.9729631681760311],"compilation_time":1.2818222045898438,"equivalence_time":0.000347137451171875,"hop_count_time":7.3170130252838135}