{"topology":"abfattree-6","routing_scheme":"ecmp","max_failures":1,"failure_prob":[1,8],"equivalent_to_teleport":false,"min_prob_of_delivery":0.8107276932738889,"avg_prob_of_delivery":0.8378274486776448,"hop_count_cdf":[0.0,0.10208897567559581,0.10208897567559581,0.8378274486776448,0.8378274486776448,0.8378274486776448,0.8378274486776448,0.8378274486776448,0.8378274486776448,0.8378274486776448,0.8378274486776448,0.8378274486776448,0.8378274486776448,0.8378274486776448,0.8378274486776448,0.8378274486776448,0.8378274486776448,0.8378274486776448,0.8378274486776448,0.8378274486776448,0.8378274486776448,0.8378274486776448,0.8378274486776448,0.8378274486776448,0.8378274486776448,0.8378274486776448,0.8378274486776448,0.8378274486776448,0.8378274486776448,0.8378274486776448,0.8378274486776448,0.8378274486776448],"compilation_time":1.285297155380249,"equivalence_time":0.00019693374633789062,"hop_count_time":7.685062885284424}