{"topology":"abfattree-6","routing_scheme":"ecmp","max_failures":1,"failure_prob":[1,64],"equivalent_to_teleport":false,"min_prob_of_delivery":0.9467086033978171,"avg_prob_of_delivery":0.9501679545945945,"hop_count_cdf":[0.0,0.11429423393610132,0.11429423393610132,0.9501679545945945,0.9501679545945945,0.9501679545945945,0.9501679545945945,0.9501679545945945,0.9501679545945945,0.9501679545945945,0.9501679545945945,0.9501679545945945,0.9501679545945945,0.9501679545945945,0.9501679545945945,0.9501679545945945,0.9501679545945945,0.9501679545945945,0.9501679545945945,0.9501679545945945,0.9501679545945945,0.9501679545945945,0.9501679545945945,0.9501679545945945,0.9501679545945945,0.9501679545945945,0.9501679545945945,0.9501679545945945,0.9501679545945945,0.9501679545945945,0.9501679545945945,0.9501679545945945],"compilation_time":2.3054380416870117,"equivalence_time":0.0002040863037109375,"hop_count_time":16.640054941177368}