{"topology":"abfattree-6","routing_scheme":"ecmp","max_failures":1,"failure_prob":[1,16],"equivalent_to_teleport":false,"min_prob_of_delivery":0.8583349879427498,"avg_prob_of_delivery":0.8714646708607331,"hop_count_cdf":[0.0,0.107263180625724,0.107263180625724,0.8714646708607331,0.8714646708607331,0.8714646708607331,0.8714646708607331,0.8714646708607331,0.8714646708607331,0.8714646708607331,0.8714646708607331,0.8714646708607331,0.8714646708607331,0.8714646708607331,0.8714646708607331,0.8714646708607331,0.8714646708607331,0.8714646708607331,0.8714646708607331,0.8714646708607331,0.8714646708607331,0.8714646708607331,0.8714646708607331,0.8714646708607331,0.8714646708607331,0.8714646708607331,0.8714646708607331,0.8714646708607331,0.8714646708607331,0.8714646708607331,0.8714646708607331,0.8714646708607331],"compilation_time":1.5966510772705078,"equivalence_time":0.0011777877807617188,"hop_count_time":6.8991570472717285}