{"topology":"abfattree-6","routing_scheme":"ecmp","max_failures":1,"failure_prob":[1,4],"equivalent_to_teleport":false,"min_prob_of_delivery":0.7674455539706481,"avg_prob_of_delivery":0.8233092219505064,"hop_count_cdf":[0.0,0.09688540533477184,0.09688540533477184,0.8233092219505064,0.8233092219505064,0.8233092219505064,0.8233092219505064,0.8233092219505064,0.8233092219505064,0.8233092219505064,0.8233092219505064,0.8233092219505064,0.8233092219505064,0.8233092219505064,0.8233092219505064,0.8233092219505064,0.8233092219505064,0.8233092219505064,0.8233092219505064,0.8233092219505064,0.8233092219505064,0.8233092219505064,0.8233092219505064,0.8233092219505064,0.8233092219505064,0.8233092219505064,0.8233092219505064,0.8233092219505064,0.8233092219505064,0.8233092219505064,0.8233092219505064,0.8233092219505064],"compilation_time":0.7129631042480469,"equivalence_time":0.0011839866638183594,"hop_count_time":1.54013991355896}