{"topology":"abfattree-6","routing_scheme":"ecmp","max_failures":2,"failure_prob":[1,16],"equivalent_to_teleport":false,"min_prob_of_delivery":0.7999787775837908,"avg_prob_of_delivery":0.8119650611964923,"hop_count_cdf":[0.0,0.10420537507807257,0.10420537507807257,0.8119650611964923,0.8119650611964923,0.8119650611964923,0.8119650611964923,0.8119650611964923,0.8119650611964923,0.8119650611964923,0.8119650611964923,0.8119650611964923,0.8119650611964923,0.8119650611964923,0.8119650611964923,0.8119650611964923,0.8119650611964923,0.8119650611964923,0.8119650611964923,0.8119650611964923,0.8119650611964923,0.8119650611964923,0.8119650611964923,0.8119650611964923,0.8119650611964923,0.8119650611964923,0.8119650611964923,0.8119650611964923,0.8119650611964923,0.8119650611964923,0.8119650611964923,0.8119650611964923],"compilation_time":2.1404099464416504,"equivalence_time":0.00279998779296875,"hop_count_time":8.100013017654419}