{"topology":"abfattree-6","routing_scheme":"ecmp","max_failures":2,"failure_prob":[1,32],"equivalent_to_teleport":false,"min_prob_of_delivery":0.8856542553188156,"avg_prob_of_delivery":0.8922750925193627,"hop_count_cdf":[0.0,0.11052890348044703,0.11052890348044703,0.8922750925193627,0.8922750925193627,0.8922750925193627,0.8922750925193627,0.8922750925193627,0.8922750925193627,0.8922750925193627,0.8922750925193627,0.8922750925193627,0.8922750925193627,0.8922750925193627,0.8922750925193627,0.8922750925193627,0.8922750925193627,0.8922750925193627,0.8922750925193627,0.8922750925193627,0.8922750925193627,0.8922750925193627,0.8922750925193627,0.8922750925193627,0.8922750925193627,0.8922750925193627,0.8922750925193627,0.8922750925193627,0.8922750925193627,0.8922750925193627,0.8922750925193627,0.8922750925193627],"compilation_time":2.5015900135040283,"equivalence_time":0.00019407272338867188,"hop_count_time":11.194441080093384}