{"topology":"abfattree-6","routing_scheme":"ecmp","max_failures":2,"failure_prob":[1,64],"equivalent_to_teleport":false,"min_prob_of_delivery":0.9396896865525561,"avg_prob_of_delivery":0.9431930240588328,"hop_count_cdf":[0.0,0.11401567793829341,0.11401567793829341,0.9431930240588328,0.9431930240588328,0.9431930240588328,0.9431930240588328,0.9431930240588328,0.9431930240588328,0.9431930240588328,0.9431930240588328,0.9431930240588328,0.9431930240588328,0.9431930240588328,0.9431930240588328,0.9431930240588328,0.9431930240588328,0.9431930240588328,0.9431930240588328,0.9431930240588328,0.9431930240588328,0.9431930240588328,0.9431930240588328,0.9431930240588328,0.9431930240588328,0.9431930240588328,0.9431930240588328,0.9431930240588328,0.9431930240588328,0.9431930240588328,0.9431930240588328,0.9431930240588328],"compilation_time":3.441267967224121,"equivalence_time":0.00019693374633789062,"hop_count_time":11.364742994308472}