{"topology":"abfattree-6","routing_scheme":"ecmp","max_failures":2,"failure_prob":[1,8],"equivalent_to_teleport":false,"min_prob_of_delivery":0.7003760809972558,"avg_prob_of_delivery":0.7230077382465242,"hop_count_cdf":[0.0,0.09461919583412179,0.09461919583412179,0.7230077382465242,0.7230077382465242,0.7230077382465242,0.7230077382465242,0.7230077382465242,0.7230077382465242,0.7230077382465242,0.7230077382465242,0.7230077382465242,0.7230077382465242,0.7230077382465242,0.7230077382465242,0.7230077382465242,0.7230077382465242,0.7230077382465242,0.7230077382465242,0.7230077382465242,0.7230077382465242,0.7230077382465242,0.7230077382465242,0.7230077382465242,0.7230077382465242,0.7230077382465242,0.7230077382465242,0.7230077382465242,0.7230077382465242,0.7230077382465242,0.7230077382465242,0.7230077382465242],"compilation_time":1.328563928604126,"equivalence_time":0.0019991397857666016,"hop_count_time":9.532931089401245}