{"topology":"abfattree-6","routing_scheme":"ecmp","max_failures":2,"failure_prob":[1,128],"equivalent_to_teleport":false,"min_prob_of_delivery":0.9692159932794329,"avg_prob_of_delivery":0.9710138873115651,"hop_count_cdf":[0.0,0.11581814228051539,0.11581814228051539,0.9710138873115651,0.9710138873115651,0.9710138873115651,0.9710138873115651,0.9710138873115651,0.9710138873115651,0.9710138873115651,0.9710138873115651,0.9710138873115651,0.9710138873115651,0.9710138873115651,0.9710138873115651,0.9710138873115651,0.9710138873115651,0.9710138873115651,0.9710138873115651,0.9710138873115651,0.9710138873115651,0.9710138873115651,0.9710138873115651,0.9710138873115651,0.9710138873115651,0.9710138873115651,0.9710138873115651,0.9710138873115651,0.9710138873115651,0.9710138873115651,0.9710138873115651,0.9710138873115651],"compilation_time":1.347362995147705,"equivalence_time":0.0012388229370117188,"hop_count_time":12.100843906402588}