{"topology":"abfattree-6","routing_scheme":"ecmp","max_failures":3,"failure_prob":[1,128],"equivalent_to_teleport":false,"min_prob_of_delivery":0.9691180895013615,"avg_prob_of_delivery":0.9709203460791108,"hop_count_cdf":[0.0,0.11581604349108236,0.11581604349108236,0.9709203460791108,0.9709203460791108,0.9709203460791108,0.9709203460791108,0.9709203460791108,0.9709203460791108,0.9709203460791108,0.9709203460791108,0.9709203460791108,0.9709203460791108,0.9709203460791108,0.9709203460791108,0.9709203460791108,0.9709203460791108,0.9709203460791108,0.9709203460791108,0.9709203460791108,0.9709203460791108,0.9709203460791108,0.9709203460791108,0.9709203460791108,0.9709203460791108,0.9709203460791108,0.9709203460791108,0.9709203460791108,0.9709203460791108,0.9709203460791108,0.9709203460791108,0.9709203460791108],"compilation_time":1.667590856552124,"equivalence_time":0.00030684471130371094,"hop_count_time":18.83145499229431}