{"topology":"abfattree-6","routing_scheme":"ecmp","max_failures":3,"failure_prob":[1,64],"equivalent_to_teleport":false,"min_prob_of_delivery":0.9390038740243161,"avg_prob_of_delivery":0.94253436003642,"hop_count_cdf":[0.0,0.11399991210666867,0.11399991210666867,0.94253436003642,0.94253436003642,0.94253436003642,0.94253436003642,0.94253436003642,0.94253436003642,0.94253436003642,0.94253436003642,0.94253436003642,0.94253436003642,0.94253436003642,0.94253436003642,0.94253436003642,0.94253436003642,0.94253436003642,0.94253436003642,0.94253436003642,0.94253436003642,0.94253436003642,0.94253436003642,0.94253436003642,0.94253436003642,0.94253436003642,0.94253436003642,0.94253436003642,0.94253436003642,0.94253436003642,0.94253436003642,0.94253436003642],"compilation_time":5.281097888946533,"equivalence_time":0.0013031959533691406,"hop_count_time":23.676312923431396}