{"topology":"abfattree-6","routing_scheme":"ecmp","max_failures":3,"failure_prob":[1,32],"equivalent_to_teleport":false,"min_prob_of_delivery":0.8814360835029331,"avg_prob_of_delivery":0.8881790606187021,"hop_count_cdf":[0.0,0.11041778346704478,0.11041778346704478,0.8881790606187021,0.8881790606187021,0.8881790606187021,0.8881790606187021,0.8881790606187021,0.8881790606187021,0.8881790606187021,0.8881790606187021,0.8881790606187021,0.8881790606187021,0.8881790606187021,0.8881790606187021,0.8881790606187021,0.8881790606187021,0.8881790606187021,0.8881790606187021,0.8881790606187021,0.8881790606187021,0.8881790606187021,0.8881790606187021,0.8881790606187021,0.8881790606187021,0.8881790606187021,0.8881790606187021,0.8881790606187021,0.8881790606187021,0.8881790606187021,0.8881790606187021,0.8881790606187021],"compilation_time":3.740963935852051,"equivalence_time":0.00025010108947753906,"hop_count_time":18.45375418663025}