{"topology":"abfattree-6","routing_scheme":"ecmp","max_failures":3,"failure_prob":[1,8],"equivalent_to_teleport":false,"min_prob_of_delivery":0.6375426007842511,"avg_prob_of_delivery":0.6572586596474645,"hop_count_cdf":[0.0,0.09135400066060909,0.09135400066060909,0.6572586596474645,0.6572586596474645,0.6572586596474645,0.6572586596474645,0.6572586596474645,0.6572586596474645,0.6572586596474645,0.6572586596474645,0.6572586596474645,0.6572586596474645,0.6572586596474645,0.6572586596474645,0.6572586596474645,0.6572586596474645,0.6572586596474645,0.6572586596474645,0.6572586596474645,0.6572586596474645,0.6572586596474645,0.6572586596474645,0.6572586596474645,0.6572586596474645,0.6572586596474645,0.6572586596474645,0.6572586596474645,0.6572586596474645,0.6572586596474645,0.6572586596474645,0.6572586596474645],"compilation_time":2.0442399978637695,"equivalence_time":0.0002148151397705078,"hop_count_time":18.200812101364136}