{"topology":"abfattree-6","routing_scheme":"ecmp","max_failures":4,"failure_prob":[1,32],"equivalent_to_teleport":false,"min_prob_of_delivery":0.8808180537081208,"avg_prob_of_delivery":0.8876031079249853,"hop_count_cdf":[0.0,0.11040945619288971,0.11040945619288971,0.8876031079249853,0.8876031079249853,0.8876031079249853,0.8876031079249853,0.8876031079249853,0.8876031079249853,0.8876031079249853,0.8876031079249853,0.8876031079249853,0.8876031079249853,0.8876031079249853,0.8876031079249853,0.8876031079249853,0.8876031079249853,0.8876031079249853,0.8876031079249853,0.8876031079249853,0.8876031079249853,0.8876031079249853,0.8876031079249853,0.8876031079249853,0.8876031079249853,0.8876031079249853,0.8876031079249853,0.8876031079249853,0.8876031079249853,0.8876031079249853,0.8876031079249853,0.8876031079249853],"compilation_time":4.090955972671509,"equivalence_time":0.0001239776611328125,"hop_count_time":20.34571099281311}