{"topology":"abfattree-6","routing_scheme":"ecmp","max_failures":4,"failure_prob":[1,4],"equivalent_to_teleport":false,"min_prob_of_delivery":0.43493232570939,"avg_prob_of_delivery":0.4648275688832829,"hop_count_cdf":[0.0,0.07008696537391812,0.07008696537391812,0.4648275688832829,0.4648275688832829,0.4648275688832829,0.4648275688832829,0.4648275688832829,0.4648275688832829,0.4648275688832829,0.4648275688832829,0.4648275688832829,0.4648275688832829,0.4648275688832829,0.4648275688832829,0.4648275688832829,0.4648275688832829,0.4648275688832829,0.4648275688832829,0.4648275688832829,0.4648275688832829,0.4648275688832829,0.4648275688832829,0.4648275688832829,0.4648275688832829,0.4648275688832829,0.4648275688832829,0.4648275688832829,0.4648275688832829,0.4648275688832829,0.4648275688832829,0.4648275688832829],"compilation_time":1.581969976425171,"equivalence_time":0.00014281272888183594,"hop_count_time":17.02032494544983}