{"topology":"abfattree-6","routing_scheme":"ecmp","max_failures":4,"failure_prob":[1,16],"equivalent_to_teleport":false,"min_prob_of_delivery":0.774081937734732,"avg_prob_of_delivery":0.7864598376577482,"hop_count_cdf":[0.0,0.10341273919987111,0.10341273919987111,0.7864598376577482,0.7864598376577482,0.7864598376577482,0.7864598376577482,0.7864598376577482,0.7864598376577482,0.7864598376577482,0.7864598376577482,0.7864598376577482,0.7864598376577482,0.7864598376577482,0.7864598376577482,0.7864598376577482,0.7864598376577482,0.7864598376577482,0.7864598376577482,0.7864598376577482,0.7864598376577482,0.7864598376577482,0.7864598376577482,0.7864598376577482,0.7864598376577482,0.7864598376577482,0.7864598376577482,0.7864598376577482,0.7864598376577482,0.7864598376577482,0.7864598376577482,0.7864598376577482],"compilation_time":3.5334250926971436,"equivalence_time":0.0009629726409912109,"hop_count_time":19.653836965560913}