{"topology":"abfattree-6","routing_scheme":"ecmp","max_failures":4,"failure_prob":[1,8],"equivalent_to_teleport":false,"min_prob_of_delivery":0.6067156314430285,"avg_prob_of_delivery":0.6264253372593147,"hop_count_cdf":[0.0,0.09033917914619487,0.09033917914619487,0.6264253372593147,0.6264253372593147,0.6264253372593147,0.6264253372593147,0.6264253372593147,0.6264253372593147,0.6264253372593147,0.6264253372593147,0.6264253372593147,0.6264253372593147,0.6264253372593147,0.6264253372593147,0.6264253372593147,0.6264253372593147,0.6264253372593147,0.6264253372593147,0.6264253372593147,0.6264253372593147,0.6264253372593147,0.6264253372593147,0.6264253372593147,0.6264253372593147,0.6264253372593147,0.6264253372593147,0.6264253372593147,0.6264253372593147,0.6264253372593147,0.6264253372593147,0.6264253372593147],"compilation_time":2.1247761249542236,"equivalence_time":0.00014591217041015625,"hop_count_time":18.178882122039795}