{"topology":"abfattree-6","routing_scheme":"ecmp","max_failures":-1,"failure_prob":[1,4],"equivalent_to_teleport":false,"min_prob_of_delivery":0.31640625,"avg_prob_of_delivery":0.3453584558823529,"hop_count_cdf":[0.0,0.06617647058823529,0.06617647058823529,0.3453584558823529,0.3453584558823529,0.3453584558823529,0.3453584558823529,0.3453584558823529,0.3453584558823529,0.3453584558823529,0.3453584558823529,0.3453584558823529,0.3453584558823529,0.3453584558823529,0.3453584558823529,0.3453584558823529,0.3453584558823529,0.3453584558823529,0.3453584558823529,0.3453584558823529,0.3453584558823529,0.3453584558823529,0.3453584558823529,0.3453584558823529,0.3453584558823529,0.3453584558823529,0.3453584558823529,0.3453584558823529,0.3453584558823529,0.3453584558823529,0.3453584558823529,0.3453584558823529],"compilation_time":0.9285509586334229,"equivalence_time":0.00034689903259277344,"hop_count_time":0.9033999443054199}