{"topology":"abfattree-6","routing_scheme":"ecmp","max_failures":-1,"failure_prob":[0,1],"equivalent_to_teleport":false,"min_prob_of_delivery":1.0,"avg_prob_of_delivery":1.0,"hop_count_cdf":[0.0,0.11764705882352941,0.11764705882352941,1.0,1.0,1.0,1.0,1.0,1.0,1.0,1.0,1.0,1.0,1.0,1.0,1.0,1.0,1.0,1.0,1.0,1.0,1.0,1.0,1.0,1.0,1.0,1.0,1.0,1.0,1.0,1.0,1.0],"compilation_time":0.5749790668487549,"equivalence_time":0.000782012939453125,"hop_count_time":0.8002240657806396}