{"topology":"abfattree-6","routing_scheme":"ecmp","max_failures":-1,"failure_prob":[1,32],"equivalent_to_teleport":false,"min_prob_of_delivery":0.8807382583618164,"avg_prob_of_delivery":0.8875310000251321,"hop_count_cdf":[0.0,0.11040900735294118,0.11040900735294118,0.8875310000251321,0.8875310000251321,0.8875310000251321,0.8875310000251321,0.8875310000251321,0.8875310000251321,0.8875310000251321,0.8875310000251321,0.8875310000251321,0.8875310000251321,0.8875310000251321,0.8875310000251321,0.8875310000251321,0.8875310000251321,0.8875310000251321,0.8875310000251321,0.8875310000251321,0.8875310000251321,0.8875310000251321,0.8875310000251321,0.8875310000251321,0.8875310000251321,0.8875310000251321,0.8875310000251321,0.8875310000251321,0.8875310000251321,0.8875310000251321,0.8875310000251321,0.8875310000251321],"compilation_time":0.9714739322662354,"equivalence_time":0.00024008750915527344,"hop_count_time":1.1841847896575928}