{
  "topology": "fattree_4_sw_20",
  "routing_scheme": "ecmp",
  "max_failures": 1,
  "failure_prob": [ 1, 64 ],
  "equivalent_to_teleport": false,
  "min_prob_of_delivery": 0.9847393035888672,
  "avg_prob_of_delivery": 0.9869194030761719,
  "hop_count_cdf": [
    0.0, 0.14285714285714285, 0.14285714285714285, 0.9869194030761719,
    0.9869194030761719, 0.9869194030761719, 0.9869194030761719,
    0.9869194030761719, 0.9869194030761719, 0.9869194030761719,
    0.9869194030761719, 0.9869194030761719, 0.9869194030761719,
    0.9869194030761719, 0.9869194030761719, 0.9869194030761719,
    0.9869194030761719, 0.9869194030761719, 0.9869194030761719,
    0.9869194030761719, 0.9869194030761719, 0.9869194030761719,
    0.9869194030761719, 0.9869194030761719, 0.9869194030761719,
    0.9869194030761719, 0.9869194030761719, 0.9869194030761719,
    0.9869194030761719, 0.9869194030761719, 0.9869194030761719,
    0.9869194030761719
  ],
  "compilation_times": [ 0.27477288246154785 ],
  "equivalence_times": [ 0.00014090538024902344 ],
  "hop_count_times": [ 0.38851118087768555 ]
}