{
  "topology": "fattree_4_sw_20",
  "routing_scheme": "ecmp",
  "max_failures": 1,
  "failure_prob": [ 1, 8 ],
  "equivalent_to_teleport": false,
  "min_prob_of_delivery": 0.8974609375,
  "avg_prob_of_delivery": 0.912109375,
  "hop_count_cdf": [
    0.0, 0.14285714285714285, 0.14285714285714285, 0.912109375, 0.912109375,
    0.912109375, 0.912109375, 0.912109375, 0.912109375, 0.912109375,
    0.912109375, 0.912109375, 0.912109375, 0.912109375, 0.912109375,
    0.912109375, 0.912109375, 0.912109375, 0.912109375, 0.912109375,
    0.912109375, 0.912109375, 0.912109375, 0.912109375, 0.912109375,
    0.912109375, 0.912109375, 0.912109375, 0.912109375, 0.912109375,
    0.912109375, 0.912109375
  ],
  "compilation_times": [ 0.25851011276245117 ],
  "equivalence_times": [ 0.00013494491577148438 ],
  "hop_count_times": [ 0.38515591621398926 ]
}