{
  "topology": "fattree_4_sw_20",
  "routing_scheme": "ecmp",
  "max_failures": 1,
  "failure_prob": [ 1, 2 ],
  "equivalent_to_teleport": false,
  "min_prob_of_delivery": 0.8125,
  "avg_prob_of_delivery": 0.8392857142857143,
  "hop_count_cdf": [
    0.0, 0.14285714285714285, 0.14285714285714285, 0.8392857142857143,
    0.8392857142857143, 0.8392857142857143, 0.8392857142857143,
    0.8392857142857143, 0.8392857142857143, 0.8392857142857143,
    0.8392857142857143, 0.8392857142857143, 0.8392857142857143,
    0.8392857142857143, 0.8392857142857143, 0.8392857142857143,
    0.8392857142857143, 0.8392857142857143, 0.8392857142857143,
    0.8392857142857143, 0.8392857142857143, 0.8392857142857143,
    0.8392857142857143, 0.8392857142857143, 0.8392857142857143,
    0.8392857142857143, 0.8392857142857143, 0.8392857142857143,
    0.8392857142857143, 0.8392857142857143, 0.8392857142857143,
    0.8392857142857143
  ],
  "compilation_times": [ 0.258587121963501 ],
  "equivalence_times": [ 0.00015401840209960938 ],
  "hop_count_times": [ 0.3563811779022217 ]
}