{
  "topology": "fattree_4_sw_20",
  "routing_scheme": "ecmp",
  "max_failures": 1,
  "failure_prob": [ 1, 128 ],
  "equivalent_to_teleport": false,
  "min_prob_of_delivery": 0.9922788143157959,
  "avg_prob_of_delivery": 0.9933818408421108,
  "hop_count_cdf": [
    0.0, 0.14285714285714285, 0.14285714285714285, 0.9933818408421108,
    0.9933818408421108, 0.9933818408421108, 0.9933818408421108,
    0.9933818408421108, 0.9933818408421108, 0.9933818408421108,
    0.9933818408421108, 0.9933818408421108, 0.9933818408421108,
    0.9933818408421108, 0.9933818408421108, 0.9933818408421108,
    0.9933818408421108, 0.9933818408421108, 0.9933818408421108,
    0.9933818408421108, 0.9933818408421108, 0.9933818408421108,
    0.9933818408421108, 0.9933818408421108, 0.9933818408421108,
    0.9933818408421108, 0.9933818408421108, 0.9933818408421108,
    0.9933818408421108, 0.9933818408421108, 0.9933818408421108,
    0.9933818408421108
  ],
  "compilation_times": [ 0.2762439250946045 ],
  "equivalence_times": [ 0.00014710426330566406 ],
  "hop_count_times": [ 0.3749959468841553 ]
}