{
  "topology": "fattree_4_sw_20",
  "routing_scheme": "ecmp",
  "max_failures": 1,
  "failure_prob": [ 1, 4 ],
  "equivalent_to_teleport": false,
  "min_prob_of_delivery": 0.8359375,
  "avg_prob_of_delivery": 0.859375,
  "hop_count_cdf": [
    0.0, 0.14285714285714285, 0.14285714285714285, 0.859375, 0.859375,
    0.859375, 0.859375, 0.859375, 0.859375, 0.859375, 0.859375, 0.859375,
    0.859375, 0.859375, 0.859375, 0.859375, 0.859375, 0.859375, 0.859375,
    0.859375, 0.859375, 0.859375, 0.859375, 0.859375, 0.859375, 0.859375,
    0.859375, 0.859375, 0.859375, 0.859375, 0.859375, 0.859375
  ],
  "compilation_times": [ 0.2510809898376465 ],
  "equivalence_times": [ 0.00011897087097167969 ],
  "hop_count_times": [ 0.357651948928833 ]
}