{
  "topology": "fattree_4_sw_20",
  "routing_scheme": "ecmp",
  "max_failures": 2,
  "failure_prob": [ 1, 4 ],
  "equivalent_to_teleport": false,
  "min_prob_of_delivery": 0.7578125,
  "avg_prob_of_delivery": 0.7924107142857143,
  "hop_count_cdf": [
    0.0, 0.14285714285714285, 0.14285714285714285, 0.7924107142857143,
    0.7924107142857143, 0.7924107142857143, 0.7924107142857143,
    0.7924107142857143, 0.7924107142857143, 0.7924107142857143,
    0.7924107142857143, 0.7924107142857143, 0.7924107142857143,
    0.7924107142857143, 0.7924107142857143, 0.7924107142857143,
    0.7924107142857143, 0.7924107142857143, 0.7924107142857143,
    0.7924107142857143, 0.7924107142857143, 0.7924107142857143,
    0.7924107142857143, 0.7924107142857143, 0.7924107142857143,
    0.7924107142857143, 0.7924107142857143, 0.7924107142857143,
    0.7924107142857143, 0.7924107142857143, 0.7924107142857143,
    0.7924107142857143
  ],
  "compilation_times": [ 0.28476405143737793 ],
  "equivalence_times": [ 0.0006809234619140625 ],
  "hop_count_times": [ 0.49140501022338867 ]
}