{
  "topology": "fattree_4_sw_20",
  "routing_scheme": "ecmp",
  "max_failures": 2,
  "failure_prob": [ 1, 2 ],
  "equivalent_to_teleport": false,
  "min_prob_of_delivery": 0.5625,
  "avg_prob_of_delivery": 0.625,
  "hop_count_cdf": [
    0.0, 0.14285714285714285, 0.14285714285714285, 0.625, 0.625, 0.625,
    0.625, 0.625, 0.625, 0.625, 0.625, 0.625, 0.625, 0.625, 0.625, 0.625,
    0.625, 0.625, 0.625, 0.625, 0.625, 0.625, 0.625, 0.625, 0.625, 0.625,
    0.625, 0.625, 0.625, 0.625, 0.625, 0.625
  ],
  "compilation_times": [ 0.26140618324279785 ],
  "equivalence_times": [ 0.00018095970153808594 ],
  "hop_count_times": [ 1.62705397605896 ]
}