{
  "topology": "fattree_4_sw_20",
  "routing_scheme": "ecmp",
  "max_failures": 2,
  "failure_prob": [ 1, 128 ],
  "equivalent_to_teleport": false,
  "min_prob_of_delivery": 0.9921877384185791,
  "avg_prob_of_delivery": 0.9933037757873535,
  "hop_count_cdf": [
    0.0, 0.14285714285714285, 0.14285714285714285, 0.9933037757873535,
    0.9933037757873535, 0.9933037757873535, 0.9933037757873535,
    0.9933037757873535, 0.9933037757873535, 0.9933037757873535,
    0.9933037757873535, 0.9933037757873535, 0.9933037757873535,
    0.9933037757873535, 0.9933037757873535, 0.9933037757873535,
    0.9933037757873535, 0.9933037757873535, 0.9933037757873535,
    0.9933037757873535, 0.9933037757873535, 0.9933037757873535,
    0.9933037757873535, 0.9933037757873535, 0.9933037757873535,
    0.9933037757873535, 0.9933037757873535, 0.9933037757873535,
    0.9933037757873535, 0.9933037757873535, 0.9933037757873535,
    0.9933037757873535
  ],
  "compilation_times": [ 0.2687571048736572 ],
  "equivalence_times": [ 0.00011491775512695312 ],
  "hop_count_times": [ 1.5209589004516602 ]
}