{
  "topology": "fattree_4_sw_20",
  "routing_scheme": "ecmp",
  "max_failures": 3,
  "failure_prob": [ 1, 128 ],
  "equivalent_to_teleport": false,
  "min_prob_of_delivery": 0.9921875,
  "avg_prob_of_delivery": 0.9933035714285714,
  "hop_count_cdf": [
    0.0, 0.14285714285714285, 0.14285714285714285, 0.9933035714285714,
    0.9933035714285714, 0.9933035714285714, 0.9933035714285714,
    0.9933035714285714, 0.9933035714285714, 0.9933035714285714,
    0.9933035714285714, 0.9933035714285714, 0.9933035714285714,
    0.9933035714285714, 0.9933035714285714, 0.9933035714285714,
    0.9933035714285714, 0.9933035714285714, 0.9933035714285714,
    0.9933035714285714, 0.9933035714285714, 0.9933035714285714,
    0.9933035714285714, 0.9933035714285714, 0.9933035714285714,
    0.9933035714285714, 0.9933035714285714, 0.9933035714285714,
    0.9933035714285714, 0.9933035714285714, 0.9933035714285714,
    0.9933035714285714
  ],
  "compilation_times": [ 0.27039480209350586 ],
  "equivalence_times": [ 0.00013589859008789062 ],
  "hop_count_times": [ 2.0757668018341064 ]
}