{
  "topology": "fattree_4_sw_20",
  "routing_scheme": "ecmp",
  "max_failures": 4,
  "failure_prob": [ 1, 64 ],
  "equivalent_to_teleport": false,
  "min_prob_of_delivery": 0.984375,
  "avg_prob_of_delivery": 0.9866071428571429,
  "hop_count_cdf": [
    0.0, 0.14285714285714285, 0.14285714285714285, 0.9866071428571429,
    0.9866071428571429, 0.9866071428571429, 0.9866071428571429,
    0.9866071428571429, 0.9866071428571429, 0.9866071428571429,
    0.9866071428571429, 0.9866071428571429, 0.9866071428571429,
    0.9866071428571429, 0.9866071428571429, 0.9866071428571429,
    0.9866071428571429, 0.9866071428571429, 0.9866071428571429,
    0.9866071428571429, 0.9866071428571429, 0.9866071428571429,
    0.9866071428571429, 0.9866071428571429, 0.9866071428571429,
    0.9866071428571429, 0.9866071428571429, 0.9866071428571429,
    0.9866071428571429, 0.9866071428571429, 0.9866071428571429,
    0.9866071428571429
  ],
  "compilation_times": [ 0.24991512298583984 ],
  "equivalence_times": [ 0.00013494491577148438 ],
  "hop_count_times": [ 2.8844010829925537 ]
}