{
  "topology": "fattree_4_sw_20",
  "routing_scheme": "ecmp",
  "max_failures": -1,
  "failure_prob": [ 1, 16 ],
  "equivalent_to_teleport": false,
  "min_prob_of_delivery": 0.9375,
  "avg_prob_of_delivery": 0.9464285714285714,
  "hop_count_cdf": [
    0.0, 0.14285714285714285, 0.14285714285714285, 0.9464285714285714,
    0.9464285714285714, 0.9464285714285714, 0.9464285714285714,
    0.9464285714285714, 0.9464285714285714, 0.9464285714285714,
    0.9464285714285714, 0.9464285714285714, 0.9464285714285714,
    0.9464285714285714, 0.9464285714285714, 0.9464285714285714,
    0.9464285714285714, 0.9464285714285714, 0.9464285714285714,
    0.9464285714285714, 0.9464285714285714, 0.9464285714285714,
    0.9464285714285714, 0.9464285714285714, 0.9464285714285714,
    0.9464285714285714, 0.9464285714285714, 0.9464285714285714,
    0.9464285714285714, 0.9464285714285714, 0.9464285714285714,
    0.9464285714285714
  ],
  "compilation_times": [ 0.2787189483642578 ],
  "equivalence_times": [ 8.916854858398438e-05 ],
  "hop_count_times": [ 0.3243532180786133 ]
}