{
  "topology": "fattree_4_sw_20",
  "routing_scheme": "ecmp",
  "max_failures": -1,
  "failure_prob": [ 1, 8 ],
  "equivalent_to_teleport": false,
  "min_prob_of_delivery": 0.875,
  "avg_prob_of_delivery": 0.8928571428571429,
  "hop_count_cdf": [
    0.0, 0.14285714285714285, 0.14285714285714285, 0.8928571428571429,
    0.8928571428571429, 0.8928571428571429, 0.8928571428571429,
    0.8928571428571429, 0.8928571428571429, 0.8928571428571429,
    0.8928571428571429, 0.8928571428571429, 0.8928571428571429,
    0.8928571428571429, 0.8928571428571429, 0.8928571428571429,
    0.8928571428571429, 0.8928571428571429, 0.8928571428571429,
    0.8928571428571429, 0.8928571428571429, 0.8928571428571429,
    0.8928571428571429, 0.8928571428571429, 0.8928571428571429,
    0.8928571428571429, 0.8928571428571429, 0.8928571428571429,
    0.8928571428571429, 0.8928571428571429, 0.8928571428571429,
    0.8928571428571429
  ],
  "compilation_times": [ 0.2393171787261963 ],
  "equivalence_times": [ 0.00016188621520996094 ],
  "hop_count_times": [ 0.33017778396606445 ]
}