{"topology":"jellyfish-16-8-4","routing_scheme":"shortest path","max_failures":1,"failure_prob":[1,32],"equivalent_to_teleport":false,"min_prob_of_delivery":0.9276203038848118,"avg_prob_of_delivery":0.9479960308956173,"hop_count_cdf":[0.25865478515625,0.7005174621160639,0.9479960308956173,0.9479960308956173,0.9479960308956173,0.9479960308956173,0.9479960308956173,0.9479960308956173,0.9479960308956173,0.9479960308956173,0.9479960308956173,0.9479960308956173,0.9479960308956173,0.9479960308956173,0.9479960308956173,0.9479960308956173,0.9479960308956173,0.9479960308956173,0.9479960308956173,0.9479960308956173,0.9479960308956173,0.9479960308956173,0.9479960308956173,0.9479960308956173,0.9479960308956173,0.9479960308956173,0.9479960308956173,0.9479960308956173,0.9479960308956173,0.9479960308956173,0.9479960308956173,0.9479960308956173],"compilation_time":1.0333020687103271,"equivalence_time":0.0003669261932373047,"hop_count_time":1.1166129112243652}