{"topology":"jellyfish-16-8-4","routing_scheme":"shortest path","max_failures":1,"failure_prob":[1,64],"equivalent_to_teleport":false,"min_prob_of_delivery":0.9590466184634602,"avg_prob_of_delivery":0.9715790968064908,"hop_count_cdf":[0.26258087158203125,0.7158174921018896,0.9715790968064908,0.9715790968064908,0.9715790968064908,0.9715790968064908,0.9715790968064908,0.9715790968064908,0.9715790968064908,0.9715790968064908,0.9715790968064908,0.9715790968064908,0.9715790968064908,0.9715790968064908,0.9715790968064908,0.9715790968064908,0.9715790968064908,0.9715790968064908,0.9715790968064908,0.9715790968064908,0.9715790968064908,0.9715790968064908,0.9715790968064908,0.9715790968064908,0.9715790968064908,0.9715790968064908,0.9715790968064908,0.9715790968064908,0.9715790968064908,0.9715790968064908,0.9715790968064908,0.9715790968064908],"compilation_time":0.9285929203033447,"equivalence_time":0.0004181861877441406,"hop_count_time":0.966663122177124}