{"topology":"jellyfish-16-8-4","routing_scheme":"shortest path","max_failures":1,"failure_prob":[1,16],"equivalent_to_teleport":false,"min_prob_of_delivery":0.8829762321602476,"avg_prob_of_delivery":0.9114485450940913,"hop_count_cdf":[0.25126953125,0.6752583715822046,0.9114485450940913,0.9114485450940913,0.9114485450940913,0.9114485450940913,0.9114485450940913,0.9114485450940913,0.9114485450940913,0.9114485450940913,0.9114485450940913,0.9114485450940913,0.9114485450940913,0.9114485450940913,0.9114485450940913,0.9114485450940913,0.9114485450940913,0.9114485450940913,0.9114485450940913,0.9114485450940913,0.9114485450940913,0.9114485450940913,0.9114485450940913,0.9114485450940913,0.9114485450940913,0.9114485450940913,0.9114485450940913,0.9114485450940913,0.9114485450940913,0.9114485450940913,0.9114485450940913,0.9114485450940913],"compilation_time":0.7818131446838379,"equivalence_time":0.0001850128173828125,"hop_count_time":0.9420080184936523}