{"topology":"jellyfish-16-8-4","routing_scheme":"shortest path","max_failures":1,"failure_prob":[1,4],"equivalent_to_teleport":false,"min_prob_of_delivery":0.7249717712402344,"avg_prob_of_delivery":0.8076423320487568,"hop_count_cdf":[0.21875,0.5957226594289143,0.8076423320487568,0.8076423320487568,0.8076423320487568,0.8076423320487568,0.8076423320487568,0.8076423320487568,0.8076423320487568,0.8076423320487568,0.8076423320487568,0.8076423320487568,0.8076423320487568,0.8076423320487568,0.8076423320487568,0.8076423320487568,0.8076423320487568,0.8076423320487568,0.8076423320487568,0.8076423320487568,0.8076423320487568,0.8076423320487568,0.8076423320487568,0.8076423320487568,0.8076423320487568,0.8076423320487568,0.8076423320487568,0.8076423320487568,0.8076423320487568,0.8076423320487568,0.8076423320487568,0.8076423320487568],"compilation_time":0.8341951370239258,"equivalence_time":0.00030803680419921875,"hop_count_time":0.7424290180206299}