{"topology":"jellyfish-16-8-4","routing_scheme":"shortest path","max_failures":1,"failure_prob":[1,8],"equivalent_to_teleport":false,"min_prob_of_delivery":0.8261183856461584,"avg_prob_of_delivery":0.8636169451378374,"hop_count_cdf":[0.23828125,0.6393485908474152,0.8636169451378374,0.8636169451378374,0.8636169451378374,0.8636169451378374,0.8636169451378374,0.8636169451378374,0.8636169451378374,0.8636169451378374,0.8636169451378374,0.8636169451378374,0.8636169451378374,0.8636169451378374,0.8636169451378374,0.8636169451378374,0.8636169451378374,0.8636169451378374,0.8636169451378374,0.8636169451378374,0.8636169451378374,0.8636169451378374,0.8636169451378374,0.8636169451378374,0.8636169451378374,0.8636169451378374,0.8636169451378374,0.8636169451378374,0.8636169451378374,0.8636169451378374,0.8636169451378374,0.8636169451378374],"compilation_time":1.004647970199585,"equivalence_time":0.00014209747314453125,"hop_count_time":1.4704010486602783}