{"topology":"jellyfish-16-8-4","routing_scheme":"shortest path","max_failures":2,"failure_prob":[1,8],"equivalent_to_teleport":false,"min_prob_of_delivery":0.7501937071655775,"avg_prob_of_delivery":0.8069736237238698,"hop_count_cdf":[0.23359375,0.605969263613224,0.8069736237238698,0.8069736237238698,0.8069736237238698,0.8069736237238698,0.8069736237238698,0.8069736237238698,0.8069736237238698,0.8069736237238698,0.8069736237238698,0.8069736237238698,0.8069736237238698,0.8069736237238698,0.8069736237238698,0.8069736237238698,0.8069736237238698,0.8069736237238698,0.8069736237238698,0.8069736237238698,0.8069736237238698,0.8069736237238698,0.8069736237238698,0.8069736237238698,0.8069736237238698,0.8069736237238698,0.8069736237238698,0.8069736237238698,0.8069736237238698,0.8069736237238698,0.8069736237238698,0.8069736237238698],"compilation_time":1.1589000225067139,"equivalence_time":0.0041179656982421875,"hop_count_time":1.2686710357666016}