{"topology":"jellyfish-16-8-4","routing_scheme":"shortest path","max_failures":2,"failure_prob":[1,32],"equivalent_to_teleport":false,"min_prob_of_delivery":0.9118300092117028,"avg_prob_of_delivery":0.9399164040493987,"hop_count_cdf":[0.25833740234375,0.696672123331018,0.9399164040493987,0.9399164040493987,0.9399164040493987,0.9399164040493987,0.9399164040493987,0.9399164040493987,0.9399164040493987,0.9399164040493987,0.9399164040493987,0.9399164040493987,0.9399164040493987,0.9399164040493987,0.9399164040493987,0.9399164040493987,0.9399164040493987,0.9399164040493987,0.9399164040493987,0.9399164040493987,0.9399164040493987,0.9399164040493987,0.9399164040493987,0.9399164040493987,0.9399164040493987,0.9399164040493987,0.9399164040493987,0.9399164040493987,0.9399164040493987,0.9399164040493987,0.9399164040493987,0.9399164040493987],"compilation_time":0.9256260395050049,"equivalence_time":0.0003108978271484375,"hop_count_time":1.1452209949493408}