{"topology":"jellyfish-16-8-4","routing_scheme":"shortest path","max_failures":2,"failure_prob":[1,4],"equivalent_to_teleport":false,"min_prob_of_delivery":0.6576461964541522,"avg_prob_of_delivery":0.7087775072504883,"hop_count_cdf":[0.20208333333333334,0.5287230809529623,0.7087775072504883,0.7087775072504883,0.7087775072504883,0.7087775072504883,0.7087775072504883,0.7087775072504883,0.7087775072504883,0.7087775072504883,0.7087775072504883,0.7087775072504883,0.7087775072504883,0.7087775072504883,0.7087775072504883,0.7087775072504883,0.7087775072504883,0.7087775072504883,0.7087775072504883,0.7087775072504883,0.7087775072504883,0.7087775072504883,0.7087775072504883,0.7087775072504883,0.7087775072504883,0.7087775072504883,0.7087775072504883,0.7087775072504883,0.7087775072504883,0.7087775072504883,0.7087775072504883,0.7087775072504883],"compilation_time":0.7387480735778809,"equivalence_time":0.0002238750457763672,"hop_count_time":0.7351789474487305}