{"topology":"jellyfish-16-8-4","routing_scheme":"shortest path","max_failures":2,"failure_prob":[1,16],"equivalent_to_teleport":false,"min_prob_of_delivery":0.8404769950992383,"avg_prob_of_delivery":0.8873343153440445,"hop_count_cdf":[0.25003255208333336,0.6627778077662091,0.8873343153440445,0.8873343153440445,0.8873343153440445,0.8873343153440445,0.8873343153440445,0.8873343153440445,0.8873343153440445,0.8873343153440445,0.8873343153440445,0.8873343153440445,0.8873343153440445,0.8873343153440445,0.8873343153440445,0.8873343153440445,0.8873343153440445,0.8873343153440445,0.8873343153440445,0.8873343153440445,0.8873343153440445,0.8873343153440445,0.8873343153440445,0.8873343153440445,0.8873343153440445,0.8873343153440445,0.8873343153440445,0.8873343153440445,0.8873343153440445,0.8873343153440445,0.8873343153440445,0.8873343153440445],"compilation_time":0.8759841918945312,"equivalence_time":0.003659963607788086,"hop_count_time":1.1773970127105713}