{"topology":"jellyfish-16-8-4","routing_scheme":"shortest path","max_failures":2,"failure_prob":[1,64],"equivalent_to_teleport":false,"min_prob_of_delivery":0.9542367046903617,"avg_prob_of_delivery":0.9692264193180962,"hop_count_cdf":[0.2625005086263021,0.7147490279766812,0.9692264193180962,0.9692264193180962,0.9692264193180962,0.9692264193180962,0.9692264193180962,0.9692264193180962,0.9692264193180962,0.9692264193180962,0.9692264193180962,0.9692264193180962,0.9692264193180962,0.9692264193180962,0.9692264193180962,0.9692264193180962,0.9692264193180962,0.9692264193180962,0.9692264193180962,0.9692264193180962,0.9692264193180962,0.9692264193180962,0.9692264193180962,0.9692264193180962,0.9692264193180962,0.9692264193180962,0.9692264193180962,0.9692264193180962,0.9692264193180962,0.9692264193180962,0.9692264193180962,0.9692264193180962],"compilation_time":0.8567218780517578,"equivalence_time":0.0002720355987548828,"hop_count_time":1.0748710632324219}