{"topology":"jellyfish-16-8-4","routing_scheme":"shortest path","max_failures":3,"failure_prob":[1,4],"equivalent_to_teleport":false,"min_prob_of_delivery":0.5725460482062772,"avg_prob_of_delivery":0.6497190269559118,"hop_count_cdf":[0.2,0.4933260599772135,0.6497190269559118,0.6497190269559118,0.6497190269559118,0.6497190269559118,0.6497190269559118,0.6497190269559118,0.6497190269559118,0.6497190269559118,0.6497190269559118,0.6497190269559118,0.6497190269559118,0.6497190269559118,0.6497190269559118,0.6497190269559118,0.6497190269559118,0.6497190269559118,0.6497190269559118,0.6497190269559118,0.6497190269559118,0.6497190269559118,0.6497190269559118,0.6497190269559118,0.6497190269559118,0.6497190269559118,0.6497190269559118,0.6497190269559118,0.6497190269559118,0.6497190269559118,0.6497190269559118,0.6497190269559118],"compilation_time":0.8519790172576904,"equivalence_time":0.0005290508270263672,"hop_count_time":3.350724935531616}