{"topology":"jellyfish-16-8-4","routing_scheme":"shortest path","max_failures":3,"failure_prob":[1,64],"equivalent_to_teleport":false,"min_prob_of_delivery":0.953874102151494,"avg_prob_of_delivery":0.9690668030556193,"hop_count_cdf":[0.2625,0.7146988972391415,0.9690668030556193,0.9690668030556193,0.9690668030556193,0.9690668030556193,0.9690668030556193,0.9690668030556193,0.9690668030556193,0.9690668030556193,0.9690668030556193,0.9690668030556193,0.9690668030556193,0.9690668030556193,0.9690668030556193,0.9690668030556193,0.9690668030556193,0.9690668030556193,0.9690668030556193,0.9690668030556193,0.9690668030556193,0.9690668030556193,0.9690668030556193,0.9690668030556193,0.9690668030556193,0.9690668030556193,0.9690668030556193,0.9690668030556193,0.9690668030556193,0.9690668030556193,0.9690668030556193,0.9690668030556193],"compilation_time":1.210726022720337,"equivalence_time":0.0004069805145263672,"hop_count_time":3.8572120666503906}