{"topology":"jellyfish-16-8-4","routing_scheme":"shortest path","max_failures":3,"failure_prob":[1,32],"equivalent_to_teleport":false,"min_prob_of_delivery":0.9094310503603542,"avg_prob_of_delivery":0.938847290801133,"hop_count_cdf":[0.25833333333333336,0.6963131903695333,0.938847290801133,0.938847290801133,0.938847290801133,0.938847290801133,0.938847290801133,0.938847290801133,0.938847290801133,0.938847290801133,0.938847290801133,0.938847290801133,0.938847290801133,0.938847290801133,0.938847290801133,0.938847290801133,0.938847290801133,0.938847290801133,0.938847290801133,0.938847290801133,0.938847290801133,0.938847290801133,0.938847290801133,0.938847290801133,0.938847290801133,0.938847290801133,0.938847290801133,0.938847290801133,0.938847290801133,0.938847290801133,0.938847290801133,0.938847290801133],"compilation_time":1.2726249694824219,"equivalence_time":0.0003628730773925781,"hop_count_time":4.121913909912109}