{"topology":"jellyfish-16-8-4","routing_scheme":"shortest path","max_failures":3,"failure_prob":[1,16],"equivalent_to_teleport":false,"min_prob_of_delivery":0.8273087232520896,"avg_prob_of_delivery":0.8813013006296722,"hop_count_cdf":[0.25,0.6604854131194922,0.8813013006296722,0.8813013006296722,0.8813013006296722,0.8813013006296722,0.8813013006296722,0.8813013006296722,0.8813013006296722,0.8813013006296722,0.8813013006296722,0.8813013006296722,0.8813013006296722,0.8813013006296722,0.8813013006296722,0.8813013006296722,0.8813013006296722,0.8813013006296722,0.8813013006296722,0.8813013006296722,0.8813013006296722,0.8813013006296722,0.8813013006296722,0.8813013006296722,0.8813013006296722,0.8813013006296722,0.8813013006296722,0.8813013006296722,0.8813013006296722,0.8813013006296722,0.8813013006296722,0.8813013006296722],"compilation_time":1.1111149787902832,"equivalence_time":0.0005178451538085938,"hop_count_time":4.325237989425659}