{"topology":"jellyfish-16-8-4","routing_scheme":"shortest path","max_failures":3,"failure_prob":[1,8],"equivalent_to_teleport":false,"min_prob_of_delivery":0.6992507026353332,"avg_prob_of_delivery":0.7822481680664722,"hop_count_cdf":[0.23333333333333334,0.5944263787629703,0.7822481680664722,0.7822481680664722,0.7822481680664722,0.7822481680664722,0.7822481680664722,0.7822481680664722,0.7822481680664722,0.7822481680664722,0.7822481680664722,0.7822481680664722,0.7822481680664722,0.7822481680664722,0.7822481680664722,0.7822481680664722,0.7822481680664722,0.7822481680664722,0.7822481680664722,0.7822481680664722,0.7822481680664722,0.7822481680664722,0.7822481680664722,0.7822481680664722,0.7822481680664722,0.7822481680664722,0.7822481680664722,0.7822481680664722,0.7822481680664722,0.7822481680664722,0.7822481680664722,0.7822481680664722],"compilation_time":0.9577069282531738,"equivalence_time":0.00041604042053222656,"hop_count_time":1.1591989994049072}