{"topology":"jellyfish-16-8-4","routing_scheme":"shortest path","max_failures":4,"failure_prob":[1,8],"equivalent_to_teleport":false,"min_prob_of_delivery":0.6789618347038688,"avg_prob_of_delivery":0.7730158179661327,"hop_count_cdf":[0.23333333333333334,0.5912886131554842,0.7730158179661327,0.7730158179661327,0.7730158179661327,0.7730158179661327,0.7730158179661327,0.7730158179661327,0.7730158179661327,0.7730158179661327,0.7730158179661327,0.7730158179661327,0.7730158179661327,0.7730158179661327,0.7730158179661327,0.7730158179661327,0.7730158179661327,0.7730158179661327,0.7730158179661327,0.7730158179661327,0.7730158179661327,0.7730158179661327,0.7730158179661327,0.7730158179661327,0.7730158179661327,0.7730158179661327,0.7730158179661327,0.7730158179661327,0.7730158179661327,0.7730158179661327,0.7730158179661327,0.7730158179661327],"compilation_time":0.9901900291442871,"equivalence_time":0.0014989376068115234,"hop_count_time":4.914416074752808}