{"topology":"jellyfish-16-8-4","routing_scheme":"shortest path","max_failures":4,"failure_prob":[1,16],"equivalent_to_teleport":false,"min_prob_of_delivery":0.8245064984432379,"avg_prob_of_delivery":0.8801018671220626,"hop_count_cdf":[0.25,0.6601843860676733,0.8801018671220626,0.8801018671220626,0.8801018671220626,0.8801018671220626,0.8801018671220626,0.8801018671220626,0.8801018671220626,0.8801018671220626,0.8801018671220626,0.8801018671220626,0.8801018671220626,0.8801018671220626,0.8801018671220626,0.8801018671220626,0.8801018671220626,0.8801018671220626,0.8801018671220626,0.8801018671220626,0.8801018671220626,0.8801018671220626,0.8801018671220626,0.8801018671220626,0.8801018671220626,0.8801018671220626,0.8801018671220626,0.8801018671220626,0.8801018671220626,0.8801018671220626,0.8801018671220626,0.8801018671220626],"compilation_time":2.022064208984375,"equivalence_time":0.00043892860412597656,"hop_count_time":5.440517902374268}