{"topology":"jellyfish-16-8-4","routing_scheme":"shortest path","max_failures":4,"failure_prob":[1,32],"equivalent_to_teleport":false,"min_prob_of_delivery":0.9091718684813784,"avg_prob_of_delivery":0.9387382405658531,"hop_count_cdf":[0.25833333333333336,0.6962900818403989,0.9387382405658531,0.9387382405658531,0.9387382405658531,0.9387382405658531,0.9387382405658531,0.9387382405658531,0.9387382405658531,0.9387382405658531,0.9387382405658531,0.9387382405658531,0.9387382405658531,0.9387382405658531,0.9387382405658531,0.9387382405658531,0.9387382405658531,0.9387382405658531,0.9387382405658531,0.9387382405658531,0.9387382405658531,0.9387382405658531,0.9387382405658531,0.9387382405658531,0.9387382405658531,0.9387382405658531,0.9387382405658531,0.9387382405658531,0.9387382405658531,0.9387382405658531,0.9387382405658531,0.9387382405658531],"compilation_time":1.9020910263061523,"equivalence_time":0.0008778572082519531,"hop_count_time":4.199540138244629}