{"topology":"jellyfish-16-8-4","routing_scheme":"shortest path","max_failures":4,"failure_prob":[1,64],"equivalent_to_teleport":false,"min_prob_of_delivery":0.9538544348926227,"avg_prob_of_delivery":0.9690585718558946,"hop_count_cdf":[0.2625,0.7146972998842583,0.9690585718558946,0.9690585718558946,0.9690585718558946,0.9690585718558946,0.9690585718558946,0.9690585718558946,0.9690585718558946,0.9690585718558946,0.9690585718558946,0.9690585718558946,0.9690585718558946,0.9690585718558946,0.9690585718558946,0.9690585718558946,0.9690585718558946,0.9690585718558946,0.9690585718558946,0.9690585718558946,0.9690585718558946,0.9690585718558946,0.9690585718558946,0.9690585718558946,0.9690585718558946,0.9690585718558946,0.9690585718558946,0.9690585718558946,0.9690585718558946,0.9690585718558946,0.9690585718558946,0.9690585718558946],"compilation_time":2.3041532039642334,"equivalence_time":0.0005660057067871094,"hop_count_time":7.316561937332153}