{"topology":"jellyfish-16-8-4","routing_scheme":"shortest path","max_failures":4,"failure_prob":[1,4],"equivalent_to_teleport":false,"min_prob_of_delivery":0.5024159381864592,"avg_prob_of_delivery":0.6114739755629368,"hop_count_cdf":[0.2,0.4735844294230143,0.6114739755629368,0.6114739755629368,0.6114739755629368,0.6114739755629368,0.6114739755629368,0.6114739755629368,0.6114739755629368,0.6114739755629368,0.6114739755629368,0.6114739755629368,0.6114739755629368,0.6114739755629368,0.6114739755629368,0.6114739755629368,0.6114739755629368,0.6114739755629368,0.6114739755629368,0.6114739755629368,0.6114739755629368,0.6114739755629368,0.6114739755629368,0.6114739755629368,0.6114739755629368,0.6114739755629368,0.6114739755629368,0.6114739755629368,0.6114739755629368,0.6114739755629368,0.6114739755629368,0.6114739755629368],"compilation_time":1.0566401481628418,"equivalence_time":0.00043010711669921875,"hop_count_time":4.788259983062744}