{"topology":"jellyfish-16-8-4","routing_scheme":"shortest path","max_failures":-1,"failure_prob":[1,32],"equivalent_to_teleport":false,"min_prob_of_delivery":0.909149169921875,"avg_prob_of_delivery":0.9387288411458333,"hop_count_cdf":[0.25833333333333336,0.6962890625,0.9387288411458333,0.9387288411458333,0.9387288411458333,0.9387288411458333,0.9387288411458333,0.9387288411458333,0.9387288411458333,0.9387288411458333,0.9387288411458333,0.9387288411458333,0.9387288411458333,0.9387288411458333,0.9387288411458333,0.9387288411458333,0.9387288411458333,0.9387288411458333,0.9387288411458333,0.9387288411458333,0.9387288411458333,0.9387288411458333,0.9387288411458333,0.9387288411458333,0.9387288411458333,0.9387288411458333,0.9387288411458333,0.9387288411458333,0.9387288411458333,0.9387288411458333,0.9387288411458333,0.9387288411458333],"compilation_time":0.8163139820098877,"equivalence_time":0.0002799034118652344,"hop_count_time":1.126296043395996}