{"topology":"jellyfish-16-8-4","routing_scheme":"shortest path","max_failures":-1,"failure_prob":[1,8],"equivalent_to_teleport":false,"min_prob_of_delivery":0.669921875,"avg_prob_of_delivery":0.7692708333333333,"hop_count_cdf":[0.23333333333333334,0.590625,0.7692708333333333,0.7692708333333333,0.7692708333333333,0.7692708333333333,0.7692708333333333,0.7692708333333333,0.7692708333333333,0.7692708333333333,0.7692708333333333,0.7692708333333333,0.7692708333333333,0.7692708333333333,0.7692708333333333,0.7692708333333333,0.7692708333333333,0.7692708333333333,0.7692708333333333,0.7692708333333333,0.7692708333333333,0.7692708333333333,0.7692708333333333,0.7692708333333333,0.7692708333333333,0.7692708333333333,0.7692708333333333,0.7692708333333333,0.7692708333333333,0.7692708333333333,0.7692708333333333,0.7692708333333333],"compilation_time":0.7078261375427246,"equivalence_time":0.00044417381286621094,"hop_count_time":0.9220719337463379}