{"topology":"jellyfish-16-8-4","routing_scheme":"shortest path","max_failures":-1,"failure_prob":[1,16],"equivalent_to_teleport":false,"min_prob_of_delivery":0.823974609375,"avg_prob_of_delivery":0.8798828125,"hop_count_cdf":[0.25,0.66015625,0.8798828125,0.8798828125,0.8798828125,0.8798828125,0.8798828125,0.8798828125,0.8798828125,0.8798828125,0.8798828125,0.8798828125,0.8798828125,0.8798828125,0.8798828125,0.8798828125,0.8798828125,0.8798828125,0.8798828125,0.8798828125,0.8798828125,0.8798828125,0.8798828125,0.8798828125,0.8798828125,0.8798828125,0.8798828125,0.8798828125,0.8798828125,0.8798828125,0.8798828125,0.8798828125],"compilation_time":0.8866720199584961,"equivalence_time":0.00041985511779785156,"hop_count_time":1.0265460014343262}