{"topology":"jellyfish-16-8-4","routing_scheme":"shortest path","max_failures":-1,"failure_prob":[0,1],"equivalent_to_teleport":true,"min_prob_of_delivery":1.0,"avg_prob_of_delivery":1.0,"hop_count_cdf":[0.26666666666666666,0.7333333333333333,1.0,1.0,1.0,1.0,1.0,1.0,1.0,1.0,1.0,1.0,1.0,1.0,1.0,1.0,1.0,1.0,1.0,1.0,1.0,1.0,1.0,1.0,1.0,1.0,1.0,1.0,1.0,1.0,1.0,1.0],"compilation_time":0.9277589321136475,"equivalence_time":0.002791881561279297,"hop_count_time":1.563171148300171}