{"topology":"jellyfish-16-8-4","routing_scheme":"random walk","max_failures":1,"failure_prob":[1,32],"equivalent_to_teleport":false,"min_prob_of_delivery":0.8801494373671318,"avg_prob_of_delivery":0.8913009623900267,"hop_count_cdf":[0.07388956053421158,0.1302272177106738,0.18126978871976668,0.22741745393985327,0.2707732937918492,0.3112380487114456,0.34949683072143206,0.38556162591690235,0.4197428073845908,0.4520999202267619,0.48280755542361153,0.5119367200841443,0.5396031106066843,0.5658761922490931,0.5908423433258913,0.6145656016256485,0.6371157330255632,0.6585506705589429,0.6789295229148149,0.6983044466411039,0.7167269319935433,0.7342439263333087,0.7509010004570099,0.7667404577997103,0.7818029968515161,0.7961267799582914,0.8097483438283574,0.8227021458602805,0.835021085823185,0.8467362951888052,0.8578774513837515,0.8684726923950613],"compilation_time":1.2676842212677002,"equivalence_time":0.00020599365234375,"hop_count_time":7.68232798576355}