{"topology":"jellyfish-16-8-4","routing_scheme":"random walk","max_failures":1,"failure_prob":[1,8],"equivalent_to_teleport":false,"min_prob_of_delivery":0.8476811089143624,"avg_prob_of_delivery":0.8613607748862138,"hop_count_cdf":[0.06796236311799744,0.1193909714103372,0.16625269201165283,0.2093118330919157,0.2501831357407663,0.2887293096816498,0.32541573429608917,0.3602093403011819,0.393317095695417,0.4247697876105103,0.4546905811080007,0.483133103726695,0.510186397115209,0.535909419237359,0.5603742596317941,0.5836385358457458,0.6057640881984628,0.6268048471175736,0.6468153429938043,0.6658451540752613,0.6839429883561969,0.7011540549175074,0.7175221272779729,0.7330882710414957,0.7478919425392521,0.7619703710908748,0.7753591755027096,0.7880920725805844,0.8002012426301431,0.8117172041501254,0.8226690437170426,0.8330843760734582],"compilation_time":0.9698028564453125,"equivalence_time":0.0001709461212158203,"hop_count_time":7.99609899520874}