{"topology":"jellyfish-16-8-4","routing_scheme":"random walk","max_failures":1,"failure_prob":[1,4],"equivalent_to_teleport":false,"min_prob_of_delivery":0.8121730690111374,"avg_prob_of_delivery":0.8399766924982809,"hop_count_cdf":[0.062257447050288385,0.11145981342030148,0.1565584608539141,0.1985909400386464,0.23841939268434506,0.2761171893967621,0.3119522598870755,0.34598476986600135,0.3783455061629851,0.409107686823092,0.4383603717877774,0.4661763224112925,0.4926282806239711,0.517783427509972,0.5417056376919601,0.5644557084736215,0.5860910322749708,0.606666436969504,0.6262337991325375,0.6448425915933595,0.6625397543097602,0.6793699738046274,0.6953757195182091,0.7105973831111452,0.7250733812734173,0.7388402373017008,0.7519326972880378,0.7643837922923036,0.7762249466921775,0.7874860351746469,0.7981954775006234,0.8083802940650375],"compilation_time":0.8680300712585449,"equivalence_time":0.0002219676971435547,"hop_count_time":7.952989101409912}