{"topology":"jellyfish-16-8-4","routing_scheme":"random walk","max_failures":1,"failure_prob":[1,16],"equivalent_to_teleport":false,"min_prob_of_delivery":0.8666619029880692,"avg_prob_of_delivery":0.8766924589058348,"hop_count_cdf":[0.07174131087238265,0.12584999970337235,0.17473479624284924,0.21907095905225907,0.2608977296806285,0.3001324511086614,0.3373924466361327,0.3726598029526768,0.40619589914858223,0.43803213356324044,0.4683123569159634,0.49708846721663297,0.5244580578876951,0.5504788901470902,0.5752269793739992,0.5987594807932839,0.6211402813234553,0.6424233185414031,0.6626643511649275,0.6819132054647731,0.7002194312394076,0.7176285899747243,0.734185095449247,0.7499303982460839,0.7649044771776967,0.7791449438776178,0.7926878623063371,0.8055673127351017,0.8178158643911918,0.8294643737744989,0.8405422721818594,0.8510774849770085],"compilation_time":1.108349084854126,"equivalence_time":0.0002129077911376953,"hop_count_time":9.6026611328125}