{"topology":"jellyfish-16-8-4","routing_scheme":"random walk","max_failures":1,"failure_prob":[1,64],"equivalent_to_teleport":false,"min_prob_of_delivery":0.8970734040955053,"avg_prob_of_delivery":0.9088035476963147,"hop_count_cdf":[0.07506376563654731,0.13288185518158865,0.18561552867989173,0.2334641561265947,0.27849792275375895,0.32053922629132453,0.3602620874568487,0.3976551919631966,0.4330324305515226,0.4664532002088472,0.4981021483900584,0.5280585902637909,0.5564498847745271,0.583355765710349,0.6088734782417219,0.6330766427862163,0.6560441857002016,0.6778420559753809,0.6985366639720084,0.7181865042688653,0.7368486902319146,0.7545750180726083,0.7714152938981234,0.7874154553573844,0.8026193448653368,0.8170678133638406,0.8307997095828897,0.8438514640189988,0.8562576672197777,0.8680508922686859,0.8792620498076804,0.8899203294387308],"compilation_time":1.2218170166015625,"equivalence_time":0.00014495849609375,"hop_count_time":10.337349891662598}