{"topology":"jellyfish-16-8-4","routing_scheme":"random walk","max_failures":2,"failure_prob":[1,4],"equivalent_to_teleport":false,"min_prob_of_delivery":0.6958908142889504,"avg_prob_of_delivery":0.722862167686588,"hop_count_cdf":[0.056398401671747825,0.09730197227841386,0.1348512449929064,0.16974437045877566,0.20290528371056496,0.23426247023960872,0.26408632006829863,0.29239871105440285,0.31932604639150186,0.34491831254169736,0.36925742915669363,0.3923989104820605,0.41440683408040735,0.43533485390059196,0.45523763613425655,0.47416483996023606,0.49216481065878454,0.5092828233649225,0.5255622415916319,0.5410441220468836,0.5557675693587517,0.569769744432136,0.5830859812647688,0.5957498934647161,0.6077934303031037,0.6192469911960532,0.6301394714419755,0.6404983627401897,0.6503497998727691,0.659718645236981,0.6686285369295479,0.6771019599494551],"compilation_time":1.2417409420013428,"equivalence_time":0.00018095970153808594,"hop_count_time":12.114902019500732}