{"topology":"jellyfish-16-8-4","routing_scheme":"random walk","max_failures":2,"failure_prob":[1,32],"equivalent_to_teleport":false,"min_prob_of_delivery":0.7917384942231315,"avg_prob_of_delivery":0.8149595270910167,"hop_count_cdf":[0.07248634560094699,0.1270269358257499,0.1758911096909873,0.21947999656180106,0.2599288476324809,0.2972113057999489,0.33206782084816117,0.3645842214664597,0.39512289911897625,0.4237990064874992,0.4508259447477071,0.47631126797132023,0.5003958246992379,0.5231706839754084,0.5447365205747562,0.5651685661437451,0.5845432618102046,0.6029229799661266,0.6203685671553077,0.6369324785385116,0.6526649528943433,0.6676108448518201,0.6818127958095147,0.6953097446228792,0.7081386209491938,0.7203336415006666,0.7319272487243308,0.7429497847895488,0.7534300319461082,0.7633950719599686,0.7728706101730929,0.7818809270258191],"compilation_time":1.4759058952331543,"equivalence_time":0.0001590251922607422,"hop_count_time":12.918881893157959}