{"topology":"jellyfish-16-8-4","routing_scheme":"random walk","max_failures":2,"failure_prob":[1,8],"equivalent_to_teleport":false,"min_prob_of_delivery":0.7412470014378537,"avg_prob_of_delivery":0.7573214592788071,"hop_count_cdf":[0.06539281011018401,0.11167174818307116,0.15243570332225917,0.1891026593966789,0.22372176634156654,0.25625054062512426,0.28720807339522436,0.31654707038837987,0.3444738269439211,0.370998385210206,0.39623615779910343,0.420224385174405,0.44304324292795194,0.4647387711464316,0.48537413268941887,0.5049962359231611,0.523658352085198,0.5414051849472883,0.5582832576208517,0.5743340159678424,0.5895987985271932,0.6041155574856483,0.6179213395754279,0.6310506928039784,0.6435369600080457,0.6554114973547449,0.6667043801590109,0.6774440236973198,0.6876575876181041,0.6973708006059132,0.7066082049564152,0.7153930858856468],"compilation_time":1.266808032989502,"equivalence_time":0.00021004676818847656,"hop_count_time":13.711851835250854}