{"topology":"jellyfish-16-8-4","routing_scheme":"random walk","max_failures":2,"failure_prob":[1,16],"equivalent_to_teleport":false,"min_prob_of_delivery":0.7637473464799739,"avg_prob_of_delivery":0.7845027416306334,"hop_count_cdf":[0.07009744279712526,0.12140762374170662,0.1665604385267772,0.2064880520047892,0.24348542721005925,0.2777049995551159,0.3099033249440494,0.3401756740030683,0.36884102504579624,0.39597278948082326,0.4217321500798237,0.44618127699360266,0.46941825871894943,0.491498722227687,0.5124930173349956,0.5324519210225003,0.5514318546787575,0.5694793124186913,0.5866424351716159,0.6029636991986972,0.6184854533693608,0.6332463861642331,0.6472842897435025,0.6606343165654259,0.6733304197146971,0.6854044846533373,0.6968871134985316,0.7078071964857369,0.7181923593763059,0.7280687604111862,0.7374613589487681,0.7463938294292256],"compilation_time":1.5384390354156494,"equivalence_time":0.00016379356384277344,"hop_count_time":12.129149913787842}