{"topology":"jellyfish-16-8-4","routing_scheme":"random walk","max_failures":2,"failure_prob":[1,64],"equivalent_to_teleport":false,"min_prob_of_delivery":0.8318890815894687,"avg_prob_of_delivery":0.8531917398042914,"hop_count_cdf":[0.07384354284501304,0.13030576111115083,0.18159179366705036,0.22787854353124481,0.2712296352585919,0.31146940329502887,0.34927509414740904,0.384649457935034,0.4179176766294468,0.44915677720126024,0.4785658100502695,0.5062412007960478,0.532324550413755,0.5569104126022956,0.5801084438616962,0.6020042030388318,0.6226865675600932,0.6422305493554493,0.660710004734312,0.6781899060744251,0.6947325516266444,0.7103940329375159,0.7252274387736432,0.7392812408192168,0.7526010403827678,0.7652288525097231,0.7772041116279866,0.7885633824535301,0.7993409705929473,0.8095688359895843,0.8192769831238994,0.8284934681612234],"compilation_time":1.5231060981750488,"equivalence_time":0.00022792816162109375,"hop_count_time":13.906124114990234}