{"topology":"jellyfish-16-8-4","routing_scheme":"random walk","max_failures":3,"failure_prob":[1,32],"equivalent_to_teleport":false,"min_prob_of_delivery":0.7267166669684623,"avg_prob_of_delivery":0.7595959151166872,"hop_count_cdf":[0.07139281400088068,0.12480545010864996,0.17250205912285183,0.2148259077223715,0.25386889548957564,0.289584649581544,0.3227030071727501,0.35332202445257693,0.3818179751144399,0.40833243945757797,0.43310268548386316,0.45626463437380965,0.4779833254984533,0.4983740971565913,0.5175575777675283,0.5356271957857548,0.5526738353679665,0.5687721454220547,0.5839922931516676,0.5983941185112757,0.6120330757562809,0.6249577366879612,0.6372129567255402,0.6488388306554558,0.6598724571390174,0.6703475289972416,0.6802953540863682,0.6897447212195336,0.698722510125059,0.7072536740035649,0.7153616150975108,0.7230682134585377],"compilation_time":1.8570780754089355,"equivalence_time":0.00019884109497070312,"hop_count_time":23.338554859161377}