{"topology":"jellyfish-16-8-4","routing_scheme":"random walk","max_failures":3,"failure_prob":[1,4],"equivalent_to_teleport":false,"min_prob_of_delivery":0.6068683484356094,"avg_prob_of_delivery":0.6279494013834579,"hop_count_cdf":[0.0549011847563533,0.09047296439756609,0.12214655834319707,0.15119215419648638,0.17898488079924135,0.20519830715078005,0.2302010061516311,0.2539025238387203,0.27647291644426536,0.29790806259756697,0.3183058855817507,0.3376923824146138,0.35613476509015163,0.37366860549533937,0.39034602884722996,0.40620426104066926,0.42128681142015423,0.43562952366416824,0.44927018476815156,0.4622421741627914,0.47457897642341673,0.4863112175879465,0.49746886775062377,0.5080798302570539,0.5181710634223622,0.5277679022880076,0.5368946572677209,0.5455742909478211,0.5538287546643262,0.5616788413233383,0.5691443860036937,0.5762442073723285],"compilation_time":2.0439651012420654,"equivalence_time":0.00021600723266601562,"hop_count_time":22.70849299430847}