{"topology":"jellyfish-16-8-4","routing_scheme":"random walk","max_failures":3,"failure_prob":[1,8],"equivalent_to_teleport":false,"min_prob_of_delivery":0.6468263511487806,"avg_prob_of_delivery":0.6718268987825583,"hop_count_cdf":[0.06428735418224756,0.10815679321272054,0.1451742929813763,0.17733516131804034,0.2071319389971281,0.2348518798955006,0.2611307247565286,0.2859887045780182,0.309639299689117,0.3320958773120308,0.353463744553817,0.37377272584587107,0.3930926730275702,0.4114612582334648,0.42893272991667886,0.44554614384040947,0.4613469800862645,0.47637277065516886,0.4906631020121571,0.5042529088301906,0.5171772957373791,0.5294683160246215,0.5411573922064279,0.5522737332519264,0.5628456000686399,0.5728995186332774,0.5824609696122169,0.5915539992740638,0.6002016122373066,0.6084255856296017,0.6162467039573388,0.6236846785422249],"compilation_time":2.2881219387054443,"equivalence_time":0.00014591217041015625,"hop_count_time":21.317280054092407}