{"topology":"jellyfish-16-8-4","routing_scheme":"random walk","max_failures":3,"failure_prob":[1,16],"equivalent_to_teleport":false,"min_prob_of_delivery":0.6798912756860364,"avg_prob_of_delivery":0.7117420832710772,"hop_count_cdf":[0.06900291810721831,0.11897980911151226,0.16235434917412936,0.19999030504979198,0.23419470618448335,0.2652474624760506,0.2940081013718373,0.3206998936844682,0.34572457543955265,0.36923309282735794,0.39143162971853174,0.4124189464093983,0.43231166591859166,0.45117857404757594,0.46909441315160516,0.48611178368167857,0.5022850608600983,0.5176577349077283,0.5322734012203649,0.546169791278343,0.5593840033768384,0.5719495846798366,0.5838991173306565,0.5952627570015538,0.6060695646848592,0.6163467675567087,0.6261204753217173,0.6354153099113096,0.6442548093794895,0.6526612496976397,0.6606558846626854,0.6682588687364625],"compilation_time":2.419735908508301,"equivalence_time":0.00015306472778320312,"hop_count_time":23.69220209121704}