{"topology":"jellyfish-16-8-4","routing_scheme":"random walk","max_failures":3,"failure_prob":[1,64],"equivalent_to_teleport":false,"min_prob_of_delivery":0.7910047348490393,"avg_prob_of_delivery":0.8185933359691381,"hop_count_cdf":[0.07300552303166728,0.12861508247213654,0.17907487385452697,0.22454738003073887,0.2670873725367871,0.3065046919568648,0.3434657869618762,0.37796488947269125,0.41032072807038766,0.44060723723115136,0.46902167218569946,0.4956613936907725,0.5206697382264229,0.5441447930598489,0.5662001478270855,0.5869262857942651,0.6064170838410053,0.6247529565330305,0.6420129978155684,0.6582674345458819,0.6735834988027978,0.6880220032480331,0.7016403545912531,0.71449101203304,0.7266231350205824,0.738081923538572,0.7489095804028156,0.7591450698348677,0.7688247173398973,0.7779821653344916,0.7866487706909859,0.7948536494641362],"compilation_time":1.8356139659881592,"equivalence_time":0.00015592575073242188,"hop_count_time":18.038235187530518}