{"topology":"jellyfish-16-8-4","routing_scheme":"random walk","max_failures":4,"failure_prob":[1,4],"equivalent_to_teleport":false,"min_prob_of_delivery":0.5228187364886486,"avg_prob_of_delivery":0.5474563151459759,"hop_count_cdf":[0.05414031863971941,0.08664273503581893,0.11377408782884513,0.13810207617792852,0.16137150966768854,0.18332009516244802,0.20428630552510624,0.22415827350522735,0.2430925345049725,0.26107141200478967,0.27818427392031514,0.29444694810215416,0.30991931861341193,0.3246285579975052,0.3386200993439177,0.351923916029627,0.36457735789274376,0.37660987577868393,0.38805360432897884,0.39893622953397967,0.4092860701873099,0.4191286525019631,0.4284892411388973,0.43739115535985046,0.44585707761657195,0.45390821332643916,0.46156499376242727,0.4688466559965299,0.47577163598636746,0.4823573626078363,0.4886204874946874,0.4945767899061443],"compilation_time":4.329718112945557,"equivalence_time":0.00025200843811035156,"hop_count_time":31.107971906661987}