{"topology":"jellyfish-16-8-4","routing_scheme":"random walk","max_failures":4,"failure_prob":[1,32],"equivalent_to_teleport":false,"min_prob_of_delivery":0.6792356630052454,"avg_prob_of_delivery":0.7194109502725388,"hop_count_cdf":[0.07049802439908004,0.1230303436009677,0.16989170785170138,0.21140057737938495,0.24962429639158146,0.2844875195457585,0.31669556760783835,0.3463296869529614,0.37375440967450047,0.39910850541952947,0.42263018953586007,0.44446267844451026,0.4647801477025516,0.4837103532869349,0.5013865281577435,0.517915670684443,0.5334013505046511,0.5479304915777747,0.5615841434885158,0.5744319846365269,0.5865378142817304,0.5979573460728804,0.6087412210020292,0.6189342113780448,0.6285769801575856,0.6377058783332769,0.6463540229742191,0.6545513290735067,0.6623251937033154,0.6697006060622485,0.6767005928849351,0.6833463414313994],"compilation_time":3.3928580284118652,"equivalence_time":0.00018906593322753906,"hop_count_time":27.969637155532837}