{"topology":"jellyfish-16-8-4","routing_scheme":"random walk","max_failures":4,"failure_prob":[1,8],"equivalent_to_teleport":false,"min_prob_of_delivery":0.5670546562519403,"avg_prob_of_delivery":0.6013298917514786,"hop_count_cdf":[0.06341819485052225,0.10612717652456168,0.14113619740786,0.17047385121869854,0.1968475267309388,0.22089992109474285,0.24344810716768867,0.26465676695417684,0.28478229460637317,0.30387012441746725,0.32202435725246203,0.33927619529076386,0.35568709701669743,0.3712897811688956,0.38613049635118196,0.4002424387111983,0.41366421393587344,0.4264276775397327,0.4385664389621732,0.45011015978267227,0.4610886548529476,0.4715291457630345,0.48145832394299254,0.4909009979610657,0.4998811745675494,0.5084213845721343,0.5165432730315103,0.5242672650149161,0.5316129021067352,0.5385986822171598,0.5452422608886266,0.5515603814489561],"compilation_time":3.380141019821167,"equivalence_time":0.000164031982421875,"hop_count_time":33.31946897506714}