{"topology":"jellyfish-16-8-4","routing_scheme":"random walk","max_failures":4,"failure_prob":[1,64],"equivalent_to_teleport":false,"min_prob_of_delivery":0.765500271255287,"avg_prob_of_delivery":0.7970553249689382,"hop_count_cdf":[0.07248504302583901,0.12757230845947892,0.17753657950252102,0.22253693790619006,0.26462777034543467,0.3036125267220401,0.3401527536681668,0.3742364786266447,0.4061769946844981,0.4360430707733345,0.4640274657801311,0.4902238697984001,0.5147726319522146,0.5377697837264538,0.5593275094590455,0.5795357183037662,0.5984882652952157,0.6162661920595284,0.6329496339893241,0.6486103098100657,0.6633172106391101,0.6771331773217681,0.6901177773029739,0.7023257504481144,0.7138085592268997,0.7246137135182951,0.7347856665173906,0.744365560903938,0.7533917863973124,0.7618999283088695,0.7699231407093203,0.7774921895717392],"compilation_time":3.632676124572754,"equivalence_time":0.0014750957489013672,"hop_count_time":30.53809094429016}