{"topology":"jellyfish-16-8-4","routing_scheme":"random walk","max_failures":4,"failure_prob":[1,16],"equivalent_to_teleport":false,"min_prob_of_delivery":0.6126232889085091,"avg_prob_of_delivery":0.6542673833818418,"hop_count_cdf":[0.06808637888112974,0.11715726236746145,0.1595507679843189,0.19600346082141398,0.2287285664395679,0.2579898314481835,0.2846612149575941,0.309028802749967,0.3315538031081038,0.35245783055324814,0.37200106357860074,0.39033183864413673,0.4076007856805923,0.42390385787105334,0.43933255688600037,0.4539512608849565,0.46782025532807253,0.48098613921648414,0.49349267653171114,0.5053764479514004,0.5166720821391626,0.5274101555435248,0.537619776559832,0.5473275231741435,0.5565587571287147,0.5653370746261857,0.5736849988594221,0.5816236977005147,0.5891733648406725,0.5963530807498071,0.6031810336573522,0.6096744583304896],"compilation_time":2.536533832550049,"equivalence_time":0.0001399517059326172,"hop_count_time":31.450497150421143}