{"topology":"jellyfish-16-8-4","routing_scheme":"random walk","max_failures":-1,"failure_prob":[1,64],"equivalent_to_teleport":false,"min_prob_of_delivery":0.7233978276605787,"avg_prob_of_delivery":0.7615195573343723,"hop_count_cdf":[0.07196941415178924,0.12654212511514926,0.17601981498717853,0.22055995623215557,0.262218902588729,0.30079670792200275,0.3369531565552673,0.370672737563606,0.4022656924712341,0.431797041202216,0.4594559211091851,0.48533218874150935,0.5095624517833648,0.5322390660876049,0.553470707176822,0.5733440137090914,0.5919498265862558,0.609366512868481,0.6256718550632109,0.6409356051463276,0.655225139052386,0.6686020730021022,0.6811250979486524,0.6928484416074897,0.7038233732594045,0.7140975276431999,0.7237157557558968,0.7327198588632939,0.7411491034905665,0.7490401515771732,0.7564273951533741,0.7633429786702253],"compilation_time":1.8876140117645264,"equivalence_time":0.00013017654418945312,"hop_count_time":3.6064062118530273}