{"topology":"jellyfish-16-8-4","routing_scheme":"random walk","max_failures":-1,"failure_prob":[1,16],"equivalent_to_teleport":false,"min_prob_of_delivery":0.3559005845584333,"avg_prob_of_delivery":0.4371921925473072,"hop_count_cdf":[0.06374983698215705,0.10881635655405443,0.14758245314006999,0.1806619351827859,0.21012424221497808,0.23607332353023786,0.2592387568467205,0.27980435276746507,0.2981572497286957,0.3144925164278967,0.3290643391334003,0.34204677688960683,0.3536248789145058,0.3639442205797483,0.3731460792673185,0.381348934655673,0.38866299237035024,0.3951835096284097,0.4009973008392075,0.4061805179595741,0.4108018612070526,0.4149220424550712,0.4185955458550139,0.42187070766644574,0.4247907842461556,0.4273942318166171,0.4297154116728281,0.43178490800968117,0.43363002422387587,0.43527507886151034,0.43674177063916786,0.43804943380193606],"compilation_time":1.9785449504852295,"equivalence_time":0.00021386146545410156,"hop_count_time":4.512115955352783}