{"topology":"jellyfish-16-8-4","routing_scheme":"random walk","max_failures":-1,"failure_prob":[1,4],"equivalent_to_teleport":false,"min_prob_of_delivery":0.06143888218726562,"avg_prob_of_delivery":0.14308003755699386,"hop_count_cdf":[0.05000102957570765,0.07812676393759181,0.0974632252274551,0.11064719257682011,0.12004076959662667,0.12665721828255452,0.1313827355798904,0.13473846434373457,0.1371342712972657,0.13884012664567597,0.1400575074996261,0.1409251677963784,0.1415442159058607,0.14198560832857052,0.14230048489085853,0.14252503736470806,0.1426852151159495,0.14279945423838383,0.1428809402008526,0.14293905841249685,0.14298051288357003,0.14301008001422622,0.14303116937807733,0.14304621137949336,0.14305694032901992,0.14306459280004186,0.14307005102842696,0.1430739441458795,0.14307672095864032,0.1430787015421237,0.14308011421528682,0.14308112181653038],"compilation_time":2.3609378337860107,"equivalence_time":0.0002181529998779297,"hop_count_time":4.015453100204468}