{"topology":"jellyfish-16-8-4","routing_scheme":"random walk","max_failures":-1,"failure_prob":[1,32],"equivalent_to_teleport":false,"min_prob_of_delivery":0.5529984742959186,"avg_prob_of_delivery":0.6128329549063747,"hop_count_cdf":[0.06825769259745791,0.11862717733361175,0.16347973002204239,0.2031179922896034,0.23960092862564805,0.27282600785534694,0.30347356601091235,0.33159491518479817,0.35752586561111127,0.3813775940894588,0.40336305841742026,0.4236042178346466,0.4422572866606951,0.45943688758307105,0.47526661733100234,0.48984828298009686,0.503283322679937,0.5156600241860056,0.5270630906284748,0.5375682595076017,0.5472468404556724,0.5561634705663231,0.5643784211924546,0.5719467154818455,0.5789193952263189,0.5853432383380947,0.5912615140712514,0.5967139629904299,0.6017372851466205,0.6063652295545318,0.6106289336445199,0.6145570520023371],"compilation_time":2.3091700077056885,"equivalence_time":0.00014901161193847656,"hop_count_time":4.047162055969238}