{"topology":"jellyfish-16-8-4","routing_scheme":"random walk","max_failures":-1,"failure_prob":[1,8],"equivalent_to_teleport":false,"min_prob_of_delivery":0.1793413760140037,"avg_prob_of_delivery":0.27121234659524235,"hop_count_cdf":[0.05847050595437077,0.09686598464437,0.12766580161300467,0.15216915225198585,0.1725376329923826,0.18927615094164668,0.20322332840839935,0.21477851142890528,0.22440321201695826,0.23239836667077068,0.2390550385745692,0.24459017409739026,0.24919750399451915,0.2530301353856404,0.25621990327900385,0.2588737975073061,0.26108238509961634,0.262920083334192,0.2644493698625739,0.2657218914385605,0.2667808306813473,0.26766199249282446,0.26839525036515616,0.26900541311072457,0.2695131562238238,0.26993566460956764,0.2702872510561518,0.270579817641825,0.2708232737070661,0.27102586181506777,0.2711944430679508,0.27133472542972664],"compilation_time":1.6908719539642334,"equivalence_time":0.00023293495178222656,"hop_count_time":3.2722339630126953}