{
  "topology": "abfattree_4_sw_20",
  "routing_scheme": "f10_s1_s2_lr",
  "max_failures": 1,
  "failure_prob": [ 1, 2 ],
  "equivalent_to_teleport": true,
  "min_prob_of_delivery": 1.0,
  "avg_prob_of_delivery": 1.0,
  "hop_count_cdf": [
    0.0, 0.14285714285714285, 0.14285714285714285, 0.7321428571428571,
    0.7321428571428571, 1.0, 1.0, 1.0, 1.0, 1.0, 1.0, 1.0, 1.0, 1.0, 1.0,
    1.0, 1.0, 1.0, 1.0, 1.0, 1.0, 1.0, 1.0, 1.0, 1.0, 1.0, 1.0, 1.0, 1.0,
    1.0, 1.0, 1.0
  ],
  "compilation_times": [ 26.65541386604309 ],
  "equivalence_times": [ 0.00011706352233886719 ],
  "hop_count_times": [ 30.945500135421753 ]
}