{
  "topology": "abfattree_4_sw_20",
  "routing_scheme": "f10_s1_s2_lr",
  "max_failures": 2,
  "failure_prob": [ 1, 8 ],
  "equivalent_to_teleport": true,
  "min_prob_of_delivery": 1.0,
  "avg_prob_of_delivery": 1.0,
  "hop_count_cdf": [
    0.0, 0.14285714285714285, 0.14285714285714285, 0.8936941964285714,
    0.8936941964285714, 0.9920792579650879, 0.9920792579650879, 1.0, 1.0,
    1.0, 1.0, 1.0, 1.0, 1.0, 1.0, 1.0, 1.0, 1.0, 1.0, 1.0, 1.0, 1.0, 1.0,
    1.0, 1.0, 1.0, 1.0, 1.0, 1.0, 1.0, 1.0, 1.0
  ],
  "compilation_times": [ 26.59443998336792 ],
  "equivalence_times": [ 0.0001919269561767578 ],
  "hop_count_times": [ 33.439549922943115 ]
}