{
  "topology": "abfattree_4_sw_20",
  "routing_scheme": "f10_s1_s2_lr",
  "max_failures": 4,
  "failure_prob": [ 1, 128 ],
  "equivalent_to_teleport": false,
  "min_prob_of_delivery": 0.9999999962747097,
  "avg_prob_of_delivery": 0.999999996806894,
  "hop_count_cdf": [
    0.0, 0.14285714285714285, 0.14285714285714285, 0.9933035714285714,
    0.9933035714285714, 0.9999472787134734, 0.9999472787134734,
    0.9999995823486968, 0.9999995823486968, 0.9999999938545687,
    0.9999999938545687, 0.999999996806894, 0.999999996806894,
    0.999999996806894, 0.999999996806894, 0.999999996806894,
    0.999999996806894, 0.999999996806894, 0.999999996806894,
    0.999999996806894, 0.999999996806894, 0.999999996806894,
    0.999999996806894, 0.999999996806894, 0.999999996806894,
    0.999999996806894, 0.999999996806894, 0.999999996806894,
    0.999999996806894, 0.999999996806894, 0.999999996806894,
    0.999999996806894
  ],
  "compilation_times": [ 26.960999011993408 ],
  "equivalence_times": [ 0.0001571178436279297 ],
  "hop_count_times": [ 43.23878192901611 ]
}