{
  "topology": "abfattree_4_sw_20",
  "routing_scheme": "f10_s1_s2_lr",
  "max_failures": 4,
  "failure_prob": [ 1, 4 ],
  "equivalent_to_teleport": false,
  "min_prob_of_delivery": 0.99609375,
  "avg_prob_of_delivery": 0.9966517857142857,
  "hop_count_cdf": [
    0.0, 0.14285714285714285, 0.14285714285714285, 0.7857142857142857,
    0.7857142857142857, 0.9381888253348214, 0.9381888253348214,
    0.987243822642735, 0.987243822642735, 0.9964553797617555,
    0.9964553797617555, 0.9966517857142857, 0.9966517857142857,
    0.9966517857142857, 0.9966517857142857, 0.9966517857142857,
    0.9966517857142857, 0.9966517857142857, 0.9966517857142857,
    0.9966517857142857, 0.9966517857142857, 0.9966517857142857,
    0.9966517857142857, 0.9966517857142857, 0.9966517857142857,
    0.9966517857142857, 0.9966517857142857, 0.9966517857142857,
    0.9966517857142857, 0.9966517857142857, 0.9966517857142857,
    0.9966517857142857
  ],
  "compilation_times": [ 26.82373285293579 ],
  "equivalence_times": [ 0.0001068115234375 ],
  "hop_count_times": [ 43.67777490615845 ]
}