{
  "topology": "abfattree_4_sw_20",
  "routing_scheme": "f10_s1_s2_lr",
  "max_failures": 4,
  "failure_prob": [ 1, 8 ],
  "equivalent_to_teleport": false,
  "min_prob_of_delivery": 0.999755859375,
  "avg_prob_of_delivery": 0.9997907366071429,
  "hop_count_cdf": [
    0.0, 0.14285714285714285, 0.14285714285714285, 0.8928571428571429,
    0.8928571428571429, 0.985215255192348, 0.985215255192348,
    0.9981749071905922, 0.9981749071905922, 0.9997351929830002,
    0.9997351929830002, 0.9997907366071429, 0.9997907366071429,
    0.9997907366071429, 0.9997907366071429, 0.9997907366071429,
    0.9997907366071429, 0.9997907366071429, 0.9997907366071429,
    0.9997907366071429, 0.9997907366071429, 0.9997907366071429,
    0.9997907366071429, 0.9997907366071429, 0.9997907366071429,
    0.9997907366071429, 0.9997907366071429, 0.9997907366071429,
    0.9997907366071429, 0.9997907366071429, 0.9997907366071429,
    0.9997907366071429
  ],
  "compilation_times": [ 26.854737997055054 ],
  "equivalence_times": [ 0.0001277923583984375 ],
  "hop_count_times": [ 43.595688819885254 ]
}