{
  "topology": "abfattree_4_sw_20",
  "routing_scheme": "f10_s1_s2_lr",
  "max_failures": 4,
  "failure_prob": [ 1, 64 ],
  "equivalent_to_teleport": false,
  "min_prob_of_delivery": 0.9999999403953552,
  "avg_prob_of_delivery": 0.9999999489103045,
  "hop_count_cdf": [
    0.0, 0.14285714285714285, 0.14285714285714285, 0.9866071428571429,
    0.9866071428571429, 0.9997875206759416, 0.9997875206759416,
    0.9999965971654118, 0.9999965971654118, 0.9999999052594327,
    0.9999999052594327, 0.9999999489103045, 0.9999999489103045,
    0.9999999489103045, 0.9999999489103045, 0.9999999489103045,
    0.9999999489103045, 0.9999999489103045, 0.9999999489103045,
    0.9999999489103045, 0.9999999489103045, 0.9999999489103045,
    0.9999999489103045, 0.9999999489103045, 0.9999999489103045,
    0.9999999489103045, 0.9999999489103045, 0.9999999489103045,
    0.9999999489103045, 0.9999999489103045, 0.9999999489103045,
    0.9999999489103045
  ],
  "compilation_times": [ 26.946757793426514 ],
  "equivalence_times": [ 0.00019598007202148438 ],
  "hop_count_times": [ 43.7596070766449 ]
}