{
  "topology": "abfattree_4_sw_20",
  "routing_scheme": "f10_s1_s2_lr",
  "max_failures": 4,
  "failure_prob": [ 1, 16 ],
  "equivalent_to_teleport": false,
  "min_prob_of_delivery": 0.9999847412109375,
  "avg_prob_of_delivery": 0.9999869210379464,
  "hop_count_cdf": [
    0.0, 0.14285714285714285, 0.14285714285714285, 0.9464285714285714,
    0.9464285714285714, 0.9964581637510231, 0.9964581637510231,
    0.9997694370812512, 0.9997694370812512, 0.9999800473488808,
    0.9999800473488808, 0.9999869210379464, 0.9999869210379464,
    0.9999869210379464, 0.9999869210379464, 0.9999869210379464,
    0.9999869210379464, 0.9999869210379464, 0.9999869210379464,
    0.9999869210379464, 0.9999869210379464, 0.9999869210379464,
    0.9999869210379464, 0.9999869210379464, 0.9999869210379464,
    0.9999869210379464, 0.9999869210379464, 0.9999869210379464,
    0.9999869210379464, 0.9999869210379464, 0.9999869210379464,
    0.9999869210379464
  ],
  "compilation_times": [ 26.765548944473267 ],
  "equivalence_times": [ 0.00013494491577148438 ],
  "hop_count_times": [ 43.72235894203186 ]
}