{
  "topology": "abfattree_4_sw_20",
  "routing_scheme": "f10_s1_s2_lr",
  "max_failures": 4,
  "failure_prob": [ 1, 32 ],
  "equivalent_to_teleport": false,
  "min_prob_of_delivery": 0.9999990463256836,
  "avg_prob_of_delivery": 0.9999991825648716,
  "hop_count_cdf": [
    0.0, 0.14285714285714285, 0.14285714285714285, 0.9732142857142857,
    0.9732142857142857, 0.9991376906192662, 0.9991376906192662,
    0.9999720055708496, 0.9999720055708496, 0.9999985871916525,
    0.9999985871916525, 0.9999991825648716, 0.9999991825648716,
    0.9999991825648716, 0.9999991825648716, 0.9999991825648716,
    0.9999991825648716, 0.9999991825648716, 0.9999991825648716,
    0.9999991825648716, 0.9999991825648716, 0.9999991825648716,
    0.9999991825648716, 0.9999991825648716, 0.9999991825648716,
    0.9999991825648716, 0.9999991825648716, 0.9999991825648716,
    0.9999991825648716, 0.9999991825648716, 0.9999991825648716,
    0.9999991825648716
  ],
  "compilation_times": [ 26.51243805885315 ],
  "equivalence_times": [ 0.00011920928955078125 ],
  "hop_count_times": [ 43.89084982872009 ]
}