{
  "topology": "abfattree_4_sw_20",
  "routing_scheme": "f10_s1_s2_lr",
  "max_failures": -1,
  "failure_prob": [ 1, 32 ],
  "equivalent_to_teleport": false,
  "min_prob_of_delivery": 0.9999990155629651,
  "avg_prob_of_delivery": 0.9999991561968272,
  "hop_count_cdf": [
    0.0, 0.14285714285714285, 0.14285714285714285, 0.9732142857142857,
    0.9732142857142857, 0.9991376059395927, 0.9991376059395927,
    0.9999714671783815, 0.9999714671783815, 0.9999982662892136,
    0.9999982662892136, 0.9999991275957767, 0.9999991275957767,
    0.9999991552776081, 0.9999991552776081, 0.9999991561672841,
    0.9999991561672841, 0.9999991561958778, 0.9999991561958778,
    0.9999991561967967, 0.9999991561967967, 0.9999991561968262,
    0.9999991561968262, 0.9999991561968272, 0.9999991561968272,
    0.9999991561968272, 0.9999991561968272, 0.9999991561968272,
    0.9999991561968272, 0.9999991561968272, 0.9999991561968272,
    0.9999991561968272
  ],
  "compilation_times": [ 20.48675799369812 ],
  "equivalence_times": [ 7.081031799316406e-05 ],
  "hop_count_times": [ 34.80143117904663 ]
}