{
  "topology": "abfattree_4_sw_20",
  "routing_scheme": "f10_s1_s2_lr",
  "max_failures": -1,
  "failure_prob": [ 1, 4 ],
  "equivalent_to_teleport": false,
  "min_prob_of_delivery": 0.9948186528497409,
  "avg_prob_of_delivery": 0.9955588452997779,
  "hop_count_cdf": [
    0.0, 0.14285714285714285, 0.14285714285714285, 0.7857142881972474,
    0.7857142881972474, 0.9363839316363345, 0.9363839316363345,
    0.9792306114893249, 0.9792306114893249, 0.9910384619639213,
    0.9910384619639213, 0.994308036448432, 0.994308036448432,
    0.9952127162159884, 0.9952127162159884, 0.9954630658624998,
    0.9954630658624998, 0.995532343276927, 0.995532343276927,
    0.9955515139558534, 0.9955515139558534, 0.9955568189284271,
    0.9955568189284271, 0.9955582869377677, 0.9955582869377677,
    0.9955586931701043, 0.9955586931701043, 0.9955588055840426,
    0.9955588055840426, 0.9955588366915946, 0.9955588366915946,
    0.9955588452997779
  ],
  "compilation_times": [ 26.437095880508423 ],
  "equivalence_times": [ 0.00011706352233886719 ],
  "hop_count_times": [ 36.46439981460571 ]
}