{
  "topology": "abfattree_4_sw_20",
  "routing_scheme": "f10_s1_s2_lr",
  "max_failures": -1,
  "failure_prob": [ 1, 8 ],
  "equivalent_to_teleport": false,
  "min_prob_of_delivery": 0.999721059972106,
  "avg_prob_of_delivery": 0.9997609085475194,
  "hop_count_cdf": [
    0.0, 0.14285714285714285, 0.14285714285714285, 0.8928571428572102,
    0.8928571428572102, 0.9851422991072184, 0.9851422991072184,
    0.9977794374739188, 0.9977794374739188, 0.9994921117489596,
    0.9994921117489596, 0.9997244476384096, 0.9997244476384096,
    0.9997559627771323, 0.9997559627771323, 0.9997602376748722,
    0.9997602376748722, 0.9997608175465597, 0.9997608175465597,
    0.9997608962036921, 0.9997608962036921, 0.9997609068731982,
    0.9997609068731982, 0.9997609083204713, 0.9997609083204713,
    0.9997609085167878, 0.9997609085167878, 0.9997609085434173,
    0.9997609085434173, 0.9997609085470295, 0.9997609085470295,
    0.9997609085475194
  ],
  "compilation_times": [ 20.55316710472107 ],
  "equivalence_times": [ 7.104873657226562e-05 ],
  "hop_count_times": [ 36.45016312599182 ]
}