{
  "topology": "abfattree_4_sw_20",
  "routing_scheme": "f10_s1_s2_lr",
  "max_failures": -1,
  "failure_prob": [ 1, 2 ],
  "equivalent_to_teleport": false,
  "min_prob_of_delivery": 0.8888888888888888,
  "avg_prob_of_delivery": 0.9047619047619048,
  "hop_count_cdf": [
    0.0, 0.14285714285714285, 0.14285714285714285, 0.5714403428177293,
    0.5714403428177293, 0.7321590428029492, 0.7321590428029492,
    0.8192150052949433, 0.8192150052949433, 0.8619059099785173,
    0.8619059099785173, 0.8833559968906073, 0.8833559968906073,
    0.8940679610253643, 0.8940679610253643, 0.8994255780079039,
    0.8994255780079039, 0.9021041821347785, 0.9021041821347785,
    0.9034435097437652, 0.9034435097437652, 0.9041131703550649,
    0.9041131703550649, 0.9044480010598639, 0.9044480010598639,
    0.9046154163623699, 0.9046154163623699, 0.9046991240198594,
    0.9046991240198594, 0.9047409778478247, 0.9047409778478247,
    0.9047619047619048
  ],
  "compilation_times": [ 26.538301944732666 ],
  "equivalence_times": [ 9.107589721679688e-05 ],
  "hop_count_times": [ 35.887913942337036 ]
}