{
  "topology": "abfattree_4_sw_20",
  "routing_scheme": "f10_s1_s2_lr",
  "max_failures": -1,
  "failure_prob": [ 1, 128 ],
  "equivalent_to_teleport": false,
  "min_prob_of_delivery": 0.9999999962453767,
  "avg_prob_of_delivery": 0.9999999967817514,
  "hop_count_cdf": [
    0.0, 0.14285714285714285, 0.14285714285714285, 0.9933035714285714,
    0.9933035714285714, 0.9999472786273275, 0.9999472786273275,
    0.9999995817781497, 0.9999995817781497, 0.9999999935147922,
    0.9999999935147922, 0.9999999967560336, 0.9999999967560336,
    0.999999996781549, 0.999999996781549, 0.9999999967817499,
    0.9999999967817499, 0.9999999967817514, 0.9999999967817514,
    0.9999999967817514, 0.9999999967817514, 0.9999999967817514,
    0.9999999967817514, 0.9999999967817514, 0.9999999967817514,
    0.9999999967817514, 0.9999999967817514, 0.9999999967817514,
    0.9999999967817514, 0.9999999967817514, 0.9999999967817514,
    0.9999999967817514
  ],
  "compilation_times": [ 20.51653218269348 ],
  "equivalence_times": [ 5.91278076171875e-05 ],
  "hop_count_times": [ 37.284242153167725 ]
}