{
  "topology": "abfattree_4_sw_20",
  "routing_scheme": "f10_s1_s2_lr",
  "max_failures": -1,
  "failure_prob": [ 1, 64 ],
  "equivalent_to_teleport": false,
  "min_prob_of_delivery": 0.9999999394492535,
  "avg_prob_of_delivery": 0.9999999480993601,
  "hop_count_cdf": [
    0.0, 0.14285714285714285, 0.14285714285714285, 0.9866071428571429,
    0.9866071428571429, 0.999787517956325, 0.999787517956325,
    0.9999965793975077, 0.9999965793975077, 0.9999998946785493,
    0.9999998946785493, 0.9999999472522139, 0.9999999472522139,
    0.9999999480859261, 0.9999999480859261, 0.9999999480991471,
    0.9999999480991471, 0.9999999480993567, 0.9999999480993567,
    0.99999994809936, 0.99999994809936, 0.9999999480993601,
    0.9999999480993601, 0.9999999480993601, 0.9999999480993601,
    0.9999999480993601, 0.9999999480993601, 0.9999999480993601,
    0.9999999480993601, 0.9999999480993601, 0.9999999480993601,
    0.9999999480993601
  ],
  "compilation_times": [ 20.408283948898315 ],
  "equivalence_times": [ 5.698204040527344e-05 ],
  "hop_count_times": [ 35.25200295448303 ]
}