{
  "topology": "abfattree_4_sw_20",
  "routing_scheme": "f10_s1_s2_lr",
  "max_failures": -1,
  "failure_prob": [ 1, 16 ],
  "equivalent_to_teleport": false,
  "min_prob_of_delivery": 0.9999837242232386,
  "avg_prob_of_delivery": 0.9999860493342044,
  "hop_count_cdf": [
    0.0, 0.14285714285714285, 0.14285714285714285, 0.9464285714285714,
    0.9464285714285714, 0.9964556012834821, 0.9964556012834821,
    0.9997539999229568, 0.9997539999229568, 0.9999707948432582,
    0.9999707948432582, 0.9999850465408661, 0.9999850465408661,
    0.9999859834129675, 0.9999859834129675, 0.9999860450007, 0.9999860450007,
    0.9999860490493303, 0.9999860490493303, 0.9999860493154775,
    0.9999860493154775, 0.9999860493329734, 0.9999860493329734,
    0.9999860493341235, 0.9999860493341235, 0.9999860493341992,
    0.9999860493341992, 0.9999860493342041, 0.9999860493342041,
    0.9999860493342044, 0.9999860493342044, 0.9999860493342044
  ],
  "compilation_times": [ 20.583905935287476 ],
  "equivalence_times": [ 8.082389831542969e-05 ],
  "hop_count_times": [ 36.58825492858887 ]
}