{"topology":"abfattree-6","routing_scheme":"random walk","max_failures":1,"failure_prob":[1,128],"equivalent_to_teleport":false,"min_prob_of_delivery":0.8589914760514069,"avg_prob_of_delivery":0.8627309231035386,"hop_count_cdf":[0.0,0.036627660577750236,0.036627660577750236,0.08449812807551668,0.08449812807551668,0.13512817162627988,0.13512817162627988,0.18562381620933793,0.18562381620933793,0.23503678616661608,0.23503678616661608,0.2830933859654044,0.2830933859654044,0.32975086929697306,0.32975086929697306,0.37504275954103317,0.37504275954103317,0.4190251550060865,0.4190251550060865,0.4617583349141602,0.4617583349141602,0.5033006898531159,0.5033006898531159,0.5437069339161944,0.5437069339161944,0.5830277830660412,0.5830277830660412,0.6213101156623053,0.6213101156623053,0.6585972730917342,0.6585972730917342,0.6949293834609223],"compilation_time":1.819540023803711,"equivalence_time":0.00017309188842773438,"hop_count_time":23.076112985610962}