{"topology":"abfattree-6","routing_scheme":"random walk","max_failures":1,"failure_prob":[1,8],"equivalent_to_teleport":false,"min_prob_of_delivery":0.8132154267092537,"avg_prob_of_delivery":0.8297947234828692,"hop_count_cdf":[0.0,0.030765355570586572,0.030765355570586572,0.06896145678113574,0.06896145678113574,0.10945449221132385,0.10945449221132385,0.15026072090353032,0.15026072090353032,0.19062642516591222,0.19062642516591222,0.23028213039769801,0.23028213039769801,0.2691412539269617,0.2691412539269617,0.30718421909841687,0.30718421909841687,0.344415449586674,0.344415449586674,0.38084773288313967,0.38084773288313967,0.41649660112008824,0.41649660112008824,0.45137832728492333,0.45137832728492333,0.48550921629828125,0.48550921629828125,0.5189053578505703,0.5189053578505703,0.5515825434589692,0.5515825434589692,0.5835562417870594],"compilation_time":2.3969900608062744,"equivalence_time":0.0019071102142333984,"hop_count_time":23.04242181777954}