{"topology":"abfattree-6","routing_scheme":"random walk","max_failures":1,"failure_prob":[1,4],"equivalent_to_teleport":false,"min_prob_of_delivery":0.7767315765916525,"avg_prob_of_delivery":0.8213046622113459,"hop_count_cdf":[0.0,0.028771662200049605,0.028771662200049605,0.06611098797896824,0.06611098797896824,0.10614156162883785,0.10614156162883785,0.14656077335596757,0.14656077335596757,0.186553898637652,0.186553898637652,0.2258436283200432,0.2258436283200432,0.2643434330795129,0.2643434330795129,0.30203423885221503,0.30203423885221503,0.3389206587857851,0.3389206587857851,0.3750154666928119,0.3750154666928119,0.4103340925363584,0.4103340925363584,0.4448926742489249,0.4448926742489249,0.4787073714477822,0.4787073714477822,0.5117941268405063,0.5117941268405063,0.544168586392313,0.544168586392313,0.5758460757278039],"compilation_time":1.0179171562194824,"equivalence_time":0.0005929470062255859,"hop_count_time":12.285212993621826}