{"topology":"abfattree-6","routing_scheme":"random walk","max_failures":1,"failure_prob":[1,32],"equivalent_to_teleport":false,"min_prob_of_delivery":0.8353974913015495,"avg_prob_of_delivery":0.8398676612728694,"hop_count_cdf":[0.0,0.03386089807321231,0.03386089807321231,0.07591101460021552,0.07591101460021552,0.11946071630523282,0.11946071630523282,0.16249357434954154,0.16249357434954154,0.20447830888924812,0.20447830888924812,0.24533926641513387,0.24533926641513387,0.28512544643105425,0.28512544643105425,0.3239078591136313,0.3239078591136313,0.36175102184765173,0.36175102184765173,0.3987076608033034,0.3987076608033034,0.4348199357137554,0.4348199357137554,0.47012192358032523,0.47012192358032523,0.5046418646055575,0.5046418646055575,0.5384038713095756,0.5384038713095756,0.5714291459247272,0.5714291459247272,0.6037368222041747],"compilation_time":2.647447109222412,"equivalence_time":0.0001380443572998047,"hop_count_time":21.41021990776062}