{"topology":"abfattree-6","routing_scheme":"random walk","max_failures":2,"failure_prob":[1,16],"equivalent_to_teleport":false,"min_prob_of_delivery":0.6918221875464345,"avg_prob_of_delivery":0.6982325501331146,"hop_count_cdf":[0.0,0.027712560383776605,0.027712560383776605,0.05798302179418261,0.05798302179418261,0.08760926141885038,0.08760926141885038,0.11612209814188072,0.11612209814188072,0.1436359646361357,0.1436359646361357,0.1703197383137547,0.1703197383137547,0.19629674996715257,0.19629674996715257,0.22164473789857853,0.22164473789857853,0.24641138441712906,0.24641138441712906,0.27062702285155793,0.27062702285155793,0.29431255616369534,0.29431255616369534,0.317483897252974,0.317483897252974,0.3401543261026716,0.3401543261026716,0.3623357011282152,0.3623357011282152,0.384039069304799,0.384039069304799,0.4052749699712067],"compilation_time":2.560744047164917,"equivalence_time":0.00012493133544921875,"hop_count_time":27.492893934249878}