{"topology":"abfattree-6","routing_scheme":"random walk","max_failures":2,"failure_prob":[1,128],"equivalent_to_teleport":false,"min_prob_of_delivery":0.7630157837002707,"avg_prob_of_delivery":0.7695054812271396,"hop_count_cdf":[0.0,0.03451724851420555,0.03451724851420555,0.07795461321411556,0.07795461321411556,0.12336521555122307,0.12336521555122307,0.1683718428573145,0.1683718428573145,0.21219258492755322,0.21219258492755322,0.25460157774283937,0.25460157774283937,0.2955657603868032,0.2955657603868032,0.33511781492399234,0.33511781492399234,0.3733116568794897,0.3733116568794897,0.4102068073362762,0.4102068073362762,0.44586289189862066,0.44586289189862066,0.4803377075421701,0.4803377075421701,0.5136865596173693,0.5136865596173693,0.5459620610112339,0.5459620610112339,0.5772141068899475,0.5772141068899475,0.607489921398491],"compilation_time":3.0242269039154053,"equivalence_time":0.00021910667419433594,"hop_count_time":35.25018000602722}