{"topology":"abfattree-6","routing_scheme":"random walk","max_failures":2,"failure_prob":[1,4],"equivalent_to_teleport":false,"min_prob_of_delivery":0.6450629266515318,"avg_prob_of_delivery":0.6719509506870462,"hop_count_cdf":[0.0,0.022171020397736323,0.022171020397736323,0.04675376638649247,0.04675376638649247,0.07252232326914985,0.07252232326914985,0.09839854504436131,0.09839854504436131,0.12395546701585018,0.12395546701585018,0.14904667910138958,0.14904667910138958,0.1736277018336205,0.1736277018336205,0.1976901725605943,0.1976901725605943,0.22123838953178415,0.22123838953178415,0.24428098760227815,0.24428098760227815,0.2668279874701701,0.2668279874701701,0.2888897518528826,0.2888897518528826,0.31047661829792567,0.31047661829792567,0.3315987720362079,0.3315987720362079,0.3522662039493887,0.3522662039493887,0.372488698674504],"compilation_time":3.5900330543518066,"equivalence_time":0.0002701282501220703,"hop_count_time":50.15540909767151}