{"topology":"abfattree-6","routing_scheme":"random walk","max_failures":2,"failure_prob":[1,8],"equivalent_to_teleport":false,"min_prob_of_delivery":0.678032573232991,"avg_prob_of_delivery":0.6871475844725045,"hop_count_cdf":[0.0,0.02502977461011129,0.02502977461011129,0.051727637542695944,0.051727637542695944,0.07867401038276053,0.07867401038276053,0.10547203686654115,0.10547203686654115,0.1318986517659441,0.1318986517659441,0.15784413768867872,0.15784413768867872,0.1832660013800693,0.1832660013800693,0.20815388281079192,0.20815388281079192,0.23251090077207062,0.23251090077207062,0.2563453473352303,0.2563453473352303,0.27966732224066254,0.27966732224066254,0.30248744163837926,0.30248744163837926,0.32481636006168796,0.32481636006168796,0.3466645988347069,0.3466645988347069,0.3680424872143061,0.3680424872143061,0.38896014437372894],"compilation_time":2.365467071533203,"equivalence_time":0.0008068084716796875,"hop_count_time":27.41230583190918}