{"topology":"abfattree-6","routing_scheme":"random walk","max_failures":2,"failure_prob":[1,64],"equivalent_to_teleport":false,"min_prob_of_delivery":0.7274277248904023,"avg_prob_of_delivery":0.7343672974505044,"hop_count_cdf":[0.0,0.03150357434877205,0.03150357434877205,0.06900086582998106,0.06900086582998106,0.10723917847812764,0.10723917847812764,0.1445198922007861,0.1445198922007861,0.18036048393931026,0.18036048393931026,0.21468965267157458,0.21468965267157458,0.24756994681084513,0.24756994681084513,0.2791021218523582,0.2791021218523582,0.30939231867372174,0.30939231867372174,0.3385410922546377,0.3385410922546377,0.3666401129749521,0.3666401129749521,0.3937715931125519,0.3937715931125519,0.42000868583075396,0.42000868583075396,0.44541621933624714,0.44541621933624714,0.4700515247883501,0.4700515247883501,0.4939652614004225],"compilation_time":4.450907945632935,"equivalence_time":0.0002219676971435547,"hop_count_time":33.100531816482544}