{"topology":"abfattree-6","routing_scheme":"random walk","max_failures":3,"failure_prob":[1,128],"equivalent_to_teleport":false,"min_prob_of_delivery":0.6980610948821951,"avg_prob_of_delivery":0.7065122173181346,"hop_count_cdf":[0.0,0.03384818932182488,0.03384818932182488,0.07597013832472024,0.07597013832472024,0.11986942448505114,0.11986942448505114,0.1633184321889665,0.1633184321889665,0.20557972680351125,0.20557972680351125,0.2464354155090987,0.2464354155090987,0.2858480862410815,0.2858480862410815,0.32384236332610594,0.32384236332610594,0.36046352124435427,0.36046352124435427,0.3957630113507533,0.3957630113507533,0.42979338784243587,0.42979338784243587,0.46260651747593334,0.46260651747593334,0.4942529385052551,0.4942529385052551,0.5247816243956002,0.5247816243956002,0.5542398930177355,0.5542398930177355,0.5826733711622666],"compilation_time":4.872980117797852,"equivalence_time":0.00019788742065429688,"hop_count_time":52.84520077705383}