{"topology":"abfattree-6","routing_scheme":"random walk","max_failures":3,"failure_prob":[1,64],"equivalent_to_teleport":false,"min_prob_of_delivery":0.6398034682739195,"avg_prob_of_delivery":0.6493292161987483,"hop_count_cdf":[0.0,0.029784521946898228,0.029784521946898228,0.06429539985363573,0.06429539985363573,0.09917993227204297,0.09917993227204297,0.1330154365255294,0.1330154365255294,0.1653861381042133,0.1653861381042133,0.19622123743059447,0.19622123743059447,0.2255666262786886,0.2255666262786886,0.2535057624253959,0.2535057624253959,0.2801319323541533,0.2801319323541533,0.3055383101393998,0.3055383101393998,0.32981426593417895,0.32981426593417895,0.3530439443707463,0.3530439443707463,0.37530572855953237,0.37530572855953237,0.3966720954697906,0.3966720954697906,0.41720967456680896,0.41720967456680896,0.4369794281339335],"compilation_time":6.8469178676605225,"equivalence_time":0.00024390220642089844,"hop_count_time":47.05361318588257}