{"topology":"abfattree-6","routing_scheme":"random walk","max_failures":3,"failure_prob":[1,32],"equivalent_to_teleport":false,"min_prob_of_delivery":0.6023562228471505,"avg_prob_of_delivery":0.6117731937651065,"hop_count_cdf":[0.0,0.026969617164937707,0.026969617164937707,0.05641885631025855,0.05641885631025855,0.08509465322898523,0.08509465322898523,0.11211692378728046,0.11211692378728046,0.1373865232568807,0.1373865232568807,0.16104667560460245,0.16104667560460245,0.18329953624530992,0.18329953624530992,0.20434401411632547,0.20434401411632547,0.22435597688474723,0.22435597688474723,0.24348374500253347,0.24348374500253347,0.2618492203241189,0.2618492203241189,0.27955100527203713,0.27955100527203713,0.29666803966343347,0.29666803966343347,0.313263129370743,0.313263129370743,0.3293861055834639,0.3293861055834639,0.3450765253218424],"compilation_time":6.287914991378784,"equivalence_time":0.0012369155883789062,"hop_count_time":52.741135120391846}