{"topology":"abfattree-6","routing_scheme":"random walk","max_failures":4,"failure_prob":[1,32],"equivalent_to_teleport":false,"min_prob_of_delivery":0.521143957300979,"avg_prob_of_delivery":0.5329307589508007,"hop_count_cdf":[0.0,0.02534349239511973,0.02534349239511973,0.052370192432730396,0.052370192432730396,0.07845078068922351,0.07845078068922351,0.10285416635015487,0.10285416635015487,0.1254806077022875,0.1254806077022875,0.14643690501112352,0.14643690501112352,0.16589149461758365,0.16589149461758365,0.18402324720382712,0.18402324720382712,0.20100241678438505,0.20100241678438505,0.21698332145573515,0.21698332145573515,0.23210182342101218,0.23210182342101218,0.2464750796341415,0.2464750796341415,0.2602024913379383,0.2602024913379383,0.27336729596107945,0.27336729596107945,0.2860384611456064,0.2860384611456064,0.29827265816920384],"compilation_time":6.57410192489624,"equivalence_time":0.00013208389282226562,"hop_count_time":54.875097036361694}