{"topology":"abfattree-6","routing_scheme":"random walk","max_failures":-1,"failure_prob":[1,4],"equivalent_to_teleport":false,"min_prob_of_delivery":0.012211668928086833,"avg_prob_of_delivery":0.02562056030010375,"hop_count_cdf":[0.0,0.011030311267763642,0.011030311267763642,0.017493494441790904,0.017493494441790904,0.021129055633225993,0.021129055633225993,0.023145660015983883,0.023145660015983883,0.02425869862137608,0.02425869862137608,0.024871926800947318,0.024871926800947318,0.025209565862279435,0.025209565862279435,0.025395423898315863,0.025395423898315863,0.02549772329018707,0.02549772329018707,0.025554028860404827,0.025554028860404827,0.0255850190912073,0.0255850190912073,0.025602075849612375,0.025602075849612375,0.02561146372997353,0.02561146372997353,0.025616630728798523,0.025616630728798523,0.02561947459457681,0.02561947459457681,0.0256210398304654],"compilation_time":1.955596923828125,"equivalence_time":0.0001628398895263672,"hop_count_time":4.872800827026367}