{
  "topology": "fattree_4_sw_20",
  "routing_scheme": "shortest path",
  "max_failures": 1,
  "failure_prob": [ 1, 16 ],
  "equivalent_to_teleport": false,
  "min_prob_of_delivery": 0.94140625,
  "avg_prob_of_delivery": 0.9497767857142857,
  "hop_count_cdf": [
    0.0, 0.14285714285714285, 0.14285714285714285, 0.9497767857142857,
    0.9497767857142857, 0.9497767857142857, 0.9497767857142857,
    0.9497767857142857, 0.9497767857142857, 0.9497767857142857,
    0.9497767857142857, 0.9497767857142857, 0.9497767857142857,
    0.9497767857142857, 0.9497767857142857, 0.9497767857142857,
    0.9497767857142857, 0.9497767857142857, 0.9497767857142857,
    0.9497767857142857, 0.9497767857142857, 0.9497767857142857,
    0.9497767857142857, 0.9497767857142857, 0.9497767857142857,
    0.9497767857142857, 0.9497767857142857, 0.9497767857142857,
    0.9497767857142857, 0.9497767857142857, 0.9497767857142857,
    0.9497767857142857
  ],
  "compilation_times": [ 0.28522491455078125 ],
  "equivalence_times": [ 0.00011706352233886719 ],
  "hop_count_times": [ 0.33927488327026367 ]
}