{
  "topology": "fattree_4_sw_20",
  "routing_scheme": "shortest path",
  "max_failures": 1,
  "failure_prob": [ 1, 32 ],
  "equivalent_to_teleport": false,
  "min_prob_of_delivery": 0.9697265625,
  "avg_prob_of_delivery": 0.9740513392857143,
  "hop_count_cdf": [
    0.0, 0.14285714285714285, 0.14285714285714285, 0.9740513392857143,
    0.9740513392857143, 0.9740513392857143, 0.9740513392857143,
    0.9740513392857143, 0.9740513392857143, 0.9740513392857143,
    0.9740513392857143, 0.9740513392857143, 0.9740513392857143,
    0.9740513392857143, 0.9740513392857143, 0.9740513392857143,
    0.9740513392857143, 0.9740513392857143, 0.9740513392857143,
    0.9740513392857143, 0.9740513392857143, 0.9740513392857143,
    0.9740513392857143, 0.9740513392857143, 0.9740513392857143,
    0.9740513392857143, 0.9740513392857143, 0.9740513392857143,
    0.9740513392857143, 0.9740513392857143, 0.9740513392857143,
    0.9740513392857143
  ],
  "compilation_times": [ 0.25791120529174805 ],
  "equivalence_times": [ 0.000946044921875 ],
  "hop_count_times": [ 0.313992977142334 ]
}