{
  "topology": "fattree_4_sw_20",
  "routing_scheme": "shortest path",
  "max_failures": 1,
  "failure_prob": [ 1, 128 ],
  "equivalent_to_teleport": false,
  "min_prob_of_delivery": 0.99224853515625,
  "avg_prob_of_delivery": 0.9933558872767857,
  "hop_count_cdf": [
    0.0, 0.14285714285714285, 0.14285714285714285, 0.9933558872767857,
    0.9933558872767857, 0.9933558872767857, 0.9933558872767857,
    0.9933558872767857, 0.9933558872767857, 0.9933558872767857,
    0.9933558872767857, 0.9933558872767857, 0.9933558872767857,
    0.9933558872767857, 0.9933558872767857, 0.9933558872767857,
    0.9933558872767857, 0.9933558872767857, 0.9933558872767857,
    0.9933558872767857, 0.9933558872767857, 0.9933558872767857,
    0.9933558872767857, 0.9933558872767857, 0.9933558872767857,
    0.9933558872767857, 0.9933558872767857, 0.9933558872767857,
    0.9933558872767857, 0.9933558872767857, 0.9933558872767857,
    0.9933558872767857
  ],
  "compilation_times": [ 0.26366400718688965 ],
  "equivalence_times": [ 0.00010585784912109375 ],
  "hop_count_times": [ 0.3616371154785156 ]
}