{
  "topology": "fattree_4_sw_20",
  "routing_scheme": "shortest path",
  "max_failures": 1,
  "failure_prob": [ 1, 64 ],
  "equivalent_to_teleport": false,
  "min_prob_of_delivery": 0.984619140625,
  "avg_prob_of_delivery": 0.98681640625,
  "hop_count_cdf": [
    0.0, 0.14285714285714285, 0.14285714285714285, 0.98681640625,
    0.98681640625, 0.98681640625, 0.98681640625, 0.98681640625,
    0.98681640625, 0.98681640625, 0.98681640625, 0.98681640625,
    0.98681640625, 0.98681640625, 0.98681640625, 0.98681640625,
    0.98681640625, 0.98681640625, 0.98681640625, 0.98681640625,
    0.98681640625, 0.98681640625, 0.98681640625, 0.98681640625,
    0.98681640625, 0.98681640625, 0.98681640625, 0.98681640625,
    0.98681640625, 0.98681640625, 0.98681640625, 0.98681640625
  ],
  "compilation_times": [ 0.2756049633026123 ],
  "equivalence_times": [ 0.00013518333435058594 ],
  "hop_count_times": [ 0.3445448875427246 ]
}