{
  "topology": "fattree_4_sw_20",
  "routing_scheme": "shortest path",
  "max_failures": 1,
  "failure_prob": [ 1, 8 ],
  "equivalent_to_teleport": false,
  "min_prob_of_delivery": 0.890625,
  "avg_prob_of_delivery": 0.90625,
  "hop_count_cdf": [
    0.0, 0.14285714285714285, 0.14285714285714285, 0.90625, 0.90625, 0.90625,
    0.90625, 0.90625, 0.90625, 0.90625, 0.90625, 0.90625, 0.90625, 0.90625,
    0.90625, 0.90625, 0.90625, 0.90625, 0.90625, 0.90625, 0.90625, 0.90625,
    0.90625, 0.90625, 0.90625, 0.90625, 0.90625, 0.90625, 0.90625, 0.90625,
    0.90625, 0.90625
  ],
  "compilation_times": [ 0.2703690528869629 ],
  "equivalence_times": [ 0.00010514259338378906 ],
  "hop_count_times": [ 0.3588540554046631 ]
}