{
  "topology": "fattree_4_sw_20",
  "routing_scheme": "shortest path",
  "max_failures": 1,
  "failure_prob": [ 1, 4 ],
  "equivalent_to_teleport": false,
  "min_prob_of_delivery": 0.8125,
  "avg_prob_of_delivery": 0.8392857142857143,
  "hop_count_cdf": [
    0.0, 0.14285714285714285, 0.14285714285714285, 0.8392857142857143,
    0.8392857142857143, 0.8392857142857143, 0.8392857142857143,
    0.8392857142857143, 0.8392857142857143, 0.8392857142857143,
    0.8392857142857143, 0.8392857142857143, 0.8392857142857143,
    0.8392857142857143, 0.8392857142857143, 0.8392857142857143,
    0.8392857142857143, 0.8392857142857143, 0.8392857142857143,
    0.8392857142857143, 0.8392857142857143, 0.8392857142857143,
    0.8392857142857143, 0.8392857142857143, 0.8392857142857143,
    0.8392857142857143, 0.8392857142857143, 0.8392857142857143,
    0.8392857142857143, 0.8392857142857143, 0.8392857142857143,
    0.8392857142857143
  ],
  "compilation_times": [ 0.28470921516418457 ],
  "equivalence_times": [ 0.00010395050048828125 ],
  "hop_count_times": [ 0.3023390769958496 ]
}