{
  "topology": "fattree_4_sw_20",
  "routing_scheme": "shortest path",
  "max_failures": 2,
  "failure_prob": [ 1, 128 ],
  "equivalent_to_teleport": false,
  "min_prob_of_delivery": 0.9921875,
  "avg_prob_of_delivery": 0.9933035714285714,
  "hop_count_cdf": [
    0.0, 0.14285714285714285, 0.14285714285714285, 0.9933035714285714,
    0.9933035714285714, 0.9933035714285714, 0.9933035714285714,
    0.9933035714285714, 0.9933035714285714, 0.9933035714285714,
    0.9933035714285714, 0.9933035714285714, 0.9933035714285714,
    0.9933035714285714, 0.9933035714285714, 0.9933035714285714,
    0.9933035714285714, 0.9933035714285714, 0.9933035714285714,
    0.9933035714285714, 0.9933035714285714, 0.9933035714285714,
    0.9933035714285714, 0.9933035714285714, 0.9933035714285714,
    0.9933035714285714, 0.9933035714285714, 0.9933035714285714,
    0.9933035714285714, 0.9933035714285714, 0.9933035714285714,
    0.9933035714285714
  ],
  "compilation_times": [ 0.26131582260131836 ],
  "equivalence_times": [ 9.608268737792969e-05 ],
  "hop_count_times": [ 0.4168829917907715 ]
}