{
  "topology": "fattree_4_sw_20",
  "routing_scheme": "shortest path",
  "max_failures": 4,
  "failure_prob": [ 1, 32 ],
  "equivalent_to_teleport": false,
  "min_prob_of_delivery": 0.96875,
  "avg_prob_of_delivery": 0.9732142857142857,
  "hop_count_cdf": [
    0.0, 0.14285714285714285, 0.14285714285714285, 0.9732142857142857,
    0.9732142857142857, 0.9732142857142857, 0.9732142857142857,
    0.9732142857142857, 0.9732142857142857, 0.9732142857142857,
    0.9732142857142857, 0.9732142857142857, 0.9732142857142857,
    0.9732142857142857, 0.9732142857142857, 0.9732142857142857,
    0.9732142857142857, 0.9732142857142857, 0.9732142857142857,
    0.9732142857142857, 0.9732142857142857, 0.9732142857142857,
    0.9732142857142857, 0.9732142857142857, 0.9732142857142857,
    0.9732142857142857, 0.9732142857142857, 0.9732142857142857,
    0.9732142857142857, 0.9732142857142857, 0.9732142857142857,
    0.9732142857142857
  ],
  "compilation_times": [ 0.2921879291534424 ],
  "equivalence_times": [ 8.106231689453125e-05 ],
  "hop_count_times": [ 2.498656988143921 ]
}