{"topology":"fattree-6","routing_scheme":"car","max_failures":1,"failure_prob":[1,4],"equivalent_to_teleport":false,"min_prob_of_delivery":1.0,"avg_prob_of_delivery":1.0,"hop_count_cdf":[0.0,0.05930661103304695,0.05930661103304695,0.16266796045149418,0.16266796045149418,0.26566769943855684,0.26566769943855684,0.5837497915373618,0.5837497915373618,0.7114274277697636,0.7114274277697636,0.7939509003928558,0.7939509003928558,0.8571890670377725,0.8571890670377725,0.9160945063399466,0.9160945063399466,0.9909758030450078,0.9909758030450078,0.9998203657866713,0.9998203657866713,0.9999944577775856,0.9999944577775856,0.9999999723766906,0.9999999723766906,0.9999999991681037,0.9999999991681037,0.999999999988858,0.999999999988858,1.0,1.0,1.0],"compilation_time":0.9615259170532227,"equivalence_time":0.00033402442932128906,"hop_count_time":3.9984099864959717}