{"topology":"fattree-6","routing_scheme":"car","max_failures":1,"failure_prob":[1,32],"equivalent_to_teleport":false,"min_prob_of_delivery":1.0,"avg_prob_of_delivery":1.0,"hop_count_cdf":[0.0,0.05890851536162525,0.05890851536162525,0.1702881603109855,0.1702881603109855,0.27832375423657796,0.27832375423657796,0.594847194842975,0.594847194842975,0.7065554986882825,0.7065554986882825,0.7771411804186036,0.7771411804186036,0.8440658583357673,0.8440658583357673,0.9083597837218085,0.9083597837218085,0.9746371592397943,0.9746371592397943,0.9893844823178892,0.9893844823178892,0.9942802009658122,0.9942802009658122,0.9975193506105923,0.9975193506105923,0.9991315233951619,0.9991315233951619,0.9998189259010156,0.9998189259010156,1.0,1.0,1.0],"compilation_time":1.8299758434295654,"equivalence_time":0.00010609626770019531,"hop_count_time":5.151382923126221}