{"topology":"fattree-6","routing_scheme":"car","max_failures":1,"failure_prob":[1,128],"equivalent_to_teleport":false,"min_prob_of_delivery":1.0,"avg_prob_of_delivery":1.0,"hop_count_cdf":[0.0,0.0588301944878563,0.0588301944878563,0.17440084468725103,0.17440084468725103,0.28846649309462813,0.28846649309462813,0.6262079309090156,0.6262079309090156,0.7401463309662178,0.7401463309662178,0.8017217773800863,0.8017217773800863,0.8627854116250504,0.8627854116250504,0.9231117490221463,0.9231117490221463,0.984529837301478,0.984529837301478,0.9910515013496992,0.9910515013496992,0.9942233218035442,0.9942233218035442,0.9968833633729474,0.9968833633729474,0.9987539083477803,0.9987539083477803,0.9997407701822874,0.9997407701822874,1.0,1.0,1.0],"compilation_time":1.1259169578552246,"equivalence_time":0.0004448890686035156,"hop_count_time":5.752499103546143}