{"topology":"fattree-6","routing_scheme":"car","max_failures":2,"failure_prob":[1,4],"equivalent_to_teleport":false,"min_prob_of_delivery":1.0,"avg_prob_of_delivery":1.0,"hop_count_cdf":[0.0,0.06048520522963045,0.06048520522963045,0.1561046176591999,0.1561046176591999,0.256238909539743,0.256238909539743,0.5373029424416657,0.5373029424416657,0.6574948997020607,0.6574948997020607,0.7492340336323986,0.7492340336323986,0.8086857042019343,0.8086857042019343,0.8685786036060011,0.8685786036060011,0.9422903181718103,0.9422903181718103,0.9762229016635872,0.9762229016635872,0.9901123962797345,0.9901123962797345,0.9981706163572831,0.9981706163572831,0.9999059948282306,0.9999059948282306,0.9999955551680272,0.9999955551680272,0.9999999233813124,0.9999999233813124,1.0],"compilation_time":1.3415169715881348,"equivalence_time":0.0006248950958251953,"hop_count_time":6.768244981765747}