{"topology":"fattree-6","routing_scheme":"car","max_failures":2,"failure_prob":[1,16],"equivalent_to_teleport":false,"min_prob_of_delivery":1.0,"avg_prob_of_delivery":1.0,"hop_count_cdf":[0.0,0.05885883225914155,0.05885883225914155,0.16214466342242553,0.16214466342242553,0.2589784890016568,0.2589784890016568,0.533944254560743,0.533944254560743,0.6388754372105644,0.6388754372105644,0.7211214922866238,0.7211214922866238,0.7968451027680298,0.7968451027680298,0.8668776581367638,0.8668776581367638,0.9383224715419484,0.9383224715419484,0.9677842323789666,0.9677842323789666,0.9799400964493969,0.9799400964493969,0.989003762036944,0.989003762036944,0.9950959921789049,0.9950959921789049,0.9980278558747481,0.9980278558747481,0.9994998537186546,0.9994998537186546,1.0],"compilation_time":2.0618860721588135,"equivalence_time":0.0001430511474609375,"hop_count_time":7.7450010776519775}