{"topology":"fattree-6","routing_scheme":"car","max_failures":2,"failure_prob":[1,8],"equivalent_to_teleport":false,"min_prob_of_delivery":1.0,"avg_prob_of_delivery":1.0,"hop_count_cdf":[0.0,0.05931225237214106,0.05931225237214106,0.15702622058671262,0.15702622058671262,0.2517386545151225,0.2517386545151225,0.5234140540173488,0.5234140540173488,0.6354071895242712,0.6354071895242712,0.7303416356339743,0.7303416356339743,0.8036588556417223,0.8036588556417223,0.8694965979525117,0.8694965979525117,0.9398938433357055,0.9398938433357055,0.9758244302471767,0.9758244302471767,0.9877726837457209,0.9877726837457209,0.995062375773505,0.995062375773505,0.9987589483628656,0.9987589483628656,0.9997100550526256,0.9997100550526256,0.9999658838872042,0.9999658838872042,1.0],"compilation_time":1.8222401142120361,"equivalence_time":0.00015401840209960938,"hop_count_time":8.75072979927063}