{"topology":"fattree-6","routing_scheme":"car","max_failures":2,"failure_prob":[1,32],"equivalent_to_teleport":false,"min_prob_of_delivery":1.0,"avg_prob_of_delivery":1.0,"hop_count_cdf":[0.0,0.05880766824300751,0.05880766824300751,0.16802334450532386,0.16802334450532386,0.2719449398355923,0.2719449398355923,0.5686484368237298,0.5686484368237298,0.6735865684947245,0.6735865684947245,0.7431744536084129,0.7431744536084129,0.8112361024404501,0.8112361024404501,0.8768814987876398,0.8768814987876398,0.9452105640327061,0.9452105640327061,0.9664694313305635,0.9664694313305635,0.9769196197617233,0.9769196197617233,0.9857736988533103,0.9857736988533103,0.9926018163823688,0.9926018163823688,0.9965937553001608,0.9965937553001608,0.9988927500379189,0.9988927500379189,1.0],"compilation_time":2.6087489128112793,"equivalence_time":0.00016498565673828125,"hop_count_time":9.129128932952881}