{"topology":"fattree-6","routing_scheme":"car","max_failures":3,"failure_prob":[1,16],"equivalent_to_teleport":false,"min_prob_of_delivery":0.9992986585292389,"avg_prob_of_delivery":0.9993728494024854,"hop_count_cdf":[0.0,0.05864729245037788,0.05864729245037788,0.15959266949685508,0.15959266949685508,0.25175918782926676,0.25175918782926676,0.5040857657207289,0.5040857657207289,0.6008646284956759,0.6008646284956759,0.6796344887169919,0.6796344887169919,0.7560076395572738,0.7560076395572738,0.8278365694788,0.8278365694788,0.901578005563496,0.901578005563496,0.935760131898232,0.935760131898232,0.9539617413062061,0.9539617413062061,0.9700792106099473,0.9700792106099473,0.983899058258068,0.983899058258068,0.9920863694505574,0.9920863694505574,0.9971647081392382,0.9971647081392382,0.9993716811703107],"compilation_time":3.8301680088043213,"equivalence_time":0.00017404556274414062,"hop_count_time":17.296198844909668}