{"topology":"fattree-6","routing_scheme":"car","max_failures":3,"failure_prob":[1,8],"equivalent_to_teleport":false,"min_prob_of_delivery":0.9967682210826061,"avg_prob_of_delivery":0.9971703275600461,"hop_count_cdf":[0.0,0.05849446517984639,0.05849446517984639,0.14947936535860532,0.14947936535860532,0.2339000350207151,0.2339000350207151,0.46843983664500694,0.46843983664500694,0.5719557625032367,0.5719557625032367,0.6713673826273373,0.6713673826273373,0.7540813421287775,0.7540813421287775,0.825505252886007,0.825505252886007,0.8969695930357817,0.8969695930357817,0.9426091743082073,0.9426091743082073,0.9640567377289312,0.9640567377289312,0.9802930031237764,0.9802930031237764,0.9915087201884827,0.9915087201884827,0.9955157562879541,0.9955157562879541,0.9969227260252753,0.9969227260252753,0.9971701274275141],"compilation_time":2.5151751041412354,"equivalence_time":0.00013780593872070312,"hop_count_time":14.568315982818604}