{"topology":"fattree-6","routing_scheme":"car","max_failures":4,"failure_prob":[1,64],"equivalent_to_teleport":false,"min_prob_of_delivery":0.999945731050211,"avg_prob_of_delivery":0.9999689480190419,"hop_count_cdf":[0.0,0.05881209742060403,0.05881209742060403,0.17192497850956853,0.17192497850956853,0.2818070977784249,0.2818070977784249,0.6006709126746728,0.6006709126746728,0.7093265022297007,0.7093265022297007,0.7720417545187357,0.7720417545187357,0.8338426897922873,0.8338426897922873,0.8940526349919259,0.8940526349919259,0.9561883850380803,0.9561883850380803,0.9694057673006826,0.9694057673006826,0.9772441048876755,0.9772441048876755,0.9845438515531528,0.9845438515531528,0.9909603179674452,0.9909603179674452,0.9953298886024115,0.9953298886024115,0.9980519071590298,0.9980519071590298,0.9999687449010415],"compilation_time":5.838853120803833,"equivalence_time":0.0002200603485107422,"hop_count_time":27.970422983169556}