{"topology":"fattree-6","routing_scheme":"car","max_failures":4,"failure_prob":[1,128],"equivalent_to_teleport":false,"min_prob_of_delivery":0.9999920173585816,"avg_prob_of_delivery":0.9999958371224058,"hop_count_cdf":[0.0,0.058820566085284784,0.058820566085284784,0.1741837055261119,0.1741837055261119,0.2878341286545028,0.2878341286545028,0.6231363922523694,0.6231363922523694,0.7360543786399859,0.7360543786399859,0.7970038271097837,0.7970038271097837,0.8574903351569642,0.8574903351569642,0.9171183402334587,0.9171183402334587,0.9778854681898892,0.9778854681898892,0.9852018954003754,0.9852018954003754,0.9893926192370023,0.9893926192370023,0.9932290743334663,0.9932290743334663,0.9964204472538314,0.9964204472538314,0.9984466696887128,0.9984466696887128,0.9994233882383627,0.9994233882383627,0.9999958276862777],"compilation_time":4.069568157196045,"equivalence_time":0.00014209747314453125,"hop_count_time":25.6826229095459}