{"topology":"fattree-6","routing_scheme":"car","max_failures":4,"failure_prob":[1,16],"equivalent_to_teleport":false,"min_prob_of_delivery":0.9986743410787173,"avg_prob_of_delivery":0.9988722100987029,"hop_count_cdf":[0.0,0.05859570830356657,0.05859570830356657,0.15880807249495119,0.15880807249495119,0.24920774005414087,0.24920774005414087,0.4901620426179677,0.4901620426179677,0.5816280754362693,0.5816280754362693,0.6554262552910211,0.6554262552910211,0.7283767061355598,0.7283767061355598,0.7982728530498462,0.7982728530498462,0.8715214633643416,0.8715214633643416,0.9074743329076986,0.9074743329076986,0.929306197375419,0.929306197375419,0.9500909080483411,0.9500909080483411,0.9702177730280676,0.9702177730280676,0.9838894078436619,0.9838894078436619,0.9937046256775174,0.9937046256775174,0.9988659412412241],"compilation_time":4.150416851043701,"equivalence_time":0.00020694732666015625,"hop_count_time":26.526814937591553}