{"topology":"fattree-6","routing_scheme":"car","max_failures":5,"failure_prob":[1,16],"equivalent_to_teleport":false,"min_prob_of_delivery":0.9980482047667879,"avg_prob_of_delivery":0.9984662104435229,"hop_count_cdf":[0.0,0.05859636557575411,0.05859636557575411,0.1586775045483014,0.1586775045483014,0.24866141039442624,0.24866141039442624,0.4851868238067742,0.4851868238067742,0.5739840382641207,0.5739840382641207,0.6439981387764865,0.6439981387764865,0.7129400754062232,0.7129400754062232,0.7794136780386163,0.7794136780386163,0.8501334563731985,0.8501334563731985,0.8866074884766215,0.8866074884766215,0.9106616808911872,0.9106616808911872,0.9341105950329732,0.9341105950329732,0.9580357307331679,0.9580357307331679,0.9757504324568093,0.9757504324568093,0.9898210314163165,0.9898210314163165,0.9984482223815735],"compilation_time":2.7528748512268066,"equivalence_time":0.00015091896057128906,"hop_count_time":26.406843900680542}