{"topology":"fattree-6","routing_scheme":"car","max_failures":-1,"failure_prob":[1,4],"equivalent_to_teleport":false,"min_prob_of_delivery":0.6251484634449535,"avg_prob_of_delivery":0.6905967312407435,"hop_count_cdf":[0.0,0.058189452839647056,0.058189452839647056,0.12779105544711314,0.12779105544711314,0.18372522899453028,0.18372522899453028,0.273315354549608,0.273315354549608,0.3306463810922035,0.3306463810922035,0.38407190192494417,0.38407190192494417,0.43086481030180385,0.43086481030180385,0.4726321290484212,0.4726321290484212,0.5108303821674381,0.5108303821674381,0.5448035555446473,0.5448035555446473,0.5757635020962636,0.5757635020962636,0.6037334034506046,0.6037334034506046,0.6290109675296667,0.6290109675296667,0.6516480588563163,0.6516480588563163,0.6719479815411163,0.6719479815411163,0.6901529174058501],"compilation_time":1.4661078453063965,"equivalence_time":0.000209808349609375,"hop_count_time":3.7158381938934326}