{"topology":"fattree-6","routing_scheme":"car","max_failures":-1,"failure_prob":[1,100],"equivalent_to_teleport":false,"min_prob_of_delivery":0.9999813857796895,"avg_prob_of_delivery":0.9999906097470221,"hop_count_cdf":[0.0,0.0588175882431144,0.0588175882431144,0.17353609717562996,0.17353609717562996,0.28600722937557477,0.28600722937557477,0.6161293914838787,0.6161293914838787,0.7274710069105266,0.7274710069105266,0.7886904459926566,0.7886904459926566,0.8492541936172803,0.8492541936172803,0.9086609615953242,0.9086609615953242,0.9693534039021741,0.9693534039021741,0.9783771979684933,0.9783771979684933,0.983594811890121,0.983594811890121,0.9883889171707326,0.9883889171707326,0.9924363160421367,0.9924363160421367,0.9950694960048312,0.9950694960048312,0.9964643598696072,0.9964643598696072,0.9973650746790319,0.9973650746790319,0.9981172677945004,0.9981172677945004,0.998758757420337,0.998758757420337,0.999235553883236,0.999235553883236,0.9995270028670885,0.9995270028670885,0.9997290209126742,0.9997290209126742,0.9998564752293387,0.9998564752293387,0.9999280756582785,0.9999280756582785,0.999957359893249,0.999957359893249,0.9999694104046498,0.9999694104046498,0.9999776459636883,0.9999776459636883,0.9999828190552896,0.9999828190552896,0.9999857874068956,0.9999857874068956,0.9999874023510212,0.9999874023510212,0.9999884053335685,0.9999884053335685,0.9999891194841125,0.9999891194841125,0.9999896161663803,0.9999896161663803,0.999989951846434,0.999989951846434,0.9999901765909102,0.9999901765909102,0.999990330558356,0.999990330558356,0.9999904359719517,0.9999904359719517,0.999990505900182,0.999990505900182,0.99999055001505,0.99999055001505,0.9999905764743167,0.9999905764743167,0.9999905919389523,0.9999905919389523,0.9999906005787468,0.9999906005787468,0.9999906051817965,0.9999906051817965,0.9999906075866606,0.9999906075866606,0.9999906089250868,0.9999906089250868,0.9999906097470126],"compilation_time":1.1627781391143799,"equivalence_time":0.00019502639770507812,"hop_count_time":10.799850940704346}