{"topology":"fattree-6","routing_scheme":"car","max_failures":-1,"failure_prob":[1,32],"equivalent_to_teleport":false,"min_prob_of_delivery":0.9993821696145138,"avg_prob_of_delivery":0.9996691369112657,"hop_count_cdf":[0.0,0.058810476690282394,0.058810476690282394,0.16777325637569887,0.16777325637569887,0.2709762304309509,0.2709762304309509,0.5609574734551865,0.5609574734551865,0.6625770689263942,0.6625770689263942,0.7279836096398528,0.7279836096398528,0.7914576677174388,0.7914576677174388,0.8518786628485198,0.8518786628485198,0.9147186311237996,0.9147186311237996,0.9363862031372048,0.9363862031372048,0.9505569504227233,0.9505569504227233,0.964068437707023,0.964068437707023,0.9767423935085335,0.9767423935085335,0.9862967927077367,0.9862967927077367,0.993660514743204,0.993660514743204,0.9996658143914436],"compilation_time":1.469515085220337,"equivalence_time":0.00013303756713867188,"hop_count_time":3.2536990642547607}