{"topology":"fattree-6","routing_scheme":"resilient ecmp","max_failures":1,"failure_prob":[1,16],"equivalent_to_teleport":false,"min_prob_of_delivery":0.9560167400835411,"avg_prob_of_delivery":0.9573184891311892,"hop_count_cdf":[0.0,0.11377430670453534,0.11377430670453534,0.9573184891311892,0.9573184891311892,0.9573184891311892,0.9573184891311892,0.9573184891311892,0.9573184891311892,0.9573184891311892,0.9573184891311892,0.9573184891311892,0.9573184891311892,0.9573184891311892,0.9573184891311892,0.9573184891311892,0.9573184891311892,0.9573184891311892,0.9573184891311892,0.9573184891311892,0.9573184891311892,0.9573184891311892,0.9573184891311892,0.9573184891311892,0.9573184891311892,0.9573184891311892,0.9573184891311892,0.9573184891311892,0.9573184891311892,0.9573184891311892,0.9573184891311892,0.9573184891311892],"compilation_time":56.68368101119995,"equivalence_time":0.00029015541076660156,"hop_count_time":60.825430154800415}