{"topology":"fattree-6","routing_scheme":"resilient ecmp","max_failures":1,"failure_prob":[1,64],"equivalent_to_teleport":false,"min_prob_of_delivery":0.9760130698441372,"avg_prob_of_delivery":0.9772642824939061,"hop_count_cdf":[0.0,0.11607627969025568,0.11607627969025568,0.9772642824939061,0.9772642824939061,0.9772642824939061,0.9772642824939061,0.9772642824939061,0.9772642824939061,0.9772642824939061,0.9772642824939061,0.9772642824939061,0.9772642824939061,0.9772642824939061,0.9772642824939061,0.9772642824939061,0.9772642824939061,0.9772642824939061,0.9772642824939061,0.9772642824939061,0.9772642824939061,0.9772642824939061,0.9772642824939061,0.9772642824939061,0.9772642824939061,0.9772642824939061,0.9772642824939061,0.9772642824939061,0.9772642824939061,0.9772642824939061,0.9772642824939061,0.9772642824939061],"compilation_time":46.69492197036743,"equivalence_time":0.0004029273986816406,"hop_count_time":42.218904972076416}