{"topology":"fattree-6","routing_scheme":"resilient ecmp","max_failures":2,"failure_prob":[1,4],"equivalent_to_teleport":false,"min_prob_of_delivery":0.9365603923797607,"avg_prob_of_delivery":0.9542498683295561,"hop_count_cdf":[0.0,0.1101835755740895,0.1101835755740895,0.9542498683295561,0.9542498683295561,0.9542498683295561,0.9542498683295561,0.9542498683295561,0.9542498683295561,0.9542498683295561,0.9542498683295561,0.9542498683295561,0.9542498683295561,0.9542498683295561,0.9542498683295561,0.9542498683295561,0.9542498683295561,0.9542498683295561,0.9542498683295561,0.9542498683295561,0.9542498683295561,0.9542498683295561,0.9542498683295561,0.9542498683295561,0.9542498683295561,0.9542498683295561,0.9542498683295561,0.9542498683295561,0.9542498683295561,0.9542498683295561,0.9542498683295561,0.9542498683295561],"compilation_time":34.56873297691345,"equivalence_time":0.00025010108947753906,"hop_count_time":50.34326410293579}