{"topology":"fattree-6","routing_scheme":"resilient ecmp","max_failures":2,"failure_prob":[1,16],"equivalent_to_teleport":false,"min_prob_of_delivery":0.9118603533888652,"avg_prob_of_delivery":0.9158094627848173,"hop_count_cdf":[0.0,0.11122679802993636,0.11122679802993636,0.9158094627848173,0.9158094627848173,0.9158094627848173,0.9158094627848173,0.9158094627848173,0.9158094627848173,0.9158094627848173,0.9158094627848173,0.9158094627848173,0.9158094627848173,0.9158094627848173,0.9158094627848173,0.9158094627848173,0.9158094627848173,0.9158094627848173,0.9158094627848173,0.9158094627848173,0.9158094627848173,0.9158094627848173,0.9158094627848173,0.9158094627848173,0.9158094627848173,0.9158094627848173,0.9158094627848173,0.9158094627848173,0.9158094627848173,0.9158094627848173,0.9158094627848173,0.9158094627848173],"compilation_time":65.32619905471802,"equivalence_time":0.0002040863037109375,"hop_count_time":69.81323194503784}