{"topology":"fattree-6","routing_scheme":"resilient ecmp","max_failures":2,"failure_prob":[1,128],"equivalent_to_teleport":false,"min_prob_of_delivery":0.9845562747079023,"avg_prob_of_delivery":0.9854565361327846,"hop_count_cdf":[0.0,0.11673041139051786,0.11673041139051786,0.9854565361327846,0.9854565361327846,0.9854565361327846,0.9854565361327846,0.9854565361327846,0.9854565361327846,0.9854565361327846,0.9854565361327846,0.9854565361327846,0.9854565361327846,0.9854565361327846,0.9854565361327846,0.9854565361327846,0.9854565361327846,0.9854565361327846,0.9854565361327846,0.9854565361327846,0.9854565361327846,0.9854565361327846,0.9854565361327846,0.9854565361327846,0.9854565361327846,0.9854565361327846,0.9854565361327846,0.9854565361327846,0.9854565361327846,0.9854565361327846,0.9854565361327846,0.9854565361327846],"compilation_time":54.86576509475708,"equivalence_time":0.00017499923706054688,"hop_count_time":56.76375412940979}