{"topology":"fattree-6","routing_scheme":"resilient ecmp","max_failures":3,"failure_prob":[1,128],"equivalent_to_teleport":false,"min_prob_of_delivery":0.9844403642275288,"avg_prob_of_delivery":0.9853517995899618,"hop_count_cdf":[0.0,0.1167279396731983,0.1167279396731983,0.9853517995899618,0.9853517995899618,0.9853517995899618,0.9853517995899618,0.9853517995899618,0.9853517995899618,0.9853517995899618,0.9853517995899618,0.9853517995899618,0.9853517995899618,0.9853517995899618,0.9853517995899618,0.9853517995899618,0.9853517995899618,0.9853517995899618,0.9853517995899618,0.9853517995899618,0.9853517995899618,0.9853517995899618,0.9853517995899618,0.9853517995899618,0.9853517995899618,0.9853517995899618,0.9853517995899618,0.9853517995899618,0.9853517995899618,0.9853517995899618,0.9853517995899618,0.9853517995899618],"compilation_time":95.55502796173096,"equivalence_time":0.00015401840209960938,"hop_count_time":90.89866709709167}