{"topology":"fattree-6","routing_scheme":"resilient ecmp","max_failures":3,"failure_prob":[1,16],"equivalent_to_teleport":false,"min_prob_of_delivery":0.8889528159802887,"avg_prob_of_delivery":0.8948297972980672,"hop_count_cdf":[0.0,0.11042943652903482,0.11042943652903482,0.8948297972980672,0.8948297972980672,0.8948297972980672,0.8948297972980672,0.8948297972980672,0.8948297972980672,0.8948297972980672,0.8948297972980672,0.8948297972980672,0.8948297972980672,0.8948297972980672,0.8948297972980672,0.8948297972980672,0.8948297972980672,0.8948297972980672,0.8948297972980672,0.8948297972980672,0.8948297972980672,0.8948297972980672,0.8948297972980672,0.8948297972980672,0.8948297972980672,0.8948297972980672,0.8948297972980672,0.8948297972980672,0.8948297972980672,0.8948297972980672,0.8948297972980672,0.8948297972980672],"compilation_time":107.09193682670593,"equivalence_time":0.00019097328186035156,"hop_count_time":109.24543118476868}