{"topology":"fattree-6","routing_scheme":"resilient ecmp","max_failures":3,"failure_prob":[1,32],"equivalent_to_teleport":false,"min_prob_of_delivery":0.9394044738155487,"avg_prob_of_delivery":0.9428676706633609,"hop_count_cdf":[0.0,0.11397924177699019,0.11397924177699019,0.9428676706633609,0.9428676706633609,0.9428676706633609,0.9428676706633609,0.9428676706633609,0.9428676706633609,0.9428676706633609,0.9428676706633609,0.9428676706633609,0.9428676706633609,0.9428676706633609,0.9428676706633609,0.9428676706633609,0.9428676706633609,0.9428676706633609,0.9428676706633609,0.9428676706633609,0.9428676706633609,0.9428676706633609,0.9428676706633609,0.9428676706633609,0.9428676706633609,0.9428676706633609,0.9428676706633609,0.9428676706633609,0.9428676706633609,0.9428676706633609,0.9428676706633609,0.9428676706633609],"compilation_time":120.28792715072632,"equivalence_time":0.00021696090698242188,"hop_count_time":142.5254030227661}