{"topology":"fattree-6","routing_scheme":"resilient ecmp","max_failures":3,"failure_prob":[1,64],"equivalent_to_teleport":false,"min_prob_of_delivery":0.9690626110479024,"avg_prob_of_delivery":0.9708645971970781,"hop_count_cdf":[0.0,0.11580921063499235,0.11580921063499235,0.9708645971970781,0.9708645971970781,0.9708645971970781,0.9708645971970781,0.9708645971970781,0.9708645971970781,0.9708645971970781,0.9708645971970781,0.9708645971970781,0.9708645971970781,0.9708645971970781,0.9708645971970781,0.9708645971970781,0.9708645971970781,0.9708645971970781,0.9708645971970781,0.9708645971970781,0.9708645971970781,0.9708645971970781,0.9708645971970781,0.9708645971970781,0.9708645971970781,0.9708645971970781,0.9708645971970781,0.9708645971970781,0.9708645971970781,0.9708645971970781,0.9708645971970781,0.9708645971970781],"compilation_time":79.07606196403503,"equivalence_time":0.00012993812561035156,"hop_count_time":98.67040300369263}