{"topology":"fattree-6","routing_scheme":"resilient ecmp","max_failures":3,"failure_prob":[1,4],"equivalent_to_teleport":false,"min_prob_of_delivery":0.8519629240036011,"avg_prob_of_delivery":0.8724679344656707,"hop_count_cdf":[0.0,0.10076229712542366,0.10076229712542366,0.8724679344656707,0.8724679344656707,0.8724679344656707,0.8724679344656707,0.8724679344656707,0.8724679344656707,0.8724679344656707,0.8724679344656707,0.8724679344656707,0.8724679344656707,0.8724679344656707,0.8724679344656707,0.8724679344656707,0.8724679344656707,0.8724679344656707,0.8724679344656707,0.8724679344656707,0.8724679344656707,0.8724679344656707,0.8724679344656707,0.8724679344656707,0.8724679344656707,0.8724679344656707,0.8724679344656707,0.8724679344656707,0.8724679344656707,0.8724679344656707,0.8724679344656707,0.8724679344656707],"compilation_time":55.181379079818726,"equivalence_time":0.00028896331787109375,"hop_count_time":72.32326602935791}