{"topology":"fattree-6","routing_scheme":"resilient ecmp","max_failures":4,"failure_prob":[1,32],"equivalent_to_teleport":false,"min_prob_of_delivery":0.9385457620220696,"avg_prob_of_delivery":0.9420966872328367,"hop_count_cdf":[0.0,0.1139678134099583,0.1139678134099583,0.9420966872328367,0.9420966872328367,0.9420966872328367,0.9420966872328367,0.9420966872328367,0.9420966872328367,0.9420966872328367,0.9420966872328367,0.9420966872328367,0.9420966872328367,0.9420966872328367,0.9420966872328367,0.9420966872328367,0.9420966872328367,0.9420966872328367,0.9420966872328367,0.9420966872328367,0.9420966872328367,0.9420966872328367,0.9420966872328367,0.9420966872328367,0.9420966872328367,0.9420966872328367,0.9420966872328367,0.9420966872328367,0.9420966872328367,0.9420966872328367,0.9420966872328367,0.9420966872328367],"compilation_time":144.99050998687744,"equivalence_time":0.00015282630920410156,"hop_count_time":163.71533203125}