{"topology":"fattree-6","routing_scheme":"resilient ecmp","max_failures":4,"failure_prob":[1,8],"equivalent_to_teleport":false,"min_prob_of_delivery":0.7977480635218366,"avg_prob_of_delivery":0.8072187674243827,"hop_count_cdf":[0.0,0.10316500744403467,0.10316500744403467,0.8072187674243827,0.8072187674243827,0.8072187674243827,0.8072187674243827,0.8072187674243827,0.8072187674243827,0.8072187674243827,0.8072187674243827,0.8072187674243827,0.8072187674243827,0.8072187674243827,0.8072187674243827,0.8072187674243827,0.8072187674243827,0.8072187674243827,0.8072187674243827,0.8072187674243827,0.8072187674243827,0.8072187674243827,0.8072187674243827,0.8072187674243827,0.8072187674243827,0.8072187674243827,0.8072187674243827,0.8072187674243827,0.8072187674243827,0.8072187674243827,0.8072187674243827,0.8072187674243827],"compilation_time":94.33889412879944,"equivalence_time":0.0002949237823486328,"hop_count_time":101.96470904350281}