{"topology":"fattree-6","routing_scheme":"resilient ecmp","max_failures":4,"failure_prob":[1,64],"equivalent_to_teleport":false,"min_prob_of_delivery":0.9689916852848046,"avg_prob_of_delivery":0.9708010780381483,"hop_count_cdf":[0.0,0.11580840569351364,0.11580840569351364,0.9708010780381483,0.9708010780381483,0.9708010780381483,0.9708010780381483,0.9708010780381483,0.9708010780381483,0.9708010780381483,0.9708010780381483,0.9708010780381483,0.9708010780381483,0.9708010780381483,0.9708010780381483,0.9708010780381483,0.9708010780381483,0.9708010780381483,0.9708010780381483,0.9708010780381483,0.9708010780381483,0.9708010780381483,0.9708010780381483,0.9708010780381483,0.9708010780381483,0.9708010780381483,0.9708010780381483,0.9708010780381483,0.9708010780381483,0.9708010780381483,0.9708010780381483,0.9708010780381483],"compilation_time":187.1672260761261,"equivalence_time":0.00020194053649902344,"hop_count_time":212.58009505271912}