{"topology":"fattree-6","routing_scheme":"resilient ecmp","max_failures":4,"failure_prob":[1,4],"equivalent_to_teleport":false,"min_prob_of_delivery":0.7781813987552937,"avg_prob_of_delivery":0.782514057480221,"hop_count_cdf":[0.0,0.09334501098184024,0.09334501098184024,0.782514057480221,0.782514057480221,0.782514057480221,0.782514057480221,0.782514057480221,0.782514057480221,0.782514057480221,0.782514057480221,0.782514057480221,0.782514057480221,0.782514057480221,0.782514057480221,0.782514057480221,0.782514057480221,0.782514057480221,0.782514057480221,0.782514057480221,0.782514057480221,0.782514057480221,0.782514057480221,0.782514057480221,0.782514057480221,0.782514057480221,0.782514057480221,0.782514057480221,0.782514057480221,0.782514057480221,0.782514057480221,0.782514057480221],"compilation_time":52.04729700088501,"equivalence_time":0.00013399124145507812,"hop_count_time":77.31519103050232}