{"topology":"fattree-6","routing_scheme":"resilient ecmp","max_failures":5,"failure_prob":[1,16],"equivalent_to_teleport":false,"min_prob_of_delivery":0.8790021222193189,"avg_prob_of_delivery":0.8858600723481975,"hop_count_cdf":[0.0,0.11026875197672623,0.11026875197672623,0.8858600723481975,0.8858600723481975,0.8858600723481975,0.8858600723481975,0.8858600723481975,0.8858600723481975,0.8858600723481975,0.8858600723481975,0.8858600723481975,0.8858600723481975,0.8858600723481975,0.8858600723481975,0.8858600723481975,0.8858600723481975,0.8858600723481975,0.8858600723481975,0.8858600723481975,0.8858600723481975,0.8858600723481975,0.8858600723481975,0.8858600723481975,0.8858600723481975,0.8858600723481975,0.8858600723481975,0.8858600723481975,0.8858600723481975,0.8858600723481975,0.8858600723481975,0.8858600723481975],"compilation_time":44.1430230140686,"equivalence_time":0.00013589859008789062,"hop_count_time":66.79952597618103}