{"topology":"fattree-6","routing_scheme":"resilient ecmp","max_failures":-1,"failure_prob":[1,32],"equivalent_to_teleport":false,"min_prob_of_delivery":0.9384192833103953,"avg_prob_of_delivery":0.9419841248146066,"hop_count_cdf":[0.0,0.1139671101289637,0.1139671101289637,0.9419841248146066,0.9419841248146066,0.9419841248146066,0.9419841248146066,0.9419841248146066,0.9419841248146066,0.9419841248146066,0.9419841248146066,0.9419841248146066,0.9419841248146066,0.9419841248146066,0.9419841248146066,0.9419841248146066,0.9419841248146066,0.9419841248146066,0.9419841248146066,0.9419841248146066,0.9419841248146066,0.9419841248146066,0.9419841248146066,0.9419841248146066,0.9419841248146066,0.9419841248146066,0.9419841248146066,0.9419841248146066,0.9419841248146066,0.9419841248146066,0.9419841248146066,0.9419841248146066],"compilation_time":43.88440990447998,"equivalence_time":0.0006880760192871094,"hop_count_time":45.04360103607178}