{"topology":"fattree-6","routing_scheme":"resilient ecmp","max_failures":-1,"failure_prob":[1,128],"equivalent_to_teleport":false,"min_prob_of_delivery":0.9844350963251109,"avg_prob_of_delivery":0.9853470881560547,"hop_count_cdf":[0.0,0.11672788551625084,0.11672788551625084,0.9853470881560547,0.9853470881560547,0.9853470881560547,0.9853470881560547,0.9853470881560547,0.9853470881560547,0.9853470881560547,0.9853470881560547,0.9853470881560547,0.9853470881560547,0.9853470881560547,0.9853470881560547,0.9853470881560547,0.9853470881560547,0.9853470881560547,0.9853470881560547,0.9853470881560547,0.9853470881560547,0.9853470881560547,0.9853470881560547,0.9853470881560547,0.9853470881560547,0.9853470881560547,0.9853470881560547,0.9853470881560547,0.9853470881560547,0.9853470881560547,0.9853470881560547,0.9853470881560547],"compilation_time":32.101996183395386,"equivalence_time":0.0009260177612304688,"hop_count_time":31.934731006622314}