{"topology":"fattree-6","routing_scheme":"resilient ecmp","max_failures":-1,"failure_prob":[1,4],"equivalent_to_teleport":false,"min_prob_of_delivery":0.5450592041015625,"avg_prob_of_delivery":0.5677912095013786,"hop_count_cdf":[0.0,0.08685661764705882,0.08685661764705882,0.5677912095013786,0.5677912095013786,0.5677912095013786,0.5677912095013786,0.5677912095013786,0.5677912095013786,0.5677912095013786,0.5677912095013786,0.5677912095013786,0.5677912095013786,0.5677912095013786,0.5677912095013786,0.5677912095013786,0.5677912095013786,0.5677912095013786,0.5677912095013786,0.5677912095013786,0.5677912095013786,0.5677912095013786,0.5677912095013786,0.5677912095013786,0.5677912095013786,0.5677912095013786,0.5677912095013786,0.5677912095013786,0.5677912095013786,0.5677912095013786,0.5677912095013786,0.5677912095013786],"compilation_time":31.251344919204712,"equivalence_time":0.000701904296875,"hop_count_time":29.38822317123413}