{"topology":"jellyfish-16-8-4","routing_scheme":"resilient ecmp","max_failures":1,"failure_prob":[1,8],"equivalent_to_teleport":false,"min_prob_of_delivery":0.8320488855242729,"avg_prob_of_delivery":0.901182548948726,"hop_count_cdf":[0.23828125,0.6464836649092225,0.901182548948726,0.901182548948726,0.901182548948726,0.901182548948726,0.901182548948726,0.901182548948726,0.901182548948726,0.901182548948726,0.901182548948726,0.901182548948726,0.901182548948726,0.901182548948726,0.901182548948726,0.901182548948726,0.901182548948726,0.901182548948726,0.901182548948726,0.901182548948726,0.901182548948726,0.901182548948726,0.901182548948726,0.901182548948726,0.901182548948726,0.901182548948726,0.901182548948726,0.901182548948726,0.901182548948726,0.901182548948726,0.901182548948726,0.901182548948726],"compilation_time":15.288049936294556,"equivalence_time":0.0008609294891357422,"hop_count_time":15.373542070388794}