{"topology":"jellyfish-16-8-4","routing_scheme":"resilient ecmp","max_failures":1,"failure_prob":[1,32],"equivalent_to_teleport":false,"min_prob_of_delivery":0.9445093787580561,"avg_prob_of_delivery":0.9587058502755876,"hop_count_cdf":[0.25865478515625,0.7025112297183262,0.9587058502755876,0.9587058502755876,0.9587058502755876,0.9587058502755876,0.9587058502755876,0.9587058502755876,0.9587058502755876,0.9587058502755876,0.9587058502755876,0.9587058502755876,0.9587058502755876,0.9587058502755876,0.9587058502755876,0.9587058502755876,0.9587058502755876,0.9587058502755876,0.9587058502755876,0.9587058502755876,0.9587058502755876,0.9587058502755876,0.9587058502755876,0.9587058502755876,0.9587058502755876,0.9587058502755876,0.9587058502755876,0.9587058502755876,0.9587058502755876,0.9587058502755876,0.9587058502755876,0.9587058502755876],"compilation_time":16.963454008102417,"equivalence_time":0.0005810260772705078,"hop_count_time":19.172422170639038}