{"topology":"jellyfish-16-8-4","routing_scheme":"resilient ecmp","max_failures":1,"failure_prob":[1,16],"equivalent_to_teleport":false,"min_prob_of_delivery":0.9002050328854239,"avg_prob_of_delivery":0.931999035059498,"hop_count_cdf":[0.25126953125,0.6790917798495589,0.931999035059498,0.931999035059498,0.931999035059498,0.931999035059498,0.931999035059498,0.931999035059498,0.931999035059498,0.931999035059498,0.931999035059498,0.931999035059498,0.931999035059498,0.931999035059498,0.931999035059498,0.931999035059498,0.931999035059498,0.931999035059498,0.931999035059498,0.931999035059498,0.931999035059498,0.931999035059498,0.931999035059498,0.931999035059498,0.931999035059498,0.931999035059498,0.931999035059498,0.931999035059498,0.931999035059498,0.931999035059498,0.931999035059498,0.931999035059498],"compilation_time":15.449859142303467,"equivalence_time":0.00020694732666015625,"hop_count_time":14.2934410572052}