{"topology":"jellyfish-16-8-4","routing_scheme":"resilient ecmp","max_failures":1,"failure_prob":[1,64],"equivalent_to_teleport":false,"min_prob_of_delivery":0.9705995869526589,"avg_prob_of_delivery":0.9770373310136337,"hop_count_cdf":[0.26258087158203125,0.7168358201371925,0.9770373310136337,0.9770373310136337,0.9770373310136337,0.9770373310136337,0.9770373310136337,0.9770373310136337,0.9770373310136337,0.9770373310136337,0.9770373310136337,0.9770373310136337,0.9770373310136337,0.9770373310136337,0.9770373310136337,0.9770373310136337,0.9770373310136337,0.9770373310136337,0.9770373310136337,0.9770373310136337,0.9770373310136337,0.9770373310136337,0.9770373310136337,0.9770373310136337,0.9770373310136337,0.9770373310136337,0.9770373310136337,0.9770373310136337,0.9770373310136337,0.9770373310136337,0.9770373310136337,0.9770373310136337],"compilation_time":15.406494855880737,"equivalence_time":0.000720977783203125,"hop_count_time":13.648464918136597}