{"topology":"jellyfish-16-8-4","routing_scheme":"resilient ecmp","max_failures":1,"failure_prob":[1,4],"equivalent_to_teleport":false,"min_prob_of_delivery":0.7249717712402344,"avg_prob_of_delivery":0.8701370479626348,"hop_count_cdf":[0.21875,0.6080662329991658,0.8701370479626348,0.8701370479626348,0.8701370479626348,0.8701370479626348,0.8701370479626348,0.8701370479626348,0.8701370479626348,0.8701370479626348,0.8701370479626348,0.8701370479626348,0.8701370479626348,0.8701370479626348,0.8701370479626348,0.8701370479626348,0.8701370479626348,0.8701370479626348,0.8701370479626348,0.8701370479626348,0.8701370479626348,0.8701370479626348,0.8701370479626348,0.8701370479626348,0.8701370479626348,0.8701370479626348,0.8701370479626348,0.8701370479626348,0.8701370479626348,0.8701370479626348,0.8701370479626348,0.8701370479626348],"compilation_time":12.927673101425171,"equivalence_time":0.0003108978271484375,"hop_count_time":12.469307899475098}