{"topology":"jellyfish-16-8-4","routing_scheme":"resilient ecmp","max_failures":2,"failure_prob":[1,8],"equivalent_to_teleport":false,"min_prob_of_delivery":0.7890977710485458,"avg_prob_of_delivery":0.8473326548517467,"hop_count_cdf":[0.23359375,0.6129905523460669,0.8473326548517467,0.8473326548517467,0.8473326548517467,0.8473326548517467,0.8473326548517467,0.8473326548517467,0.8473326548517467,0.8473326548517467,0.8473326548517467,0.8473326548517467,0.8473326548517467,0.8473326548517467,0.8473326548517467,0.8473326548517467,0.8473326548517467,0.8473326548517467,0.8473326548517467,0.8473326548517467,0.8473326548517467,0.8473326548517467,0.8473326548517467,0.8473326548517467,0.8473326548517467,0.8473326548517467,0.8473326548517467,0.8473326548517467,0.8473326548517467,0.8473326548517467,0.8473326548517467,0.8473326548517467],"compilation_time":16.236658096313477,"equivalence_time":0.00017905235290527344,"hop_count_time":17.01705312728882}