{"topology":"jellyfish-16-8-4","routing_scheme":"resilient ecmp","max_failures":2,"failure_prob":[1,64],"equivalent_to_teleport":false,"min_prob_of_delivery":0.9690689855029543,"avg_prob_of_delivery":0.9746223493822814,"hop_count_cdf":[0.2625005086263021,0.7157597891335606,0.9746223493822814,0.9746223493822814,0.9746223493822814,0.9746223493822814,0.9746223493822814,0.9746223493822814,0.9746223493822814,0.9746223493822814,0.9746223493822814,0.9746223493822814,0.9746223493822814,0.9746223493822814,0.9746223493822814,0.9746223493822814,0.9746223493822814,0.9746223493822814,0.9746223493822814,0.9746223493822814,0.9746223493822814,0.9746223493822814,0.9746223493822814,0.9746223493822814,0.9746223493822814,0.9746223493822814,0.9746223493822814,0.9746223493822814,0.9746223493822814,0.9746223493822814,0.9746223493822814,0.9746223493822814],"compilation_time":20.410614013671875,"equivalence_time":0.00023794174194335938,"hop_count_time":22.290868043899536}