{"topology":"jellyfish-16-8-4","routing_scheme":"resilient ecmp","max_failures":2,"failure_prob":[1,16],"equivalent_to_teleport":false,"min_prob_of_delivery":0.8828007148986217,"avg_prob_of_delivery":0.90795681595009,"hop_count_cdf":[0.25003255208333336,0.6665262040920595,0.90795681595009,0.90795681595009,0.90795681595009,0.90795681595009,0.90795681595009,0.90795681595009,0.90795681595009,0.90795681595009,0.90795681595009,0.90795681595009,0.90795681595009,0.90795681595009,0.90795681595009,0.90795681595009,0.90795681595009,0.90795681595009,0.90795681595009,0.90795681595009,0.90795681595009,0.90795681595009,0.90795681595009,0.90795681595009,0.90795681595009,0.90795681595009,0.90795681595009,0.90795681595009,0.90795681595009,0.90795681595009,0.90795681595009,0.90795681595009],"compilation_time":13.031342029571533,"equivalence_time":0.003175020217895508,"hop_count_time":12.60594391822815}