{"topology":"jellyfish-16-8-4","routing_scheme":"resilient ecmp","max_failures":2,"failure_prob":[1,32],"equivalent_to_teleport":false,"min_prob_of_delivery":0.9390356900905203,"avg_prob_of_delivery":0.950486615475054,"hop_count_cdf":[0.25833740234375,0.6986383330565005,0.950486615475054,0.950486615475054,0.950486615475054,0.950486615475054,0.950486615475054,0.950486615475054,0.950486615475054,0.950486615475054,0.950486615475054,0.950486615475054,0.950486615475054,0.950486615475054,0.950486615475054,0.950486615475054,0.950486615475054,0.950486615475054,0.950486615475054,0.950486615475054,0.950486615475054,0.950486615475054,0.950486615475054,0.950486615475054,0.950486615475054,0.950486615475054,0.950486615475054,0.950486615475054,0.950486615475054,0.950486615475054,0.950486615475054,0.950486615475054],"compilation_time":17.951908111572266,"equivalence_time":0.001795053482055664,"hop_count_time":14.929599046707153}