{"topology":"jellyfish-16-8-4","routing_scheme":"resilient ecmp","max_failures":2,"failure_prob":[1,4],"equivalent_to_teleport":false,"min_prob_of_delivery":0.6665725708007812,"avg_prob_of_delivery":0.7860079941440442,"hop_count_cdf":[0.20208333333333334,0.5422638654708862,0.7860079941440442,0.7860079941440442,0.7860079941440442,0.7860079941440442,0.7860079941440442,0.7860079941440442,0.7860079941440442,0.7860079941440442,0.7860079941440442,0.7860079941440442,0.7860079941440442,0.7860079941440442,0.7860079941440442,0.7860079941440442,0.7860079941440442,0.7860079941440442,0.7860079941440442,0.7860079941440442,0.7860079941440442,0.7860079941440442,0.7860079941440442,0.7860079941440442,0.7860079941440442,0.7860079941440442,0.7860079941440442,0.7860079941440442,0.7860079941440442,0.7860079941440442,0.7860079941440442,0.7860079941440442],"compilation_time":14.404332876205444,"equivalence_time":0.00015401840209960938,"hop_count_time":13.275496006011963}