{"topology":"jellyfish-16-8-4","routing_scheme":"resilient ecmp","max_failures":3,"failure_prob":[1,64],"equivalent_to_teleport":false,"min_prob_of_delivery":0.9687886859871151,"avg_prob_of_delivery":0.9744362482715256,"hop_count_cdf":[0.2625,0.7157083107044839,0.9744362482715256,0.9744362482715256,0.9744362482715256,0.9744362482715256,0.9744362482715256,0.9744362482715256,0.9744362482715256,0.9744362482715256,0.9744362482715256,0.9744362482715256,0.9744362482715256,0.9744362482715256,0.9744362482715256,0.9744362482715256,0.9744362482715256,0.9744362482715256,0.9744362482715256,0.9744362482715256,0.9744362482715256,0.9744362482715256,0.9744362482715256,0.9744362482715256,0.9744362482715256,0.9744362482715256,0.9744362482715256,0.9744362482715256,0.9744362482715256,0.9744362482715256,0.9744362482715256,0.9744362482715256],"compilation_time":18.835307121276855,"equivalence_time":0.00035691261291503906,"hop_count_time":24.41861891746521}