{"topology":"jellyfish-16-8-4","routing_scheme":"resilient ecmp","max_failures":3,"failure_prob":[1,16],"equivalent_to_teleport":false,"min_prob_of_delivery":0.8793198513012612,"avg_prob_of_delivery":0.9009920521595471,"hop_count_cdf":[0.25,0.6641579681224603,0.9009920521595471,0.9009920521595471,0.9009920521595471,0.9009920521595471,0.9009920521595471,0.9009920521595471,0.9009920521595471,0.9009920521595471,0.9009920521595471,0.9009920521595471,0.9009920521595471,0.9009920521595471,0.9009920521595471,0.9009920521595471,0.9009920521595471,0.9009920521595471,0.9009920521595471,0.9009920521595471,0.9009920521595471,0.9009920521595471,0.9009920521595471,0.9009920521595471,0.9009920521595471,0.9009920521595471,0.9009920521595471,0.9009920521595471,0.9009920521595471,0.9009920521595471,0.9009920521595471,0.9009920521595471],"compilation_time":20.978384017944336,"equivalence_time":0.004822969436645508,"hop_count_time":23.055680990219116}