{"topology":"jellyfish-16-8-4","routing_scheme":"resilient ecmp","max_failures":3,"failure_prob":[1,4],"equivalent_to_teleport":false,"min_prob_of_delivery":0.6081733703613281,"avg_prob_of_delivery":0.7213925210840292,"hop_count_cdf":[0.2,0.5043310244878133,0.7213925210840292,0.7213925210840292,0.7213925210840292,0.7213925210840292,0.7213925210840292,0.7213925210840292,0.7213925210840292,0.7213925210840292,0.7213925210840292,0.7213925210840292,0.7213925210840292,0.7213925210840292,0.7213925210840292,0.7213925210840292,0.7213925210840292,0.7213925210840292,0.7213925210840292,0.7213925210840292,0.7213925210840292,0.7213925210840292,0.7213925210840292,0.7213925210840292,0.7213925210840292,0.7213925210840292,0.7213925210840292,0.7213925210840292,0.7213925210840292,0.7213925210840292,0.7213925210840292,0.7213925210840292],"compilation_time":11.612641096115112,"equivalence_time":0.0009369850158691406,"hop_count_time":14.737643957138062}