{"topology":"jellyfish-16-8-4","routing_scheme":"resilient ecmp","max_failures":3,"failure_prob":[1,8],"equivalent_to_teleport":false,"min_prob_of_delivery":0.7706901505589485,"avg_prob_of_delivery":0.819299536434261,"hop_count_cdf":[0.23333333333333334,0.6009513584470066,0.819299536434261,0.819299536434261,0.819299536434261,0.819299536434261,0.819299536434261,0.819299536434261,0.819299536434261,0.819299536434261,0.819299536434261,0.819299536434261,0.819299536434261,0.819299536434261,0.819299536434261,0.819299536434261,0.819299536434261,0.819299536434261,0.819299536434261,0.819299536434261,0.819299536434261,0.819299536434261,0.819299536434261,0.819299536434261,0.819299536434261,0.819299536434261,0.819299536434261,0.819299536434261,0.819299536434261,0.819299536434261,0.819299536434261,0.819299536434261],"compilation_time":17.08393907546997,"equivalence_time":0.001132965087890625,"hop_count_time":17.071340084075928}