{"topology":"jellyfish-16-8-4","routing_scheme":"resilient ecmp","max_failures":3,"failure_prob":[1,32],"equivalent_to_teleport":false,"min_prob_of_delivery":0.9379891102682153,"avg_prob_of_delivery":0.9492436893164758,"hop_count_cdf":[0.25833333333333336,0.6982690437622674,0.9492436893164758,0.9492436893164758,0.9492436893164758,0.9492436893164758,0.9492436893164758,0.9492436893164758,0.9492436893164758,0.9492436893164758,0.9492436893164758,0.9492436893164758,0.9492436893164758,0.9492436893164758,0.9492436893164758,0.9492436893164758,0.9492436893164758,0.9492436893164758,0.9492436893164758,0.9492436893164758,0.9492436893164758,0.9492436893164758,0.9492436893164758,0.9492436893164758,0.9492436893164758,0.9492436893164758,0.9492436893164758,0.9492436893164758,0.9492436893164758,0.9492436893164758,0.9492436893164758,0.9492436893164758],"compilation_time":17.473968029022217,"equivalence_time":0.00047779083251953125,"hop_count_time":23.97425603866577}