{"topology":"jellyfish-16-8-4","routing_scheme":"resilient ecmp","max_failures":4,"failure_prob":[1,64],"equivalent_to_teleport":false,"min_prob_of_delivery":0.9687589207049959,"avg_prob_of_delivery":0.974425735771546,"hop_count_cdf":[0.2625,0.7157066698328896,0.974425735771546,0.974425735771546,0.974425735771546,0.974425735771546,0.974425735771546,0.974425735771546,0.974425735771546,0.974425735771546,0.974425735771546,0.974425735771546,0.974425735771546,0.974425735771546,0.974425735771546,0.974425735771546,0.974425735771546,0.974425735771546,0.974425735771546,0.974425735771546,0.974425735771546,0.974425735771546,0.974425735771546,0.974425735771546,0.974425735771546,0.974425735771546,0.974425735771546,0.974425735771546,0.974425735771546,0.974425735771546,0.974425735771546,0.974425735771546],"compilation_time":26.53759503364563,"equivalence_time":0.0002429485321044922,"hop_count_time":39.18696403503418}