{"topology":"jellyfish-16-8-4","routing_scheme":"resilient ecmp","max_failures":4,"failure_prob":[1,8],"equivalent_to_teleport":false,"min_prob_of_delivery":0.7663073837757111,"avg_prob_of_delivery":0.8076422557435672,"hop_count_cdf":[0.23333333333333334,0.5976950522395782,0.8076422557435672,0.8076422557435672,0.8076422557435672,0.8076422557435672,0.8076422557435672,0.8076422557435672,0.8076422557435672,0.8076422557435672,0.8076422557435672,0.8076422557435672,0.8076422557435672,0.8076422557435672,0.8076422557435672,0.8076422557435672,0.8076422557435672,0.8076422557435672,0.8076422557435672,0.8076422557435672,0.8076422557435672,0.8076422557435672,0.8076422557435672,0.8076422557435672,0.8076422557435672,0.8076422557435672,0.8076422557435672,0.8076422557435672,0.8076422557435672,0.8076422557435672,0.8076422557435672,0.8076422557435672],"compilation_time":16.186017990112305,"equivalence_time":0.0001990795135498047,"hop_count_time":21.9239239692688}