{"topology":"jellyfish-16-8-4","routing_scheme":"resilient ecmp","max_failures":4,"failure_prob":[1,4],"equivalent_to_teleport":false,"min_prob_of_delivery":0.5757293701171875,"avg_prob_of_delivery":0.6749292992210637,"hop_count_cdf":[0.2,0.4835178772608439,0.6749292992210637,0.6749292992210637,0.6749292992210637,0.6749292992210637,0.6749292992210637,0.6749292992210637,0.6749292992210637,0.6749292992210637,0.6749292992210637,0.6749292992210637,0.6749292992210637,0.6749292992210637,0.6749292992210637,0.6749292992210637,0.6749292992210637,0.6749292992210637,0.6749292992210637,0.6749292992210637,0.6749292992210637,0.6749292992210637,0.6749292992210637,0.6749292992210637,0.6749292992210637,0.6749292992210637,0.6749292992210637,0.6749292992210637,0.6749292992210637,0.6749292992210637,0.6749292992210637,0.6749292992210637],"compilation_time":15.563416957855225,"equivalence_time":0.00034999847412109375,"hop_count_time":18.89048409461975}