{"topology":"jellyfish-16-8-4","routing_scheme":"resilient ecmp","max_failures":4,"failure_prob":[1,32],"equivalent_to_teleport":false,"min_prob_of_delivery":0.9375971663102912,"avg_prob_of_delivery":0.9491044405744906,"hop_count_cdf":[0.25833333333333336,0.6982452738897857,0.9491044405744906,0.9491044405744906,0.9491044405744906,0.9491044405744906,0.9491044405744906,0.9491044405744906,0.9491044405744906,0.9491044405744906,0.9491044405744906,0.9491044405744906,0.9491044405744906,0.9491044405744906,0.9491044405744906,0.9491044405744906,0.9491044405744906,0.9491044405744906,0.9491044405744906,0.9491044405744906,0.9491044405744906,0.9491044405744906,0.9491044405744906,0.9491044405744906,0.9491044405744906,0.9491044405744906,0.9491044405744906,0.9491044405744906,0.9491044405744906,0.9491044405744906,0.9491044405744906,0.9491044405744906],"compilation_time":25.05717897415161,"equivalence_time":0.0019350051879882812,"hop_count_time":24.567061185836792}