{"topology":"jellyfish-16-8-4","routing_scheme":"resilient ecmp","max_failures":4,"failure_prob":[1,16],"equivalent_to_teleport":false,"min_prob_of_delivery":0.8763453023208532,"avg_prob_of_delivery":0.8994630907488447,"hop_count_cdf":[0.25,0.6638474633856826,0.8994630907488447,0.8994630907488447,0.8994630907488447,0.8994630907488447,0.8994630907488447,0.8994630907488447,0.8994630907488447,0.8994630907488447,0.8994630907488447,0.8994630907488447,0.8994630907488447,0.8994630907488447,0.8994630907488447,0.8994630907488447,0.8994630907488447,0.8994630907488447,0.8994630907488447,0.8994630907488447,0.8994630907488447,0.8994630907488447,0.8994630907488447,0.8994630907488447,0.8994630907488447,0.8994630907488447,0.8994630907488447,0.8994630907488447,0.8994630907488447,0.8994630907488447,0.8994630907488447,0.8994630907488447],"compilation_time":17.459211111068726,"equivalence_time":0.00022101402282714844,"hop_count_time":25.24786901473999}