{"topology":"jellyfish-16-8-4","routing_scheme":"resilient ecmp","max_failures":-1,"failure_prob":[1,4],"equivalent_to_teleport":false,"min_prob_of_delivery":0.52734375,"avg_prob_of_delivery":0.6212890625,"hop_count_cdf":[0.2,0.471875,0.6212890625,0.6212890625,0.6212890625,0.6212890625,0.6212890625,0.6212890625,0.6212890625,0.6212890625,0.6212890625,0.6212890625,0.6212890625,0.6212890625,0.6212890625,0.6212890625,0.6212890625,0.6212890625,0.6212890625,0.6212890625,0.6212890625,0.6212890625,0.6212890625,0.6212890625,0.6212890625,0.6212890625,0.6212890625,0.6212890625,0.6212890625,0.6212890625,0.6212890625,0.6212890625],"compilation_time":12.270795106887817,"equivalence_time":0.0015590190887451172,"hop_count_time":12.117985010147095}