{"topology":"jellyfish-16-8-4","routing_scheme":"resilient ecmp","max_failures":-1,"failure_prob":[1,32],"equivalent_to_teleport":false,"min_prob_of_delivery":0.9375600814819336,"avg_prob_of_delivery":0.9490913615458542,"hop_count_cdf":[0.25833333333333336,0.6982442220052083,0.9490913615458542,0.9490913615458542,0.9490913615458542,0.9490913615458542,0.9490913615458542,0.9490913615458542,0.9490913615458542,0.9490913615458542,0.9490913615458542,0.9490913615458542,0.9490913615458542,0.9490913615458542,0.9490913615458542,0.9490913615458542,0.9490913615458542,0.9490913615458542,0.9490913615458542,0.9490913615458542,0.9490913615458542,0.9490913615458542,0.9490913615458542,0.9490913615458542,0.9490913615458542,0.9490913615458542,0.9490913615458542,0.9490913615458542,0.9490913615458542,0.9490913615458542,0.9490913615458542,0.9490913615458542],"compilation_time":12.107064008712769,"equivalence_time":0.0005397796630859375,"hop_count_time":12.702617168426514}