{"topology":"jellyfish-16-8-4","routing_scheme":"resilient ecmp","max_failures":-1,"failure_prob":[0,1],"equivalent_to_teleport":false,"min_prob_of_delivery":1.0,"avg_prob_of_delivery":1.0,"hop_count_cdf":[0.26666666666666666,0.7333333333333333,1.0,1.0,1.0,1.0,1.0,1.0,1.0,1.0,1.0,1.0,1.0,1.0,1.0,1.0,1.0,1.0,1.0,1.0,1.0,1.0,1.0,1.0,1.0,1.0,1.0,1.0,1.0,1.0,1.0,1.0],"compilation_time":14.664664030075073,"equivalence_time":0.00047206878662109375,"hop_count_time":16.529953956604004}