{"topology":"jellyfish-16-8-4","routing_scheme":"resilient ecmp","max_failures":-1,"failure_prob":[1,8],"equivalent_to_teleport":false,"min_prob_of_delivery":0.753662109375,"avg_prob_of_delivery":0.8022850884331597,"hop_count_cdf":[0.23333333333333334,0.5970052083333334,0.8022850884331597,0.8022850884331597,0.8022850884331597,0.8022850884331597,0.8022850884331597,0.8022850884331597,0.8022850884331597,0.8022850884331597,0.8022850884331597,0.8022850884331597,0.8022850884331597,0.8022850884331597,0.8022850884331597,0.8022850884331597,0.8022850884331597,0.8022850884331597,0.8022850884331597,0.8022850884331597,0.8022850884331597,0.8022850884331597,0.8022850884331597,0.8022850884331597,0.8022850884331597,0.8022850884331597,0.8022850884331597,0.8022850884331597,0.8022850884331597,0.8022850884331597,0.8022850884331597,0.8022850884331597],"compilation_time":15.188501834869385,"equivalence_time":0.00047206878662109375,"hop_count_time":14.744259119033813}