{"topology":"jellyfish-16-8-4","routing_scheme":"resilient ecmp","max_failures":-1,"failure_prob":[1,64],"equivalent_to_teleport":false,"min_prob_of_delivery":0.9687575697898865,"avg_prob_of_delivery":0.9744252589414828,"hop_count_cdf":[0.2625,0.7157066345214844,0.9744252589414828,0.9744252589414828,0.9744252589414828,0.9744252589414828,0.9744252589414828,0.9744252589414828,0.9744252589414828,0.9744252589414828,0.9744252589414828,0.9744252589414828,0.9744252589414828,0.9744252589414828,0.9744252589414828,0.9744252589414828,0.9744252589414828,0.9744252589414828,0.9744252589414828,0.9744252589414828,0.9744252589414828,0.9744252589414828,0.9744252589414828,0.9744252589414828,0.9744252589414828,0.9744252589414828,0.9744252589414828,0.9744252589414828,0.9744252589414828,0.9744252589414828,0.9744252589414828,0.9744252589414828],"compilation_time":12.485337972640991,"equivalence_time":0.0003058910369873047,"hop_count_time":10.481698036193848}