{"topology":"jellyfish-16-8-4","routing_scheme":"resilient ecmp","max_failures":-1,"failure_prob":[1,16],"equivalent_to_teleport":false,"min_prob_of_delivery":0.8754730224609375,"avg_prob_of_delivery":0.8991553783416748,"hop_count_cdf":[0.25,0.663818359375,0.8991553783416748,0.8991553783416748,0.8991553783416748,0.8991553783416748,0.8991553783416748,0.8991553783416748,0.8991553783416748,0.8991553783416748,0.8991553783416748,0.8991553783416748,0.8991553783416748,0.8991553783416748,0.8991553783416748,0.8991553783416748,0.8991553783416748,0.8991553783416748,0.8991553783416748,0.8991553783416748,0.8991553783416748,0.8991553783416748,0.8991553783416748,0.8991553783416748,0.8991553783416748,0.8991553783416748,0.8991553783416748,0.8991553783416748,0.8991553783416748,0.8991553783416748,0.8991553783416748,0.8991553783416748],"compilation_time":12.74378490447998,"equivalence_time":0.0002799034118652344,"hop_count_time":11.85883092880249}