{
  "topology": "fattree_4_sw_20",
  "routing_scheme": "resilient ecmp",
  "max_failures": 0,
  "failure_prob": [ 1, 2 ],
  "equivalent_to_teleport": true,
  "min_prob_of_delivery": 1.0,
  "avg_prob_of_delivery": 1.0,
  "hop_count_cdf": [
    0.0, 0.14285714285714285, 0.14285714285714285, 1.0, 1.0, 1.0, 1.0, 1.0,
    1.0, 1.0, 1.0, 1.0, 1.0, 1.0, 1.0, 1.0, 1.0, 1.0, 1.0, 1.0, 1.0, 1.0,
    1.0, 1.0, 1.0, 1.0, 1.0, 1.0, 1.0, 1.0, 1.0, 1.0
  ],
  "compilation_times": [ 0.2553410530090332 ],
  "equivalence_times": [ 0.0011348724365234375 ],
  "hop_count_times": [ 0.28658294677734375 ]
}