{
  "topology": "fattree_4_sw_20",
  "routing_scheme": "resilient ecmp",
  "max_failures": 1,
  "failure_prob": [ 1, 16 ],
  "equivalent_to_teleport": false,
  "min_prob_of_delivery": 0.9432373046875,
  "avg_prob_of_delivery": 0.9513462611607143,
  "hop_count_cdf": [
    0.0, 0.14285714285714285, 0.14285714285714285, 0.9513462611607143,
    0.9513462611607143, 0.9513462611607143, 0.9513462611607143,
    0.9513462611607143, 0.9513462611607143, 0.9513462611607143,
    0.9513462611607143, 0.9513462611607143, 0.9513462611607143,
    0.9513462611607143, 0.9513462611607143, 0.9513462611607143,
    0.9513462611607143, 0.9513462611607143, 0.9513462611607143,
    0.9513462611607143, 0.9513462611607143, 0.9513462611607143,
    0.9513462611607143, 0.9513462611607143, 0.9513462611607143,
    0.9513462611607143, 0.9513462611607143, 0.9513462611607143,
    0.9513462611607143, 0.9513462611607143, 0.9513462611607143,
    0.9513462611607143
  ],
  "compilation_times": [ 5.043352842330933 ],
  "equivalence_times": [ 0.00015020370483398438 ],
  "hop_count_times": [ 5.144564867019653 ]
}