{
  "topology": "fattree_4_sw_20",
  "routing_scheme": "resilient ecmp",
  "max_failures": 1,
  "failure_prob": [ 1, 32 ],
  "equivalent_to_teleport": false,
  "min_prob_of_delivery": 0.9701995849609375,
  "avg_prob_of_delivery": 0.974456787109375,
  "hop_count_cdf": [
    0.0, 0.14285714285714285, 0.14285714285714285, 0.974456787109375,
    0.974456787109375, 0.974456787109375, 0.974456787109375,
    0.974456787109375, 0.974456787109375, 0.974456787109375,
    0.974456787109375, 0.974456787109375, 0.974456787109375,
    0.974456787109375, 0.974456787109375, 0.974456787109375,
    0.974456787109375, 0.974456787109375, 0.974456787109375,
    0.974456787109375, 0.974456787109375, 0.974456787109375,
    0.974456787109375, 0.974456787109375, 0.974456787109375,
    0.974456787109375, 0.974456787109375, 0.974456787109375,
    0.974456787109375, 0.974456787109375, 0.974456787109375,
    0.974456787109375
  ],
  "compilation_times": [ 5.259804010391235 ],
  "equivalence_times": [ 0.0007140636444091797 ],
  "hop_count_times": [ 5.126607894897461 ]
}