{
  "topology": "fattree_4_sw_20",
  "routing_scheme": "resilient ecmp",
  "max_failures": 2,
  "failure_prob": [ 1, 32 ],
  "equivalent_to_teleport": false,
  "min_prob_of_delivery": 0.9687652587890625,
  "avg_prob_of_delivery": 0.9732273646763393,
  "hop_count_cdf": [
    0.0, 0.14285714285714285, 0.14285714285714285, 0.9732273646763393,
    0.9732273646763393, 0.9732273646763393, 0.9732273646763393,
    0.9732273646763393, 0.9732273646763393, 0.9732273646763393,
    0.9732273646763393, 0.9732273646763393, 0.9732273646763393,
    0.9732273646763393, 0.9732273646763393, 0.9732273646763393,
    0.9732273646763393, 0.9732273646763393, 0.9732273646763393,
    0.9732273646763393, 0.9732273646763393, 0.9732273646763393,
    0.9732273646763393, 0.9732273646763393, 0.9732273646763393,
    0.9732273646763393, 0.9732273646763393, 0.9732273646763393,
    0.9732273646763393, 0.9732273646763393, 0.9732273646763393,
    0.9732273646763393
  ],
  "compilation_times": [ 5.1223180294036865 ],
  "equivalence_times": [ 0.0001251697540283203 ],
  "hop_count_times": [ 5.373187065124512 ]
}