{
  "topology": "fattree_4_sw_20",
  "routing_scheme": "resilient ecmp",
  "max_failures": 2,
  "failure_prob": [ 1, 64 ],
  "equivalent_to_teleport": false,
  "min_prob_of_delivery": 0.9843769073486328,
  "avg_prob_of_delivery": 0.9866087777273995,
  "hop_count_cdf": [
    0.0, 0.14285714285714285, 0.14285714285714285, 0.9866087777273995,
    0.9866087777273995, 0.9866087777273995, 0.9866087777273995,
    0.9866087777273995, 0.9866087777273995, 0.9866087777273995,
    0.9866087777273995, 0.9866087777273995, 0.9866087777273995,
    0.9866087777273995, 0.9866087777273995, 0.9866087777273995,
    0.9866087777273995, 0.9866087777273995, 0.9866087777273995,
    0.9866087777273995, 0.9866087777273995, 0.9866087777273995,
    0.9866087777273995, 0.9866087777273995, 0.9866087777273995,
    0.9866087777273995, 0.9866087777273995, 0.9866087777273995,
    0.9866087777273995, 0.9866087777273995, 0.9866087777273995,
    0.9866087777273995
  ],
  "compilation_times": [ 5.1207499504089355 ],
  "equivalence_times": [ 0.0001220703125 ],
  "hop_count_times": [ 6.390574932098389 ]
}