{
  "topology": "fattree_4_sw_20",
  "routing_scheme": "resilient ecmp",
  "max_failures": 3,
  "failure_prob": [ 1, 16 ],
  "equivalent_to_teleport": false,
  "min_prob_of_delivery": 0.9375,
  "avg_prob_of_delivery": 0.9464285714285714,
  "hop_count_cdf": [
    0.0, 0.14285714285714285, 0.14285714285714285, 0.9464285714285714,
    0.9464285714285714, 0.9464285714285714, 0.9464285714285714,
    0.9464285714285714, 0.9464285714285714, 0.9464285714285714,
    0.9464285714285714, 0.9464285714285714, 0.9464285714285714,
    0.9464285714285714, 0.9464285714285714, 0.9464285714285714,
    0.9464285714285714, 0.9464285714285714, 0.9464285714285714,
    0.9464285714285714, 0.9464285714285714, 0.9464285714285714,
    0.9464285714285714, 0.9464285714285714, 0.9464285714285714,
    0.9464285714285714, 0.9464285714285714, 0.9464285714285714,
    0.9464285714285714, 0.9464285714285714, 0.9464285714285714,
    0.9464285714285714
  ],
  "compilation_times": [ 5.212791919708252 ],
  "equivalence_times": [ 0.0012660026550292969 ],
  "hop_count_times": [ 6.959986925125122 ]
}