{
  "topology": "fattree_4_sw_20",
  "routing_scheme": "resilient ecmp",
  "max_failures": 3,
  "failure_prob": [ 1, 4 ],
  "equivalent_to_teleport": false,
  "min_prob_of_delivery": 0.75,
  "avg_prob_of_delivery": 0.7857142857142857,
  "hop_count_cdf": [
    0.0, 0.14285714285714285, 0.14285714285714285, 0.7857142857142857,
    0.7857142857142857, 0.7857142857142857, 0.7857142857142857,
    0.7857142857142857, 0.7857142857142857, 0.7857142857142857,
    0.7857142857142857, 0.7857142857142857, 0.7857142857142857,
    0.7857142857142857, 0.7857142857142857, 0.7857142857142857,
    0.7857142857142857, 0.7857142857142857, 0.7857142857142857,
    0.7857142857142857, 0.7857142857142857, 0.7857142857142857,
    0.7857142857142857, 0.7857142857142857, 0.7857142857142857,
    0.7857142857142857, 0.7857142857142857, 0.7857142857142857,
    0.7857142857142857, 0.7857142857142857, 0.7857142857142857,
    0.7857142857142857
  ],
  "compilation_times": [ 5.209168910980225 ],
  "equivalence_times": [ 0.0013751983642578125 ],
  "hop_count_times": [ 6.949141979217529 ]
}