{"topology":"abfattree-6","routing_scheme":"shortest path","max_failures":1,"failure_prob":[1,4],"equivalent_to_teleport":false,"min_prob_of_delivery":0.697251819328546,"avg_prob_of_delivery":0.7791796561164711,"hop_count_cdf":[0.0,0.10072240408729105,0.10072240408729105,0.7791796561164711,0.7791796561164711,0.7791796561164711,0.7791796561164711,0.7791796561164711,0.7791796561164711,0.7791796561164711,0.7791796561164711,0.7791796561164711,0.7791796561164711,0.7791796561164711,0.7791796561164711,0.7791796561164711,0.7791796561164711,0.7791796561164711,0.7791796561164711,0.7791796561164711,0.7791796561164711,0.7791796561164711,0.7791796561164711,0.7791796561164711,0.7791796561164711,0.7791796561164711,0.7791796561164711,0.7791796561164711,0.7791796561164711,0.7791796561164711,0.7791796561164711,0.7791796561164711],"compilation_time":0.6937899589538574,"equivalence_time":0.0019359588623046875,"hop_count_time":0.8415861129760742}