{"topology":"abfattree-6","routing_scheme":"shortest path","max_failures":1,"failure_prob":[1,64],"equivalent_to_teleport":false,"min_prob_of_delivery":0.9463472787970608,"avg_prob_of_delivery":0.9498970837398485,"hop_count_cdf":[0.0,0.11433344691632492,0.11433344691632492,0.9498970837398485,0.9498970837398485,0.9498970837398485,0.9498970837398485,0.9498970837398485,0.9498970837398485,0.9498970837398485,0.9498970837398485,0.9498970837398485,0.9498970837398485,0.9498970837398485,0.9498970837398485,0.9498970837398485,0.9498970837398485,0.9498970837398485,0.9498970837398485,0.9498970837398485,0.9498970837398485,0.9498970837398485,0.9498970837398485,0.9498970837398485,0.9498970837398485,0.9498970837398485,0.9498970837398485,0.9498970837398485,0.9498970837398485,0.9498970837398485,0.9498970837398485,0.9498970837398485],"compilation_time":2.3158130645751953,"equivalence_time":0.0006229877471923828,"hop_count_time":2.9419960975646973}