{"topology":"abfattree-6","routing_scheme":"shortest path","max_failures":2,"failure_prob":[1,64],"equivalent_to_teleport":false,"min_prob_of_delivery":0.9397128779283199,"avg_prob_of_delivery":0.9432083605110746,"hop_count_cdf":[0.0,0.11401891866172946,0.11401891866172946,0.9432083605110746,0.9432083605110746,0.9432083605110746,0.9432083605110746,0.9432083605110746,0.9432083605110746,0.9432083605110746,0.9432083605110746,0.9432083605110746,0.9432083605110746,0.9432083605110746,0.9432083605110746,0.9432083605110746,0.9432083605110746,0.9432083605110746,0.9432083605110746,0.9432083605110746,0.9432083605110746,0.9432083605110746,0.9432083605110746,0.9432083605110746,0.9432083605110746,0.9432083605110746,0.9432083605110746,0.9432083605110746,0.9432083605110746,0.9432083605110746,0.9432083605110746,0.9432083605110746],"compilation_time":3.272113800048828,"equivalence_time":0.0001800060272216797,"hop_count_time":10.864897012710571}