{"topology":"abfattree-6","routing_scheme":"shortest path","max_failures":2,"failure_prob":[1,32],"equivalent_to_teleport":false,"min_prob_of_delivery":0.8857474180999846,"avg_prob_of_delivery":0.8923222150761313,"hop_count_cdf":[0.0,0.11055179998883385,0.11055179998883385,0.8923222150761313,0.8923222150761313,0.8923222150761313,0.8923222150761313,0.8923222150761313,0.8923222150761313,0.8923222150761313,0.8923222150761313,0.8923222150761313,0.8923222150761313,0.8923222150761313,0.8923222150761313,0.8923222150761313,0.8923222150761313,0.8923222150761313,0.8923222150761313,0.8923222150761313,0.8923222150761313,0.8923222150761313,0.8923222150761313,0.8923222150761313,0.8923222150761313,0.8923222150761313,0.8923222150761313,0.8923222150761313,0.8923222150761313,0.8923222150761313,0.8923222150761313,0.8923222150761313],"compilation_time":2.4219260215759277,"equivalence_time":0.0002269744873046875,"hop_count_time":8.852747201919556}