{"topology":"abfattree-6","routing_scheme":"shortest path","max_failures":2,"failure_prob":[1,4],"equivalent_to_teleport":false,"min_prob_of_delivery":0.5944673860701677,"avg_prob_of_delivery":0.647216790268768,"hop_count_cdf":[0.0,0.08670118977041806,0.08670118977041806,0.647216790268768,0.647216790268768,0.647216790268768,0.647216790268768,0.647216790268768,0.647216790268768,0.647216790268768,0.647216790268768,0.647216790268768,0.647216790268768,0.647216790268768,0.647216790268768,0.647216790268768,0.647216790268768,0.647216790268768,0.647216790268768,0.647216790268768,0.647216790268768,0.647216790268768,0.647216790268768,0.647216790268768,0.647216790268768,0.647216790268768,0.647216790268768,0.647216790268768,0.647216790268768,0.647216790268768,0.647216790268768,0.647216790268768],"compilation_time":1.002729892730713,"equivalence_time":0.00015807151794433594,"hop_count_time":1.611893892288208}