{"topology":"abfattree-6","routing_scheme":"shortest path","max_failures":3,"failure_prob":[1,64],"equivalent_to_teleport":false,"min_prob_of_delivery":0.9390097132729892,"avg_prob_of_delivery":0.9425391207403498,"hop_count_cdf":[0.0,0.11400008739592715,0.11400008739592715,0.9425391207403498,0.9425391207403498,0.9425391207403498,0.9425391207403498,0.9425391207403498,0.9425391207403498,0.9425391207403498,0.9425391207403498,0.9425391207403498,0.9425391207403498,0.9425391207403498,0.9425391207403498,0.9425391207403498,0.9425391207403498,0.9425391207403498,0.9425391207403498,0.9425391207403498,0.9425391207403498,0.9425391207403498,0.9425391207403498,0.9425391207403498,0.9425391207403498,0.9425391207403498,0.9425391207403498,0.9425391207403498,0.9425391207403498,0.9425391207403498,0.9425391207403498,0.9425391207403498],"compilation_time":4.609619855880737,"equivalence_time":0.00015807151794433594,"hop_count_time":14.110620975494385}