{"topology":"abfattree-6","routing_scheme":"shortest path","max_failures":4,"failure_prob":[1,32],"equivalent_to_teleport":false,"min_prob_of_delivery":0.8808312918656198,"avg_prob_of_delivery":0.8876143294084563,"hop_count_cdf":[0.0,0.1104096221189463,0.1104096221189463,0.8876143294084562,0.8876143294084562,0.8876143294084562,0.8876143294084562,0.8876143294084562,0.8876143294084562,0.8876143294084562,0.8876143294084562,0.8876143294084562,0.8876143294084562,0.8876143294084562,0.8876143294084562,0.8876143294084562,0.8876143294084562,0.8876143294084562,0.8876143294084562,0.8876143294084562,0.8876143294084562,0.8876143294084562,0.8876143294084562,0.8876143294084562,0.8876143294084562,0.8876143294084562,0.8876143294084562,0.8876143294084562,0.8876143294084562,0.8876143294084562,0.8876143294084562,0.8876143294084562],"compilation_time":3.0025458335876465,"equivalence_time":0.00011801719665527344,"hop_count_time":16.387664079666138}