{"topology":"abfattree-6","routing_scheme":"shortest path","max_failures":4,"failure_prob":[1,128],"equivalent_to_teleport":false,"min_prob_of_delivery":0.9691144378603209,"avg_prob_of_delivery":0.9709169800796221,"hop_count_cdf":[0.0,0.11581600482483813,0.11581600482483813,0.9709169800796221,0.9709169800796221,0.9709169800796221,0.9709169800796221,0.9709169800796221,0.9709169800796221,0.9709169800796221,0.9709169800796221,0.9709169800796221,0.9709169800796221,0.9709169800796221,0.9709169800796221,0.9709169800796221,0.9709169800796221,0.9709169800796221,0.9709169800796221,0.9709169800796221,0.9709169800796221,0.9709169800796221,0.9709169800796221,0.9709169800796221,0.9709169800796221,0.9709169800796221,0.9709169800796221,0.9709169800796221,0.9709169800796221,0.9709169800796221,0.9709169800796221,0.9709169800796221],"compilation_time":1.859713077545166,"equivalence_time":0.00044417381286621094,"hop_count_time":27.36681604385376}