{"topology":"abfattree-6","routing_scheme":"shortest path","max_failures":4,"failure_prob":[1,8],"equivalent_to_teleport":false,"min_prob_of_delivery":0.6085813655722483,"avg_prob_of_delivery":0.6278426834658418,"hop_count_cdf":[0.0,0.09042872227591407,0.09042872227591407,0.6278426834658418,0.6278426834658418,0.6278426834658418,0.6278426834658418,0.6278426834658418,0.6278426834658418,0.6278426834658418,0.6278426834658418,0.6278426834658418,0.6278426834658418,0.6278426834658418,0.6278426834658418,0.6278426834658418,0.6278426834658418,0.6278426834658418,0.6278426834658418,0.6278426834658418,0.6278426834658418,0.6278426834658418,0.6278426834658418,0.6278426834658418,0.6278426834658418,0.6278426834658418,0.6278426834658418,0.6278426834658418,0.6278426834658418,0.6278426834658418,0.6278426834658418,0.6278426834658418],"compilation_time":1.574739933013916,"equivalence_time":0.000286102294921875,"hop_count_time":13.303266048431396}