{"topology":"abfattree-6","routing_scheme":"shortest path","max_failures":4,"failure_prob":[1,16],"equivalent_to_teleport":false,"min_prob_of_delivery":0.7743103095268815,"avg_prob_of_delivery":0.7866496490830042,"hop_count_cdf":[0.0,0.10341705722223751,0.10341705722223751,0.7866496490830042,0.7866496490830042,0.7866496490830042,0.7866496490830042,0.7866496490830042,0.7866496490830042,0.7866496490830042,0.7866496490830042,0.7866496490830042,0.7866496490830042,0.7866496490830042,0.7866496490830042,0.7866496490830042,0.7866496490830042,0.7866496490830042,0.7866496490830042,0.7866496490830042,0.7866496490830042,0.7866496490830042,0.7866496490830042,0.7866496490830042,0.7866496490830042,0.7866496490830042,0.7866496490830042,0.7866496490830042,0.7866496490830042,0.7866496490830042,0.7866496490830042,0.7866496490830042],"compilation_time":2.2501280307769775,"equivalence_time":0.00013709068298339844,"hop_count_time":19.52086901664734}