{"topology":"abfattree-6","routing_scheme":"shortest path","max_failures":-1,"failure_prob":[1,16],"equivalent_to_teleport":false,"min_prob_of_delivery":0.7724761962890625,"avg_prob_of_delivery":0.7849973790785846,"hop_count_cdf":[0.0,0.10340073529411764,0.10340073529411764,0.7849973790785846,0.7849973790785846,0.7849973790785846,0.7849973790785846,0.7849973790785846,0.7849973790785846,0.7849973790785846,0.7849973790785846,0.7849973790785846,0.7849973790785846,0.7849973790785846,0.7849973790785846,0.7849973790785846,0.7849973790785846,0.7849973790785846,0.7849973790785846,0.7849973790785846,0.7849973790785846,0.7849973790785846,0.7849973790785846,0.7849973790785846,0.7849973790785846,0.7849973790785846,0.7849973790785846,0.7849973790785846,0.7849973790785846,0.7849973790785846,0.7849973790785846,0.7849973790785846],"compilation_time":0.8858649730682373,"equivalence_time":0.0011980533599853516,"hop_count_time":0.8528809547424316}