{"topology":"abfattree-6","routing_scheme":"shortest path","max_failures":-1,"failure_prob":[1,32],"equivalent_to_teleport":false,"min_prob_of_delivery":0.8807382583618164,"avg_prob_of_delivery":0.8875310000251321,"hop_count_cdf":[0.0,0.11040900735294118,0.11040900735294118,0.8875310000251321,0.8875310000251321,0.8875310000251321,0.8875310000251321,0.8875310000251321,0.8875310000251321,0.8875310000251321,0.8875310000251321,0.8875310000251321,0.8875310000251321,0.8875310000251321,0.8875310000251321,0.8875310000251321,0.8875310000251321,0.8875310000251321,0.8875310000251321,0.8875310000251321,0.8875310000251321,0.8875310000251321,0.8875310000251321,0.8875310000251321,0.8875310000251321,0.8875310000251321,0.8875310000251321,0.8875310000251321,0.8875310000251321,0.8875310000251321,0.8875310000251321,0.8875310000251321],"compilation_time":0.8244130611419678,"equivalence_time":0.0015120506286621094,"hop_count_time":0.8733139038085938}