{"topology":"abfattree-6","routing_scheme":"shortest path","max_failures":-1,"failure_prob":[1,64],"equivalent_to_teleport":false,"min_prob_of_delivery":0.9389496445655823,"avg_prob_of_delivery":0.9424842911608079,"hop_count_cdf":[0.0,0.1139993106617647,0.1139993106617647,0.9424842911608079,0.9424842911608079,0.9424842911608079,0.9424842911608079,0.9424842911608079,0.9424842911608079,0.9424842911608079,0.9424842911608079,0.9424842911608079,0.9424842911608079,0.9424842911608079,0.9424842911608079,0.9424842911608079,0.9424842911608079,0.9424842911608079,0.9424842911608079,0.9424842911608079,0.9424842911608079,0.9424842911608079,0.9424842911608079,0.9424842911608079,0.9424842911608079,0.9424842911608079,0.9424842911608079,0.9424842911608079,0.9424842911608079,0.9424842911608079,0.9424842911608079,0.9424842911608079],"compilation_time":1.018205165863037,"equivalence_time":0.00030803680419921875,"hop_count_time":0.9142739772796631}