{"topology":"abfattree-6","routing_scheme":"shortest path","max_failures":-1,"failure_prob":[1,128],"equivalent_to_teleport":false,"min_prob_of_delivery":0.9691143073141575,"avg_prob_of_delivery":0.9709168635308743,"hop_count_cdf":[0.0,0.11581600413602941,0.11581600413602941,0.9709168635308743,0.9709168635308743,0.9709168635308743,0.9709168635308743,0.9709168635308743,0.9709168635308743,0.9709168635308743,0.9709168635308743,0.9709168635308743,0.9709168635308743,0.9709168635308743,0.9709168635308743,0.9709168635308743,0.9709168635308743,0.9709168635308743,0.9709168635308743,0.9709168635308743,0.9709168635308743,0.9709168635308743,0.9709168635308743,0.9709168635308743,0.9709168635308743,0.9709168635308743,0.9709168635308743,0.9709168635308743,0.9709168635308743,0.9709168635308743,0.9709168635308743,0.9709168635308743],"compilation_time":0.8473420143127441,"equivalence_time":0.0003559589385986328,"hop_count_time":0.9749410152435303}