{"topology":"jellyfish-16-8-4","routing_scheme":"resilient random walk","max_failures":1,"failure_prob":[1,4],"equivalent_to_teleport":false,"min_prob_of_delivery":1.0,"avg_prob_of_delivery":1.0,"hop_count_cdf":[0.07431976144190669,0.13445812841189153,0.19009454963887346,0.24213214018270723,0.29152585068986925,0.3383317423329987,0.38284708848926163,0.42513961631159386,0.4653614206519405,0.5036011231747511,0.5399666663776079,0.5745475814268385,0.6074335115740402,0.6387077115374861,0.6684492616727358,0.696733758578655,0.7236323453685708,0.7492132835105981,0.773540917405194,0.7966768553291933,0.8186793492182372,0.8396040352275286,0.8595036427402946,0.8784284441768905,0.8964261561309905,0.9135422224016838,0.9298198135837161,0.9453000183006888,0.9600218886425013,0.9740225803306105,0.987337416890925,1.0],"compilation_time":29.791593074798584,"equivalence_time":0.00032782554626464844,"hop_count_time":36.14030694961548}