{"topology":"jellyfish-16-8-4","routing_scheme":"resilient random walk","max_failures":1,"failure_prob":[1,16],"equivalent_to_teleport":false,"min_prob_of_delivery":1.0,"avg_prob_of_delivery":1.0,"hop_count_cdf":[0.07748117912223795,0.13839054308398444,0.19470458766836682,0.24654134626922805,0.2958511275809532,0.342355007958234,0.3866510654209277,0.4286608729524037,0.4686518011066594,0.5066431293532592,0.5427917293670578,0.5771538681477552,0.6098410207709367,0.640920446129166,0.6704811624561439,0.6985909509001236,0.7253254809861858,0.7507490649990511,0.7749280642901532,0.7979219841798069,0.8197899158359558,0.8405862938155356,0.8603641303910133,0.8791729513533997,0.8970604941964954,0.9140716961969672,0.9302496284156557,0.9456350069630859,0.9602667329509282,0.9741816695387944,0.9874149717248187,1.0],"compilation_time":32.049776792526245,"equivalence_time":0.00026702880859375,"hop_count_time":39.27889013290405}