{"topology":"jellyfish-16-8-4","routing_scheme":"resilient random walk","max_failures":1,"failure_prob":[1,64],"equivalent_to_teleport":false,"min_prob_of_delivery":1.0,"avg_prob_of_delivery":1.0,"hop_count_cdf":[0.07779807777045843,0.1389669854776321,0.1955084457531508,0.24744757030189699,0.2968080770622421,0.34330572308456453,0.3875742575961566,0.4295362386041295,0.4694744327618239,0.5074080117174704,0.5435000801500894,0.5778062233402701,0.6104403130408929,0.6414689103588928,0.6709818867092532,0.6990464755823198,0.7257385951435678,0.7511221614840269,0.7752635556656213,0.7982220005332293,0.820056526403145,0.8408213632844259,0.8605694398193752,0.8793501294107242,0.8972110849339495,0.9141971264486736,0.9303512469389108,0.9457140695585522,0.960324425835971,0.9742191032138962,0.9874331954607193,1.0],"compilation_time":29.326591968536377,"equivalence_time":0.00018906593322753906,"hop_count_time":36.62721395492554}