{"topology":"jellyfish-16-8-4","routing_scheme":"resilient random walk","max_failures":1,"failure_prob":[1,8],"equivalent_to_teleport":false,"min_prob_of_delivery":1.0,"avg_prob_of_delivery":1.0,"hop_count_cdf":[0.07663170679807725,0.1371310309367724,0.19317174386895322,0.24502572548317103,0.29437661433737716,0.34098627623584316,0.38537151090963057,0.4274822384165581,0.4675583246776769,0.5056352349846904,0.5418592189554415,0.5762947906592183,0.6090488978961713,0.6401928309191477,0.6698135766717657,0.6979808945945687,0.7247695356011673,0.7502448189965056,0.7744727069340476,0.7975132506392142,0.8194253896801641,0.8402638801234407,0.860081701109713,0.8789285862014696,0.8968522955665617,0.9138979133778945,0.9301085583429708,0.9455250586436049,0.9601863727176821,0.9741294543041638,0.9873895178288398,1.0],"compilation_time":32.63646101951599,"equivalence_time":0.0026068687438964844,"hop_count_time":36.21844983100891}