{"topology":"jellyfish-16-8-4","routing_scheme":"resilient random walk","max_failures":2,"failure_prob":[1,64],"equivalent_to_teleport":false,"min_prob_of_delivery":1.0,"avg_prob_of_delivery":1.0,"hop_count_cdf":[0.07782142924804891,0.13901386510077843,0.19557907814622405,0.24753377003059826,0.2969050938596231,0.34340773618411885,0.38767768788668583,0.42963777260052777,0.4695720983456376,0.5075002195201124,0.5435860011670375,0.5778853046339003,0.6105124124654216,0.6415340464497328,0.6710402851608841,0.6990984384990383,0.7257845161148336,0.7511624571229714,0.7752986705061534,0.7982523716612048,0.8200825857575016,0.8408435200629454,0.8605880825599859,0.8793656179539977,0.8972237527827179,0.914207277801878,0.9303591592427903,0.9457199931395373,0.9603285864447234,0.9742217028947348,0.9874344149272181,1.0],"compilation_time":36.20196294784546,"equivalence_time":0.00019693374633789062,"hop_count_time":56.50086998939514}