{"topology":"jellyfish-16-8-4","routing_scheme":"resilient random walk","max_failures":2,"failure_prob":[1,4],"equivalent_to_teleport":false,"min_prob_of_delivery":1.0,"avg_prob_of_delivery":1.0,"hop_count_cdf":[0.07507932619820805,0.13400683357783136,0.18948116986246188,0.24131438613980186,0.2907603892136924,0.3375674918846624,0.38213923042078096,0.4244639150481147,0.4647367889160687,0.5030146673101851,0.5394255253960891,0.5740443214825132,0.6069704365469872,0.638280278502916,0.6680576719847374,0.6963750057897423,0.723305738703091,0.7489166442998464,0.7732732140153077,0.7964363775220712,0.8184649735169615,0.8394143394624254,0.8593375209305339,0.8782846700320978,0.896303686383868,0.913439977156462,0.9297368283554736,0.9452353308566319,0.9599746162820126,0.9739918600790247,0.9873224451366599,1.0],"compilation_time":28.69536590576172,"equivalence_time":0.0006661415100097656,"hop_count_time":52.5241379737854}