{"topology":"jellyfish-16-8-4","routing_scheme":"resilient random walk","max_failures":2,"failure_prob":[1,32],"equivalent_to_teleport":false,"min_prob_of_delivery":1.0,"avg_prob_of_delivery":1.0,"hop_count_cdf":[0.07781927920168363,0.13899406914987275,0.19552904815780145,0.24744847491007776,0.29678447903130467,0.34325611515787424,0.38750101117246705,0.42944286292160727,0.4693655164303543,0.5072879381942391,0.5433731011560698,0.5776759485202845,0.6103098588231038,0.6413407478561738,0.6708579922228032,0.6989283207972135,0.7256272691281067,0.7510184047713222,0.7751678487198377,0.7981346026134716,0.819977535368363,0.8407507467838321,0.8605070736883754,0.8792958193402522,0.897164590072276,0.9141581731825952,0.9303195428027857,0.9456893113935495,0.960306307604789,0.9742073204775055,0.9874274494949234,1.0],"compilation_time":37.39183688163757,"equivalence_time":0.0002048015594482422,"hop_count_time":51.510560035705566}