{"topology":"jellyfish-16-8-4","routing_scheme":"resilient random walk","max_failures":2,"failure_prob":[1,8],"equivalent_to_teleport":false,"min_prob_of_delivery":1.0,"avg_prob_of_delivery":1.0,"hop_count_cdf":[0.0774007067684491,0.13784816618371412,0.19377706490379454,0.24536664542792136,0.2945899431723599,0.3410880037974437,0.38543036587066887,0.4275045477569526,0.46756991618181487,0.5056355509929082,0.5418577501978927,0.5762899427619035,0.6090443199694283,0.6401873631770495,0.6698087092256779,0.6979759528745977,0.7247651603459762,0.7502406429949046,0.7744690150247114,0.7975098440218978,0.8194223961052145,0.8402611889618774,0.8600793680040515,0.8789265464656845,0.8968505708347826,0.913896463300493,0.9301073882931805,0.945524141555779,0.9601857062319235,0.9741290189080406,0.987389307627789,1.0],"compilation_time":35.956997871398926,"equivalence_time":0.000347137451171875,"hop_count_time":48.678749084472656}