{"topology":"jellyfish-16-8-4","routing_scheme":"resilient random walk","max_failures":2,"failure_prob":[1,16],"equivalent_to_teleport":false,"min_prob_of_delivery":1.0,"avg_prob_of_delivery":1.0,"hop_count_cdf":[0.07777348843090956,0.13881991377576106,0.19519621664222736,0.24697757770155537,0.2962160182069816,0.34263371369353607,0.3868610232731734,0.42881196832168234,0.46876139575155273,0.5067209161166507,0.5428482964380563,0.5771948920577901,0.6098718964709554,0.6409439483737868,0.6704998060146066,0.6986059743687465,0.7253380075589886,0.7507596243320771,0.774937154913043,0.797929833549359,0.8197967530692346,0.8405922239081642,0.8603692680581075,0.8791773533289192,0.8970642261500003,0.9140747957367211,0.9302521392772114,0.9456369586155221,0.9602681584483258,0.9741825942230863,0.9874154227355043,1.0],"compilation_time":34.20640206336975,"equivalence_time":0.00015497207641601562,"hop_count_time":57.72098398208618}