{"topology":"jellyfish-16-8-4","routing_scheme":"resilient random walk","max_failures":3,"failure_prob":[1,8],"equivalent_to_teleport":false,"min_prob_of_delivery":1.0,"avg_prob_of_delivery":1.0,"hop_count_cdf":[0.07778567321511229,0.13858448653232994,0.1945698820584873,0.24601321082356775,0.29506002543572674,0.34140834773035833,0.38565193241612095,0.4276603878873735,0.46768730860586627,0.5057278717725044,0.5419350082682611,0.576356365892547,0.609103292114286,0.6402401469076834,0.6698565269838967,0.6980192365356753,0.7248044450360173,0.7502761440409631,0.7745010346995505,0.7975385407531801,0.8194479810812081,0.8402838016692986,0.8600991760005395,0.8789436781904996,0.8968651680708724,0.9139086446941727,0.9301172776487606,0.9455318479124922,0.9601913394143873,0.9741326786071561,0.9873910920788793,1.0],"compilation_time":44.74743890762329,"equivalence_time":0.0002219676971435547,"hop_count_time":72.18211388587952}