{"topology":"jellyfish-16-8-4","routing_scheme":"resilient random walk","max_failures":3,"failure_prob":[1,16],"equivalent_to_teleport":false,"min_prob_of_delivery":1.0,"avg_prob_of_delivery":1.0,"hop_count_cdf":[0.07783300585721729,0.13899861080213277,0.1954834175194928,0.24732313078673243,0.29656834490988726,0.34295749708140844,0.38713778575245944,0.42903677610235225,0.4689371550513313,0.5068545528708607,0.5429478516998851,0.5772680504714239,0.6099252415768023,0.640982767210539,0.6705281559605274,0.698626861655558,0.7253536081176108,0.7507714768741922,0.7749463353585682,0.7979370815460464,0.8198025763432921,0.8405969667583297,0.8603731661743053,0.8791805670464291,0.8970668671630039,0.914076942078254,0.9302538477483654,0.9456382711478231,0.9602691077326777,0.9741832062750689,0.9874157194164432,1.0],"compilation_time":44.49007606506348,"equivalence_time":0.0001659393310546875,"hop_count_time":70.36549496650696}