{"topology":"jellyfish-16-8-4","routing_scheme":"resilient random walk","max_failures":3,"failure_prob":[1,32],"equivalent_to_teleport":false,"min_prob_of_delivery":1.0,"avg_prob_of_delivery":1.0,"hop_count_cdf":[0.07782723734333925,0.13902502065889233,0.19559167008051206,0.24754254690281108,0.29690460465310087,0.34339409228967227,0.38764843441300095,0.4295922715469924,0.4695109601191094,0.5074251382444727,0.5434992662097516,0.5777895684831644,0.6104103924845363,0.641428377502112,0.6709333797249056,0.6989924304383229,0.7256812201874812,0.7510633709186174,0.7752049847724654,0.7981649991228886,0.8200021911097585,0.840770555688004,0.8605228213906319,0.8793081860450637,0.8971741576082911,0.9141654339909646,0.9303249101054863,0.9456931292237102,0.9603088605895966,0.9742088426927,0.9874281325418347,1.0],"compilation_time":52.78453302383423,"equivalence_time":0.00026106834411621094,"hop_count_time":69.47916197776794}