{"topology":"jellyfish-16-8-4","routing_scheme":"resilient random walk","max_failures":3,"failure_prob":[1,4],"equivalent_to_teleport":false,"min_prob_of_delivery":1.0,"avg_prob_of_delivery":1.0,"hop_count_cdf":[0.07689485201300222,0.13581445226304,0.19089944208871457,0.2422472293234791,0.2915734893153231,0.3382235468650937,0.3827530559300164,0.42500168762352347,0.4652429084106488,0.5034719604770945,0.5398532969350981,0.5744348831664645,0.6073329652539041,0.6386117779093947,0.668362976173506,0.6966533070973265,0.7235599010993142,0.749146837368497,0.7734813500102419,0.7966230369399745,0.8186315719035522,0.8395616073721409,0.8594665890334464,0.8783962999534537,0.8963988274406478,0.9135193688222494,0.9298012923437018,0.9452855619521147,0.9600113386598061,0.9740157157284269,0.9873340790195052,1.0],"compilation_time":43.76295590400696,"equivalence_time":0.00016999244689941406,"hop_count_time":70.91064190864563}