{"topology":"jellyfish-16-8-4","routing_scheme":"resilient random walk","max_failures":3,"failure_prob":[1,64],"equivalent_to_teleport":false,"min_prob_of_delivery":1.0,"avg_prob_of_delivery":1.0,"hop_count_cdf":[0.07782174806093244,0.13901698120317657,0.19558730692008358,0.24754840368541467,0.2969266766735176,0.34343598270336584,0.3877119050024156,0.4296769331690895,0.4696150689970759,0.5075458287252967,0.543633138171317,0.5779329531138291,0.6105596840072827,0.6415801871430125,0.6710846786017266,0.6991405976560853,0.7258240737062219,0.7511991518110867,0.7753323335280992,0.7982829124958566,0.8201099791851744,0.8408677936962033,0.860609306028486,0.8793838930900785,0.8972392053574378,0.9142200503409512,0.9303694051397797,0.9457278717257092,0.9603342590698483,0.9742253297718788,0.9874361527243684,1.0],"compilation_time":50.41634488105774,"equivalence_time":0.0002579689025878906,"hop_count_time":66.21486496925354}