{"topology":"jellyfish-16-8-4","routing_scheme":"resilient random walk","max_failures":4,"failure_prob":[1,64],"equivalent_to_teleport":false,"min_prob_of_delivery":0.9999996010467943,"avg_prob_of_delivery":0.9999996471400784,"hop_count_cdf":[0.07782082145580187,0.13901531271462647,0.19558542540880075,0.2475469464566899,0.2969263407773622,0.3434373318204072,0.3877153909032627,0.4296828127264417,0.46962345210753204,0.5075566636177025,0.5436462588403036,0.5779480928387538,0.6105765133383645,0.6415983330545759,0.6711037511635097,0.6991602054549246,0.7258438402723805,0.7512187249901177,0.7753513938834192,0.798301177293738,0.8201272051858131,0.8408837773048233,0.8606238825836425,0.8793969347149208,0.8972506183641167,0.9142297719829316,0.9303774002557168,0.9457341292130816,0.9603387884751984,0.9742281579812989,0.98743732089428,0.9999995607187312],"compilation_time":76.00286602973938,"equivalence_time":0.0002040863037109375,"hop_count_time":104.47415399551392}