{"topology":"jellyfish-16-8-4","routing_scheme":"resilient random walk","max_failures":4,"failure_prob":[1,8],"equivalent_to_teleport":false,"min_prob_of_delivery":0.9996495396499124,"avg_prob_of_delivery":0.9996988353549012,"hop_count_cdf":[0.07783522301495589,0.13888234227758245,0.19505400479360716,0.24651594386215545,0.29544455171863837,0.341644030348394,0.38575056947716274,0.4276567406814378,0.4676101538437661,0.5056008497278434,0.5417725771902762,0.5761684696903498,0.6088954496444625,0.6400161092960686,0.6696183880701938,0.6977685567750466,0.7245422022982941,0.7500031746296392,0.7742179596078439,0.7972459416852347,0.8191463477391023,0.839973606292704,0.8597808425870833,0.8786176164104392,0.8965317567250423,0.9135682482545631,0.9297702377383377,0.9451784919058882,0.959831976206365,0.9737676033690433,0.9870205842772621,0.9996243261987594],"compilation_time":66.31613612174988,"equivalence_time":0.00028896331787109375,"hop_count_time":97.97953009605408}