{"topology":"jellyfish-16-8-4","routing_scheme":"resilient random walk","max_failures":-1,"failure_prob":[0,1],"equivalent_to_teleport":false,"min_prob_of_delivery":1.0,"avg_prob_of_delivery":1.0,"hop_count_cdf":[0.0778183738271775,0.13901028519520817,0.1955779605934935,0.24753724717751208,0.2969147192305605,0.3434241430068914,0.38770104907160674,0.4296677393535501,0.46960807767967716,0.5075413896564197,0.5436314567879832,0.5779340814171213,0.6105635594016225,0.6415866415213869,0.6710934689474974,0.6991514198909877,0.7258365854123637,0.7512129848689145,0.7753471099134077,0.7982982536857164,0.820125516295976,0.8408831734751584,0.8606241966616897,0.8793979873264783,0.8972522232036371,0.9142317400574698,0.9303795438370154,0.9457362649294434,0.960340740006571,0.9742297580713779,0.9874384129721131,1.0],"compilation_time":31.188410997390747,"equivalence_time":0.00023818016052246094,"hop_count_time":40.791799783706665}