{"topology":"jellyfish-16-8-4","routing_scheme":"resilient random walk","max_failures":-1,"failure_prob":[1,8],"equivalent_to_teleport":false,"min_prob_of_delivery":0.9943712968568763,"avg_prob_of_delivery":0.9951695569892772,"hop_count_cdf":[0.07770177215597752,0.13876038952220685,0.1951866296176748,0.24699858181426076,0.2962238369068235,0.3425773573622545,0.3866951742302518,0.4285004830176793,0.4682775947646301,0.5060465203208111,0.5419714569238114,0.5761087385585263,0.6085730311487429,0.6394315016755632,0.6687746075977666,0.6966700540884739,0.723194193965825,0.7484113025222187,0.772388082113396,0.7951840239831339,0.8168583931933555,0.8374656158074305,0.8570587882501305,0.8756874225686814,0.893399287130977,0.910239295112385,0.9262505139038515,0.9414736236655085,0.9559474979350888,0.9697089525376659,0.9827930976767922,0.9952332365127117],"compilation_time":38.35690999031067,"equivalence_time":0.00020694732666015625,"hop_count_time":41.53823494911194}