{"topology":"jellyfish-16-8-4","routing_scheme":"resilient random walk","max_failures":-1,"failure_prob":[1,64],"equivalent_to_teleport":false,"min_prob_of_delivery":0.9999986192047169,"avg_prob_of_delivery":0.9999988151171703,"hop_count_cdf":[0.0778183452368528,0.13901022391202197,0.19557786462518342,0.24753711507959075,0.29691454981010107,0.34342393536219723,0.38770080242399685,0.42966745314205756,0.4696077514527772,0.5075410231296911,0.5436310497786216,0.5779336338720686,0.6105630713582656,0.6415861131187576,0.6710929004019528,0.6991508114987929,0.7258359375338108,0.7512122979268938,0.7753463843823846,0.7982974900886528,0.820124715196247,0.8408823354729816,0.8606233223879414,0.8793970774391737,0.8972512783830622,0.9142307610029501,0.9303785312630155,0.9457352195627144,0.9603396625829959,0.9742286493335148,0.9874372736666355,0.9999988308756195],"compilation_time":44.14594221115112,"equivalence_time":0.0002410411834716797,"hop_count_time":44.85619306564331}