{"topology":"fattree-6","routing_scheme":"shortest path","max_failures":1,"failure_prob":[1,16],"equivalent_to_teleport":false,"min_prob_of_delivery":0.8520920496721012,"avg_prob_of_delivery":0.8668860165100681,"hop_count_cdf":[0.0,0.10774507504777417,0.10774507504777417,0.8668860165100681,0.8668860165100681,0.8668860165100681,0.8668860165100681,0.8668860165100681,0.8668860165100681,0.8668860165100681,0.8668860165100681,0.8668860165100681,0.8668860165100681,0.8668860165100681,0.8668860165100681,0.8668860165100681,0.8668860165100681,0.8668860165100681,0.8668860165100681,0.8668860165100681,0.8668860165100681,0.8668860165100681,0.8668860165100681,0.8668860165100681,0.8668860165100681,0.8668860165100681,0.8668860165100681,0.8668860165100681,0.8668860165100681,0.8668860165100681,0.8668860165100681,0.8668860165100681],"compilation_time":1.3974390029907227,"equivalence_time":0.0006039142608642578,"hop_count_time":1.491407871246338}