{"topology":"fattree-6","routing_scheme":"shortest path","max_failures":1,"failure_prob":[1,128],"equivalent_to_teleport":false,"min_prob_of_delivery":0.9711004044515688,"avg_prob_of_delivery":0.9728982991259334,"hop_count_cdf":[0.0,0.11590258007801102,0.11590258007801102,0.9728982991259334,0.9728982991259334,0.9728982991259334,0.9728982991259334,0.9728982991259334,0.9728982991259334,0.9728982991259334,0.9728982991259334,0.9728982991259334,0.9728982991259334,0.9728982991259334,0.9728982991259334,0.9728982991259334,0.9728982991259334,0.9728982991259334,0.9728982991259334,0.9728982991259334,0.9728982991259334,0.9728982991259334,0.9728982991259334,0.9728982991259334,0.9728982991259334,0.9728982991259334,0.9728982991259334,0.9728982991259334,0.9728982991259334,0.9728982991259334,0.9728982991259334,0.9728982991259334],"compilation_time":1.5738708972930908,"equivalence_time":0.00023698806762695312,"hop_count_time":1.633286952972412}