{"topology":"fattree-6","routing_scheme":"shortest path","max_failures":1,"failure_prob":[1,8],"equivalent_to_teleport":false,"min_prob_of_delivery":0.7879278727439749,"avg_prob_of_delivery":0.8218676519738829,"hop_count_cdf":[0.0,0.10351791250800221,0.10351791250800221,0.8218676519738829,0.8218676519738829,0.8218676519738829,0.8218676519738829,0.8218676519738829,0.8218676519738829,0.8218676519738829,0.8218676519738829,0.8218676519738829,0.8218676519738829,0.8218676519738829,0.8218676519738829,0.8218676519738829,0.8218676519738829,0.8218676519738829,0.8218676519738829,0.8218676519738829,0.8218676519738829,0.8218676519738829,0.8218676519738829,0.8218676519738829,0.8218676519738829,0.8218676519738829,0.8218676519738829,0.8218676519738829,0.8218676519738829,0.8218676519738829,0.8218676519738829,0.8218676519738829],"compilation_time":0.9323818683624268,"equivalence_time":0.000598907470703125,"hop_count_time":1.0985188484191895}