{"topology":"fattree-6","routing_scheme":"shortest path","max_failures":2,"failure_prob":[1,128],"equivalent_to_teleport":false,"min_prob_of_delivery":0.9692198221105099,"avg_prob_of_delivery":0.9710165732092508,"hop_count_cdf":[0.0,0.11581857314425047,0.11581857314425047,0.9710165732092508,0.9710165732092508,0.9710165732092508,0.9710165732092508,0.9710165732092508,0.9710165732092508,0.9710165732092508,0.9710165732092508,0.9710165732092508,0.9710165732092508,0.9710165732092508,0.9710165732092508,0.9710165732092508,0.9710165732092508,0.9710165732092508,0.9710165732092508,0.9710165732092508,0.9710165732092508,0.9710165732092508,0.9710165732092508,0.9710165732092508,0.9710165732092508,0.9710165732092508,0.9710165732092508,0.9710165732092508,0.9710165732092508,0.9710165732092508,0.9710165732092508,0.9710165732092508],"compilation_time":1.0933470726013184,"equivalence_time":0.00014090538024902344,"hop_count_time":6.251991033554077}