{"topology":"fattree-6","routing_scheme":"shortest path","max_failures":2,"failure_prob":[1,16],"equivalent_to_teleport":false,"min_prob_of_delivery":0.7998544835990827,"avg_prob_of_delivery":0.8116506571370361,"hop_count_cdf":[0.0,0.1043477616427938,0.1043477616427938,0.8116506571370361,0.8116506571370361,0.8116506571370361,0.8116506571370361,0.8116506571370361,0.8116506571370361,0.8116506571370361,0.8116506571370361,0.8116506571370361,0.8116506571370361,0.8116506571370361,0.8116506571370361,0.8116506571370361,0.8116506571370361,0.8116506571370361,0.8116506571370361,0.8116506571370361,0.8116506571370361,0.8116506571370361,0.8116506571370361,0.8116506571370361,0.8116506571370361,0.8116506571370361,0.8116506571370361,0.8116506571370361,0.8116506571370361,0.8116506571370361,0.8116506571370361,0.8116506571370361],"compilation_time":1.417504072189331,"equivalence_time":0.00015592575073242188,"hop_count_time":6.314100027084351}