{"topology":"fattree-6","routing_scheme":"shortest path","max_failures":2,"failure_prob":[1,8],"equivalent_to_teleport":false,"min_prob_of_delivery":0.6953307619956361,"avg_prob_of_delivery":0.7176742495090379,"hop_count_cdf":[0.0,0.09529989869984359,0.09529989869984359,0.7176742495090379,0.7176742495090379,0.7176742495090379,0.7176742495090379,0.7176742495090379,0.7176742495090379,0.7176742495090379,0.7176742495090379,0.7176742495090379,0.7176742495090379,0.7176742495090379,0.7176742495090379,0.7176742495090379,0.7176742495090379,0.7176742495090379,0.7176742495090379,0.7176742495090379,0.7176742495090379,0.7176742495090379,0.7176742495090379,0.7176742495090379,0.7176742495090379,0.7176742495090379,0.7176742495090379,0.7176742495090379,0.7176742495090379,0.7176742495090379,0.7176742495090379,0.7176742495090379],"compilation_time":1.0367920398712158,"equivalence_time":0.00017905235290527344,"hop_count_time":1.7383809089660645}