{"topology":"fattree-6","routing_scheme":"shortest path","max_failures":2,"failure_prob":[1,4],"equivalent_to_teleport":false,"min_prob_of_delivery":0.5944673860701677,"avg_prob_of_delivery":0.647216790268768,"hop_count_cdf":[0.0,0.08670118977041806,0.08670118977041806,0.647216790268768,0.647216790268768,0.647216790268768,0.647216790268768,0.647216790268768,0.647216790268768,0.647216790268768,0.647216790268768,0.647216790268768,0.647216790268768,0.647216790268768,0.647216790268768,0.647216790268768,0.647216790268768,0.647216790268768,0.647216790268768,0.647216790268768,0.647216790268768,0.647216790268768,0.647216790268768,0.647216790268768,0.647216790268768,0.647216790268768,0.647216790268768,0.647216790268768,0.647216790268768,0.647216790268768,0.647216790268768,0.647216790268768],"compilation_time":0.9374289512634277,"equivalence_time":0.00016999244689941406,"hop_count_time":1.8136119842529297}