{"topology":"fattree-6","routing_scheme":"shortest path","max_failures":3,"failure_prob":[1,8],"equivalent_to_teleport":false,"min_prob_of_delivery":0.6382874544179249,"avg_prob_of_delivery":0.6573405723947754,"hop_count_cdf":[0.0,0.09166330034050214,0.09166330034050214,0.6573405723947754,0.6573405723947754,0.6573405723947754,0.6573405723947754,0.6573405723947754,0.6573405723947754,0.6573405723947754,0.6573405723947754,0.6573405723947754,0.6573405723947754,0.6573405723947754,0.6573405723947754,0.6573405723947754,0.6573405723947754,0.6573405723947754,0.6573405723947754,0.6573405723947754,0.6573405723947754,0.6573405723947754,0.6573405723947754,0.6573405723947754,0.6573405723947754,0.6573405723947754,0.6573405723947754,0.6573405723947754,0.6573405723947754,0.6573405723947754,0.6573405723947754,0.6573405723947754],"compilation_time":1.33548903465271,"equivalence_time":0.0001380443572998047,"hop_count_time":10.536033153533936}