{"topology":"fattree-6","routing_scheme":"shortest path","max_failures":3,"failure_prob":[1,4],"equivalent_to_teleport":false,"min_prob_of_delivery":0.498372567894787,"avg_prob_of_delivery":0.5369396325443864,"hop_count_cdf":[0.0,0.07738811829510857,0.07738811829510857,0.5369396325443864,0.5369396325443864,0.5369396325443864,0.5369396325443864,0.5369396325443864,0.5369396325443864,0.5369396325443864,0.5369396325443864,0.5369396325443864,0.5369396325443864,0.5369396325443864,0.5369396325443864,0.5369396325443864,0.5369396325443864,0.5369396325443864,0.5369396325443864,0.5369396325443864,0.5369396325443864,0.5369396325443864,0.5369396325443864,0.5369396325443864,0.5369396325443864,0.5369396325443864,0.5369396325443864,0.5369396325443864,0.5369396325443864,0.5369396325443864,0.5369396325443864,0.5369396325443864],"compilation_time":1.2922708988189697,"equivalence_time":0.00031280517578125,"hop_count_time":12.909269094467163}