{"topology":"fattree-6","routing_scheme":"shortest path","max_failures":3,"failure_prob":[1,16],"equivalent_to_teleport":false,"min_prob_of_delivery":0.7802450279621338,"avg_prob_of_delivery":0.7922142979625292,"hop_count_cdf":[0.0,0.1035489673656701,0.1035489673656701,0.7922142979625292,0.7922142979625292,0.7922142979625292,0.7922142979625292,0.7922142979625292,0.7922142979625292,0.7922142979625292,0.7922142979625292,0.7922142979625292,0.7922142979625292,0.7922142979625292,0.7922142979625292,0.7922142979625292,0.7922142979625292,0.7922142979625292,0.7922142979625292,0.7922142979625292,0.7922142979625292,0.7922142979625292,0.7922142979625292,0.7922142979625292,0.7922142979625292,0.7922142979625292,0.7922142979625292,0.7922142979625292,0.7922142979625292,0.7922142979625292,0.7922142979625292,0.7922142979625292],"compilation_time":2.0900089740753174,"equivalence_time":0.00013780593872070312,"hop_count_time":11.97030520439148}