{"topology":"fattree-6","routing_scheme":"shortest path","max_failures":3,"failure_prob":[1,32],"equivalent_to_teleport":false,"min_prob_of_delivery":0.8815021147599623,"avg_prob_of_delivery":0.8882318591729889,"hop_count_cdf":[0.0,0.11042028324251028,0.11042028324251028,0.8882318591729889,0.8882318591729889,0.8882318591729889,0.8882318591729889,0.8882318591729889,0.8882318591729889,0.8882318591729889,0.8882318591729889,0.8882318591729889,0.8882318591729889,0.8882318591729889,0.8882318591729889,0.8882318591729889,0.8882318591729889,0.8882318591729889,0.8882318591729889,0.8882318591729889,0.8882318591729889,0.8882318591729889,0.8882318591729889,0.8882318591729889,0.8882318591729889,0.8882318591729889,0.8882318591729889,0.8882318591729889,0.8882318591729889,0.8882318591729889,0.8882318591729889,0.8882318591729889],"compilation_time":3.2110400199890137,"equivalence_time":0.00017380714416503906,"hop_count_time":14.89820384979248}