{"topology":"fattree-6","routing_scheme":"shortest path","max_failures":3,"failure_prob":[1,128],"equivalent_to_teleport":false,"min_prob_of_delivery":0.9691185210931305,"avg_prob_of_delivery":0.9709207007194846,"hop_count_cdf":[0.0,0.11581605508833057,0.11581605508833057,0.9709207007194846,0.9709207007194846,0.9709207007194846,0.9709207007194846,0.9709207007194846,0.9709207007194846,0.9709207007194846,0.9709207007194846,0.9709207007194846,0.9709207007194846,0.9709207007194846,0.9709207007194846,0.9709207007194846,0.9709207007194846,0.9709207007194846,0.9709207007194846,0.9709207007194846,0.9709207007194846,0.9709207007194846,0.9709207007194846,0.9709207007194846,0.9709207007194846,0.9709207007194846,0.9709207007194846,0.9709207007194846,0.9709207007194846,0.9709207007194846,0.9709207007194846,0.9709207007194846],"compilation_time":1.653217077255249,"equivalence_time":0.0001380443572998047,"hop_count_time":10.190610885620117}