{"topology":"fattree-6","routing_scheme":"shortest path","max_failures":3,"failure_prob":[1,64],"equivalent_to_teleport":false,"min_prob_of_delivery":0.9390097132729892,"avg_prob_of_delivery":0.9425391207403498,"hop_count_cdf":[0.0,0.11400008739592715,0.11400008739592715,0.9425391207403498,0.9425391207403498,0.9425391207403498,0.9425391207403498,0.9425391207403498,0.9425391207403498,0.9425391207403498,0.9425391207403498,0.9425391207403498,0.9425391207403498,0.9425391207403498,0.9425391207403498,0.9425391207403498,0.9425391207403498,0.9425391207403498,0.9425391207403498,0.9425391207403498,0.9425391207403498,0.9425391207403498,0.9425391207403498,0.9425391207403498,0.9425391207403498,0.9425391207403498,0.9425391207403498,0.9425391207403498,0.9425391207403498,0.9425391207403498,0.9425391207403498,0.9425391207403498],"compilation_time":2.065491199493408,"equivalence_time":0.00016808509826660156,"hop_count_time":14.585834980010986}