{"topology":"fattree-6","routing_scheme":"shortest path","max_failures":4,"failure_prob":[1,64],"equivalent_to_teleport":false,"min_prob_of_delivery":0.9389533471086304,"avg_prob_of_delivery":0.9424876000169951,"hop_count_cdf":[0.0,0.1139993317217739,0.1139993317217739,0.9424876000169951,0.9424876000169951,0.9424876000169951,0.9424876000169951,0.9424876000169951,0.9424876000169951,0.9424876000169951,0.9424876000169951,0.9424876000169951,0.9424876000169951,0.9424876000169951,0.9424876000169951,0.9424876000169951,0.9424876000169951,0.9424876000169951,0.9424876000169951,0.9424876000169951,0.9424876000169951,0.9424876000169951,0.9424876000169951,0.9424876000169951,0.9424876000169951,0.9424876000169951,0.9424876000169951,0.9424876000169951,0.9424876000169951,0.9424876000169951,0.9424876000169951,0.9424876000169951],"compilation_time":4.1353631019592285,"equivalence_time":0.00019288063049316406,"hop_count_time":18.56926703453064}