{"topology":"fattree-6","routing_scheme":"shortest path","max_failures":4,"failure_prob":[1,4],"equivalent_to_teleport":false,"min_prob_of_delivery":0.43257532584830116,"avg_prob_of_delivery":0.4604731208100388,"hop_count_cdf":[0.0,0.07117784724516027,0.07117784724516027,0.4604731208100388,0.4604731208100388,0.4604731208100388,0.4604731208100388,0.4604731208100388,0.4604731208100388,0.4604731208100388,0.4604731208100388,0.4604731208100388,0.4604731208100388,0.4604731208100388,0.4604731208100388,0.4604731208100388,0.4604731208100388,0.4604731208100388,0.4604731208100388,0.4604731208100388,0.4604731208100388,0.4604731208100388,0.4604731208100388,0.4604731208100388,0.4604731208100388,0.4604731208100388,0.4604731208100388,0.4604731208100388,0.4604731208100388,0.4604731208100388,0.4604731208100388,0.4604731208100388],"compilation_time":1.3198418617248535,"equivalence_time":0.0006840229034423828,"hop_count_time":15.985103130340576}