{"topology":"fattree-6","routing_scheme":"shortest path","max_failures":5,"failure_prob":[1,16],"equivalent_to_teleport":false,"min_prob_of_delivery":0.7728309609180083,"avg_prob_of_delivery":0.7853125349866132,"hop_count_cdf":[0.0,0.1034020042964389,0.1034020042964389,0.7853125349866132,0.7853125349866132,0.7853125349866132,0.7853125349866132,0.7853125349866132,0.7853125349866132,0.7853125349866132,0.7853125349866132,0.7853125349866132,0.7853125349866132,0.7853125349866132,0.7853125349866132,0.7853125349866132,0.7853125349866132,0.7853125349866132,0.7853125349866132,0.7853125349866132,0.7853125349866132,0.7853125349866132,0.7853125349866132,0.7853125349866132,0.7853125349866132,0.7853125349866132,0.7853125349866132,0.7853125349866132,0.7853125349866132,0.7853125349866132,0.7853125349866132,0.7853125349866132],"compilation_time":1.1464288234710693,"equivalence_time":0.0002391338348388672,"hop_count_time":18.975031852722168}