{"topology":"fattree-6","routing_scheme":"shortest path","max_failures":-1,"failure_prob":[1,16],"equivalent_to_teleport":false,"min_prob_of_delivery":0.7724761962890625,"avg_prob_of_delivery":0.7849973790785846,"hop_count_cdf":[0.0,0.10340073529411764,0.10340073529411764,0.7849973790785846,0.7849973790785846,0.7849973790785846,0.7849973790785846,0.7849973790785846,0.7849973790785846,0.7849973790785846,0.7849973790785846,0.7849973790785846,0.7849973790785846,0.7849973790785846,0.7849973790785846,0.7849973790785846,0.7849973790785846,0.7849973790785846,0.7849973790785846,0.7849973790785846,0.7849973790785846,0.7849973790785846,0.7849973790785846,0.7849973790785846,0.7849973790785846,0.7849973790785846,0.7849973790785846,0.7849973790785846,0.7849973790785846,0.7849973790785846,0.7849973790785846,0.7849973790785846],"compilation_time":0.787729024887085,"equivalence_time":0.0012469291687011719,"hop_count_time":0.9955589771270752}