{"topology":"fattree-6","routing_scheme":"shortest path","max_failures":-1,"failure_prob":[0,1],"equivalent_to_teleport":true,"min_prob_of_delivery":1.0,"avg_prob_of_delivery":1.0,"hop_count_cdf":[0.0,0.11764705882352941,0.11764705882352941,1.0,1.0,1.0,1.0,1.0,1.0,1.0,1.0,1.0,1.0,1.0,1.0,1.0,1.0,1.0,1.0,1.0,1.0,1.0,1.0,1.0,1.0,1.0,1.0,1.0,1.0,1.0,1.0,1.0],"compilation_time":0.793287992477417,"equivalence_time":0.0023729801177978516,"hop_count_time":0.645158052444458}