{"topology":"fattree-6","routing_scheme":"ecmp","max_failures":1,"failure_prob":[1,16],"equivalent_to_teleport":false,"min_prob_of_delivery":0.8583349879427498,"avg_prob_of_delivery":0.8714646708607331,"hop_count_cdf":[0.0,0.107263180625724,0.107263180625724,0.8714646708607331,0.8714646708607331,0.8714646708607331,0.8714646708607331,0.8714646708607331,0.8714646708607331,0.8714646708607331,0.8714646708607331,0.8714646708607331,0.8714646708607331,0.8714646708607331,0.8714646708607331,0.8714646708607331,0.8714646708607331,0.8714646708607331,0.8714646708607331,0.8714646708607331,0.8714646708607331,0.8714646708607331,0.8714646708607331,0.8714646708607331,0.8714646708607331,0.8714646708607331,0.8714646708607331,0.8714646708607331,0.8714646708607331,0.8714646708607331,0.8714646708607331,0.8714646708607331],"compilation_time":1.1757259368896484,"equivalence_time":0.001032114028930664,"hop_count_time":5.138154983520508}