{"topology":"fattree-6","routing_scheme":"ecmp","max_failures":1,"failure_prob":[1,128],"equivalent_to_teleport":false,"min_prob_of_delivery":0.9711868494582899,"avg_prob_of_delivery":0.9729631681760311,"hop_count_cdf":[0.0,0.11589230791798277,0.11589230791798277,0.9729631681760311,0.9729631681760311,0.9729631681760311,0.9729631681760311,0.9729631681760311,0.9729631681760311,0.9729631681760311,0.9729631681760311,0.9729631681760311,0.9729631681760311,0.9729631681760311,0.9729631681760311,0.9729631681760311,0.9729631681760311,0.9729631681760311,0.9729631681760311,0.9729631681760311,0.9729631681760311,0.9729631681760311,0.9729631681760311,0.9729631681760311,0.9729631681760311,0.9729631681760311,0.9729631681760311,0.9729631681760311,0.9729631681760311,0.9729631681760311,0.9729631681760311,0.9729631681760311],"compilation_time":0.8506579399108887,"equivalence_time":0.0008051395416259766,"hop_count_time":6.418920040130615}