{"topology":"fattree-6","routing_scheme":"ecmp","max_failures":1,"failure_prob":[1,8],"equivalent_to_teleport":false,"min_prob_of_delivery":0.8107276932738889,"avg_prob_of_delivery":0.8378274486776448,"hop_count_cdf":[0.0,0.10208897567559581,0.10208897567559581,0.8378274486776448,0.8378274486776448,0.8378274486776448,0.8378274486776448,0.8378274486776448,0.8378274486776448,0.8378274486776448,0.8378274486776448,0.8378274486776448,0.8378274486776448,0.8378274486776448,0.8378274486776448,0.8378274486776448,0.8378274486776448,0.8378274486776448,0.8378274486776448,0.8378274486776448,0.8378274486776448,0.8378274486776448,0.8378274486776448,0.8378274486776448,0.8378274486776448,0.8378274486776448,0.8378274486776448,0.8378274486776448,0.8378274486776448,0.8378274486776448,0.8378274486776448,0.8378274486776448],"compilation_time":0.9586849212646484,"equivalence_time":0.0004088878631591797,"hop_count_time":4.625025033950806}