{"topology":"fattree-6","routing_scheme":"ecmp","max_failures":1,"failure_prob":[1,32],"equivalent_to_teleport":false,"min_prob_of_delivery":0.9080386354214498,"avg_prob_of_delivery":0.9147244497084581,"hop_count_cdf":[0.0,0.1115113435200743,0.1115113435200743,0.9147244497084581,0.9147244497084581,0.9147244497084581,0.9147244497084581,0.9147244497084581,0.9147244497084581,0.9147244497084581,0.9147244497084581,0.9147244497084581,0.9147244497084581,0.9147244497084581,0.9147244497084581,0.9147244497084581,0.9147244497084581,0.9147244497084581,0.9147244497084581,0.9147244497084581,0.9147244497084581,0.9147244497084581,0.9147244497084581,0.9147244497084581,0.9147244497084581,0.9147244497084581,0.9147244497084581,0.9147244497084581,0.9147244497084581,0.9147244497084581,0.9147244497084581,0.9147244497084581],"compilation_time":1.6780469417572021,"equivalence_time":0.0009191036224365234,"hop_count_time":5.495971918106079}