{"topology":"fattree-6","routing_scheme":"ecmp","max_failures":2,"failure_prob":[1,64],"equivalent_to_teleport":false,"min_prob_of_delivery":0.9396896865525561,"avg_prob_of_delivery":0.9431930240588328,"hop_count_cdf":[0.0,0.11401567793829341,0.11401567793829341,0.9431930240588328,0.9431930240588328,0.9431930240588328,0.9431930240588328,0.9431930240588328,0.9431930240588328,0.9431930240588328,0.9431930240588328,0.9431930240588328,0.9431930240588328,0.9431930240588328,0.9431930240588328,0.9431930240588328,0.9431930240588328,0.9431930240588328,0.9431930240588328,0.9431930240588328,0.9431930240588328,0.9431930240588328,0.9431930240588328,0.9431930240588328,0.9431930240588328,0.9431930240588328,0.9431930240588328,0.9431930240588328,0.9431930240588328,0.9431930240588328,0.9431930240588328,0.9431930240588328],"compilation_time":2.092505931854248,"equivalence_time":0.00016999244689941406,"hop_count_time":10.010081052780151}