{"topology":"fattree-6","routing_scheme":"ecmp","max_failures":2,"failure_prob":[1,4],"equivalent_to_teleport":false,"min_prob_of_delivery":0.6222262028715425,"avg_prob_of_delivery":0.6746221433546099,"hop_count_cdf":[0.0,0.0847642702214858,0.0847642702214858,0.6746221433546099,0.6746221433546099,0.6746221433546099,0.6746221433546099,0.6746221433546099,0.6746221433546099,0.6746221433546099,0.6746221433546099,0.6746221433546099,0.6746221433546099,0.6746221433546099,0.6746221433546099,0.6746221433546099,0.6746221433546099,0.6746221433546099,0.6746221433546099,0.6746221433546099,0.6746221433546099,0.6746221433546099,0.6746221433546099,0.6746221433546099,0.6746221433546099,0.6746221433546099,0.6746221433546099,0.6746221433546099,0.6746221433546099,0.6746221433546099,0.6746221433546099,0.6746221433546099],"compilation_time":0.9679710865020752,"equivalence_time":0.0007619857788085938,"hop_count_time":8.69632887840271}