{"topology":"fattree-6","routing_scheme":"ecmp","max_failures":2,"failure_prob":[1,16],"equivalent_to_teleport":false,"min_prob_of_delivery":0.7999787775837908,"avg_prob_of_delivery":0.8119650611964923,"hop_count_cdf":[0.0,0.10420537507807257,0.10420537507807257,0.8119650611964923,0.8119650611964923,0.8119650611964923,0.8119650611964923,0.8119650611964923,0.8119650611964923,0.8119650611964923,0.8119650611964923,0.8119650611964923,0.8119650611964923,0.8119650611964923,0.8119650611964923,0.8119650611964923,0.8119650611964923,0.8119650611964923,0.8119650611964923,0.8119650611964923,0.8119650611964923,0.8119650611964923,0.8119650611964923,0.8119650611964923,0.8119650611964923,0.8119650611964923,0.8119650611964923,0.8119650611964923,0.8119650611964923,0.8119650611964923,0.8119650611964923,0.8119650611964923],"compilation_time":1.6942670345306396,"equivalence_time":0.00011181831359863281,"hop_count_time":7.885231971740723}