{"topology":"fattree-6","routing_scheme":"ecmp","max_failures":2,"failure_prob":[1,128],"equivalent_to_teleport":false,"min_prob_of_delivery":0.9692159932794329,"avg_prob_of_delivery":0.9710138873115651,"hop_count_cdf":[0.0,0.11581814228051539,0.11581814228051539,0.9710138873115651,0.9710138873115651,0.9710138873115651,0.9710138873115651,0.9710138873115651,0.9710138873115651,0.9710138873115651,0.9710138873115651,0.9710138873115651,0.9710138873115651,0.9710138873115651,0.9710138873115651,0.9710138873115651,0.9710138873115651,0.9710138873115651,0.9710138873115651,0.9710138873115651,0.9710138873115651,0.9710138873115651,0.9710138873115651,0.9710138873115651,0.9710138873115651,0.9710138873115651,0.9710138873115651,0.9710138873115651,0.9710138873115651,0.9710138873115651,0.9710138873115651,0.9710138873115651],"compilation_time":1.1452617645263672,"equivalence_time":0.002994060516357422,"hop_count_time":7.751171827316284}