{"topology":"fattree-6","routing_scheme":"ecmp","max_failures":3,"failure_prob":[1,4],"equivalent_to_teleport":false,"min_prob_of_delivery":0.5132408267578299,"avg_prob_of_delivery":0.552490212723392,"hop_count_cdf":[0.0,0.07570051679424211,0.07570051679424211,0.552490212723392,0.552490212723392,0.552490212723392,0.552490212723392,0.552490212723392,0.552490212723392,0.552490212723392,0.552490212723392,0.552490212723392,0.552490212723392,0.552490212723392,0.552490212723392,0.552490212723392,0.552490212723392,0.552490212723392,0.552490212723392,0.552490212723392,0.552490212723392,0.552490212723392,0.552490212723392,0.552490212723392,0.552490212723392,0.552490212723392,0.552490212723392,0.552490212723392,0.552490212723392,0.552490212723392,0.552490212723392,0.552490212723392],"compilation_time":1.6260690689086914,"equivalence_time":0.00025391578674316406,"hop_count_time":20.44974994659424}