{"topology":"fattree-6","routing_scheme":"ecmp","max_failures":3,"failure_prob":[1,32],"equivalent_to_teleport":false,"min_prob_of_delivery":0.8814360835029331,"avg_prob_of_delivery":0.8881790606187021,"hop_count_cdf":[0.0,0.11041778346704478,0.11041778346704478,0.8881790606187021,0.8881790606187021,0.8881790606187021,0.8881790606187021,0.8881790606187021,0.8881790606187021,0.8881790606187021,0.8881790606187021,0.8881790606187021,0.8881790606187021,0.8881790606187021,0.8881790606187021,0.8881790606187021,0.8881790606187021,0.8881790606187021,0.8881790606187021,0.8881790606187021,0.8881790606187021,0.8881790606187021,0.8881790606187021,0.8881790606187021,0.8881790606187021,0.8881790606187021,0.8881790606187021,0.8881790606187021,0.8881790606187021,0.8881790606187021,0.8881790606187021,0.8881790606187021],"compilation_time":2.951653003692627,"equivalence_time":0.00013184547424316406,"hop_count_time":18.03455400466919}