{"topology":"fattree-6","routing_scheme":"ecmp","max_failures":3,"failure_prob":[1,64],"equivalent_to_teleport":false,"min_prob_of_delivery":0.9390038740243161,"avg_prob_of_delivery":0.94253436003642,"hop_count_cdf":[0.0,0.11399991210666867,0.11399991210666867,0.94253436003642,0.94253436003642,0.94253436003642,0.94253436003642,0.94253436003642,0.94253436003642,0.94253436003642,0.94253436003642,0.94253436003642,0.94253436003642,0.94253436003642,0.94253436003642,0.94253436003642,0.94253436003642,0.94253436003642,0.94253436003642,0.94253436003642,0.94253436003642,0.94253436003642,0.94253436003642,0.94253436003642,0.94253436003642,0.94253436003642,0.94253436003642,0.94253436003642,0.94253436003642,0.94253436003642,0.94253436003642,0.94253436003642],"compilation_time":2.2910609245300293,"equivalence_time":0.0007619857788085938,"hop_count_time":17.892881870269775}