{"topology":"fattree-6","routing_scheme":"ecmp","max_failures":3,"failure_prob":[1,16],"equivalent_to_teleport":false,"min_prob_of_delivery":0.7797505123720891,"avg_prob_of_delivery":0.7918438435210206,"hop_count_cdf":[0.0,0.10351735410403437,0.10351735410403437,0.7918438435210206,0.7918438435210206,0.7918438435210206,0.7918438435210206,0.7918438435210206,0.7918438435210206,0.7918438435210206,0.7918438435210206,0.7918438435210206,0.7918438435210206,0.7918438435210206,0.7918438435210206,0.7918438435210206,0.7918438435210206,0.7918438435210206,0.7918438435210206,0.7918438435210206,0.7918438435210206,0.7918438435210206,0.7918438435210206,0.7918438435210206,0.7918438435210206,0.7918438435210206,0.7918438435210206,0.7918438435210206,0.7918438435210206,0.7918438435210206,0.7918438435210206,0.7918438435210206],"compilation_time":5.6525092124938965,"equivalence_time":0.0017838478088378906,"hop_count_time":20.838624954223633}