{"topology":"fattree-6","routing_scheme":"ecmp","max_failures":4,"failure_prob":[1,64],"equivalent_to_teleport":false,"min_prob_of_delivery":0.9389527898051333,"avg_prob_of_delivery":0.9424871243069879,"hop_count_cdf":[0.0,0.11399932598541203,0.11399932598541203,0.9424871243069879,0.9424871243069879,0.9424871243069879,0.9424871243069879,0.9424871243069879,0.9424871243069879,0.9424871243069879,0.9424871243069879,0.9424871243069879,0.9424871243069879,0.9424871243069879,0.9424871243069879,0.9424871243069879,0.9424871243069879,0.9424871243069879,0.9424871243069879,0.9424871243069879,0.9424871243069879,0.9424871243069879,0.9424871243069879,0.9424871243069879,0.9424871243069879,0.9424871243069879,0.9424871243069879,0.9424871243069879,0.9424871243069879,0.9424871243069879,0.9424871243069879,0.9424871243069879],"compilation_time":4.4816741943359375,"equivalence_time":0.0003211498260498047,"hop_count_time":28.3227481842041}