{"topology":"fattree-6","routing_scheme":"ecmp","max_failures":4,"failure_prob":[1,8],"equivalent_to_teleport":false,"min_prob_of_delivery":0.6067156314430285,"avg_prob_of_delivery":0.6264253372593147,"hop_count_cdf":[0.0,0.09033917914619487,0.09033917914619487,0.6264253372593147,0.6264253372593147,0.6264253372593147,0.6264253372593147,0.6264253372593147,0.6264253372593147,0.6264253372593147,0.6264253372593147,0.6264253372593147,0.6264253372593147,0.6264253372593147,0.6264253372593147,0.6264253372593147,0.6264253372593147,0.6264253372593147,0.6264253372593147,0.6264253372593147,0.6264253372593147,0.6264253372593147,0.6264253372593147,0.6264253372593147,0.6264253372593147,0.6264253372593147,0.6264253372593147,0.6264253372593147,0.6264253372593147,0.6264253372593147,0.6264253372593147,0.6264253372593147],"compilation_time":3.055514097213745,"equivalence_time":0.00015616416931152344,"hop_count_time":27.095099925994873}