{"topology":"fattree-6","routing_scheme":"ecmp","max_failures":4,"failure_prob":[1,128],"equivalent_to_teleport":false,"min_prob_of_delivery":0.9691144176945595,"avg_prob_of_delivery":0.9709169628151781,"hop_count_cdf":[0.0,0.11581600463639607,0.11581600463639607,0.9709169628151781,0.9709169628151781,0.9709169628151781,0.9709169628151781,0.9709169628151781,0.9709169628151781,0.9709169628151781,0.9709169628151781,0.9709169628151781,0.9709169628151781,0.9709169628151781,0.9709169628151781,0.9709169628151781,0.9709169628151781,0.9709169628151781,0.9709169628151781,0.9709169628151781,0.9709169628151781,0.9709169628151781,0.9709169628151781,0.9709169628151781,0.9709169628151781,0.9709169628151781,0.9709169628151781,0.9709169628151781,0.9709169628151781,0.9709169628151781,0.9709169628151781,0.9709169628151781],"compilation_time":3.628200054168701,"equivalence_time":0.0007219314575195312,"hop_count_time":25.270238161087036}