{"topology":"fattree-6","routing_scheme":"ecmp","max_failures":5,"failure_prob":[1,16],"equivalent_to_teleport":false,"min_prob_of_delivery":0.7727704380622934,"avg_prob_of_delivery":0.7852603161595042,"hop_count_cdf":[0.0,0.10340162381750279,0.10340162381750279,0.7852603161595042,0.7852603161595042,0.7852603161595042,0.7852603161595042,0.7852603161595042,0.7852603161595042,0.7852603161595042,0.7852603161595042,0.7852603161595042,0.7852603161595042,0.7852603161595042,0.7852603161595042,0.7852603161595042,0.7852603161595042,0.7852603161595042,0.7852603161595042,0.7852603161595042,0.7852603161595042,0.7852603161595042,0.7852603161595042,0.7852603161595042,0.7852603161595042,0.7852603161595042,0.7852603161595042,0.7852603161595042,0.7852603161595042,0.7852603161595042,0.7852603161595042,0.7852603161595042],"compilation_time":1.8791589736938477,"equivalence_time":0.00024199485778808594,"hop_count_time":24.68235993385315}