{"topology":"fattree-6","routing_scheme":"ecmp","max_failures":-1,"failure_prob":[0,1],"equivalent_to_teleport":false,"min_prob_of_delivery":1.0,"avg_prob_of_delivery":1.0,"hop_count_cdf":[0.0,0.11764705882352941,0.11764705882352941,1.0,1.0,1.0,1.0,1.0,1.0,1.0,1.0,1.0,1.0,1.0,1.0,1.0,1.0,1.0,1.0,1.0,1.0,1.0,1.0,1.0,1.0,1.0,1.0,1.0,1.0,1.0,1.0,1.0],"compilation_time":0.5421719551086426,"equivalence_time":0.0001468658447265625,"hop_count_time":0.6877350807189941}