{"topology":"fattree-6","routing_scheme":"ecmp","max_failures":-1,"failure_prob":[1,8],"equivalent_to_teleport":false,"min_prob_of_delivery":0.586181640625,"avg_prob_of_delivery":0.6072926240808824,"hop_count_cdf":[0.0,0.09007352941176471,0.09007352941176471,0.6072926240808824,0.6072926240808824,0.6072926240808824,0.6072926240808824,0.6072926240808824,0.6072926240808824,0.6072926240808824,0.6072926240808824,0.6072926240808824,0.6072926240808824,0.6072926240808824,0.6072926240808824,0.6072926240808824,0.6072926240808824,0.6072926240808824,0.6072926240808824,0.6072926240808824,0.6072926240808824,0.6072926240808824,0.6072926240808824,0.6072926240808824,0.6072926240808824,0.6072926240808824,0.6072926240808824,0.6072926240808824,0.6072926240808824,0.6072926240808824,0.6072926240808824,0.6072926240808824],"compilation_time":0.9499640464782715,"equivalence_time":0.0007510185241699219,"hop_count_time":1.3543858528137207}