{
  "topology": "fattree_4_sw_20",
  "routing_scheme": "f10_no_lr",
  "max_failures": 0,
  "failure_prob": [ 1, 32 ],
  "equivalent_to_teleport": true,
  "min_prob_of_delivery": 1.0,
  "avg_prob_of_delivery": 1.0,
  "hop_count_cdf": [
    0.0, 0.14285714285714285, 0.14285714285714285, 1.0, 1.0, 1.0, 1.0, 1.0,
    1.0, 1.0, 1.0, 1.0, 1.0, 1.0, 1.0, 1.0, 1.0, 1.0, 1.0, 1.0, 1.0, 1.0,
    1.0, 1.0, 1.0, 1.0, 1.0, 1.0, 1.0, 1.0, 1.0, 1.0
  ],
  "compilation_times": [ 0.25963401794433594 ],
  "equivalence_times": [ 0.00013589859008789062 ],
  "hop_count_times": [ 1.1223938465118408 ]
}