{
  "topology": "fattree_4_sw_20",
  "routing_scheme": "f10_no_lr",
  "max_failures": 1,
  "failure_prob": [ 1, 4 ],
  "equivalent_to_teleport": false,
  "min_prob_of_delivery": 0.8359375,
  "avg_prob_of_delivery": 0.859375,
  "hop_count_cdf": [
    0.0, 0.14285714285714285, 0.14285714285714285, 0.859375, 0.859375,
    0.859375, 0.859375, 0.859375, 0.859375, 0.859375, 0.859375, 0.859375,
    0.859375, 0.859375, 0.859375, 0.859375, 0.859375, 0.859375, 0.859375,
    0.859375, 0.859375, 0.859375, 0.859375, 0.859375, 0.859375, 0.859375,
    0.859375, 0.859375, 0.859375, 0.859375, 0.859375, 0.859375
  ],
  "compilation_times": [ 16.58345103263855 ],
  "equivalence_times": [ 0.00010800361633300781 ],
  "hop_count_times": [ 20.17298698425293 ]
}