{
  "topology": "fattree_4_sw_20",
  "routing_scheme": "f10_no_lr",
  "max_failures": 1,
  "failure_prob": [ 1, 8 ],
  "equivalent_to_teleport": false,
  "min_prob_of_delivery": 0.8974609375,
  "avg_prob_of_delivery": 0.912109375,
  "hop_count_cdf": [
    0.0, 0.14285714285714285, 0.14285714285714285, 0.912109375, 0.912109375,
    0.912109375, 0.912109375, 0.912109375, 0.912109375, 0.912109375,
    0.912109375, 0.912109375, 0.912109375, 0.912109375, 0.912109375,
    0.912109375, 0.912109375, 0.912109375, 0.912109375, 0.912109375,
    0.912109375, 0.912109375, 0.912109375, 0.912109375, 0.912109375,
    0.912109375, 0.912109375, 0.912109375, 0.912109375, 0.912109375,
    0.912109375, 0.912109375
  ],
  "compilation_times": [ 16.585864067077637 ],
  "equivalence_times": [ 9.417533874511719e-05 ],
  "hop_count_times": [ 20.197520971298218 ]
}