{
  "topology": "fattree_4_sw_20",
  "routing_scheme": "f10_no_lr",
  "max_failures": 1,
  "failure_prob": [ 1, 16 ],
  "equivalent_to_teleport": false,
  "min_prob_of_delivery": 0.9432373046875,
  "avg_prob_of_delivery": 0.9513462611607143,
  "hop_count_cdf": [
    0.0, 0.14285714285714285, 0.14285714285714285, 0.9513462611607143,
    0.9513462611607143, 0.9513462611607143, 0.9513462611607143,
    0.9513462611607143, 0.9513462611607143, 0.9513462611607143,
    0.9513462611607143, 0.9513462611607143, 0.9513462611607143,
    0.9513462611607143, 0.9513462611607143, 0.9513462611607143,
    0.9513462611607143, 0.9513462611607143, 0.9513462611607143,
    0.9513462611607143, 0.9513462611607143, 0.9513462611607143,
    0.9513462611607143, 0.9513462611607143, 0.9513462611607143,
    0.9513462611607143, 0.9513462611607143, 0.9513462611607143,
    0.9513462611607143, 0.9513462611607143, 0.9513462611607143,
    0.9513462611607143
  ],
  "compilation_times": [ 16.83764100074768 ],
  "equivalence_times": [ 9.393692016601562e-05 ],
  "hop_count_times": [ 20.33293604850769 ]
}