{
  "topology": "fattree_4_sw_20",
  "routing_scheme": "f10_no_lr",
  "max_failures": 2,
  "failure_prob": [ 1, 32 ],
  "equivalent_to_teleport": false,
  "min_prob_of_delivery": 0.9687652587890625,
  "avg_prob_of_delivery": 0.9732273646763393,
  "hop_count_cdf": [
    0.0, 0.14285714285714285, 0.14285714285714285, 0.9732273646763393,
    0.9732273646763393, 0.9732273646763393, 0.9732273646763393,
    0.9732273646763393, 0.9732273646763393, 0.9732273646763393,
    0.9732273646763393, 0.9732273646763393, 0.9732273646763393,
    0.9732273646763393, 0.9732273646763393, 0.9732273646763393,
    0.9732273646763393, 0.9732273646763393, 0.9732273646763393,
    0.9732273646763393, 0.9732273646763393, 0.9732273646763393,
    0.9732273646763393, 0.9732273646763393, 0.9732273646763393,
    0.9732273646763393, 0.9732273646763393, 0.9732273646763393,
    0.9732273646763393, 0.9732273646763393, 0.9732273646763393,
    0.9732273646763393
  ],
  "compilation_times": [ 16.74775981903076 ],
  "equivalence_times": [ 8.082389831542969e-05 ],
  "hop_count_times": [ 22.607019901275635 ]
}