{
  "topology": "fattree_4_sw_20",
  "routing_scheme": "f10_no_lr",
  "max_failures": 2,
  "failure_prob": [ 1, 4 ],
  "equivalent_to_teleport": false,
  "min_prob_of_delivery": 0.7578125,
  "avg_prob_of_delivery": 0.7924107142857143,
  "hop_count_cdf": [
    0.0, 0.14285714285714285, 0.14285714285714285, 0.7924107142857143,
    0.7924107142857143, 0.7924107142857143, 0.7924107142857143,
    0.7924107142857143, 0.7924107142857143, 0.7924107142857143,
    0.7924107142857143, 0.7924107142857143, 0.7924107142857143,
    0.7924107142857143, 0.7924107142857143, 0.7924107142857143,
    0.7924107142857143, 0.7924107142857143, 0.7924107142857143,
    0.7924107142857143, 0.7924107142857143, 0.7924107142857143,
    0.7924107142857143, 0.7924107142857143, 0.7924107142857143,
    0.7924107142857143, 0.7924107142857143, 0.7924107142857143,
    0.7924107142857143, 0.7924107142857143, 0.7924107142857143,
    0.7924107142857143
  ],
  "compilation_times": [ 16.876795053482056 ],
  "equivalence_times": [ 9.679794311523438e-05 ],
  "hop_count_times": [ 22.87992000579834 ]
}