{
  "topology": "fattree_4_sw_20",
  "routing_scheme": "f10_no_lr",
  "max_failures": 4,
  "failure_prob": [ 1, 32 ],
  "equivalent_to_teleport": false,
  "min_prob_of_delivery": 0.96875,
  "avg_prob_of_delivery": 0.9732142857142857,
  "hop_count_cdf": [
    0.0, 0.14285714285714285, 0.14285714285714285, 0.9732142857142857,
    0.9732142857142857, 0.9732142857142857, 0.9732142857142857,
    0.9732142857142857, 0.9732142857142857, 0.9732142857142857,
    0.9732142857142857, 0.9732142857142857, 0.9732142857142857,
    0.9732142857142857, 0.9732142857142857, 0.9732142857142857,
    0.9732142857142857, 0.9732142857142857, 0.9732142857142857,
    0.9732142857142857, 0.9732142857142857, 0.9732142857142857,
    0.9732142857142857, 0.9732142857142857, 0.9732142857142857,
    0.9732142857142857, 0.9732142857142857, 0.9732142857142857,
    0.9732142857142857, 0.9732142857142857, 0.9732142857142857,
    0.9732142857142857
  ],
  "compilation_times": [ 16.5501229763031 ],
  "equivalence_times": [ 9.799003601074219e-05 ],
  "hop_count_times": [ 31.475855112075806 ]
}