{"topology":"jellyfish-16-8-4","routing_scheme":"ecmp","max_failures":1,"failure_prob":[1,8],"equivalent_to_teleport":false,"min_prob_of_delivery":0.8320488855242729,"avg_prob_of_delivery":0.8667443581598739,"hop_count_cdf":[0.23828125,0.6400464904300558,0.8667443581598739,0.8667443581598739,0.8667443581598739,0.8667443581598739,0.8667443581598739,0.8667443581598739,0.8667443581598739,0.8667443581598739,0.8667443581598739,0.8667443581598739,0.8667443581598739,0.8667443581598739,0.8667443581598739,0.8667443581598739,0.8667443581598739,0.8667443581598739,0.8667443581598739,0.8667443581598739,0.8667443581598739,0.8667443581598739,0.8667443581598739,0.8667443581598739,0.8667443581598739,0.8667443581598739,0.8667443581598739,0.8667443581598739,0.8667443581598739,0.8667443581598739,0.8667443581598739,0.8667443581598739],"compilation_time":1.0795390605926514,"equivalence_time":0.0005128383636474609,"hop_count_time":0.907865047454834}