{"topology":"jellyfish-16-8-4","routing_scheme":"ecmp","max_failures":1,"failure_prob":[1,16],"equivalent_to_teleport":false,"min_prob_of_delivery":0.8884428988543916,"avg_prob_of_delivery":0.9125151159575783,"hop_count_cdf":[0.25126953125,0.6754220410800277,0.9125151159575783,0.9125151159575783,0.9125151159575783,0.9125151159575783,0.9125151159575783,0.9125151159575783,0.9125151159575783,0.9125151159575783,0.9125151159575783,0.9125151159575783,0.9125151159575783,0.9125151159575783,0.9125151159575783,0.9125151159575783,0.9125151159575783,0.9125151159575783,0.9125151159575783,0.9125151159575783,0.9125151159575783,0.9125151159575783,0.9125151159575783,0.9125151159575783,0.9125151159575783,0.9125151159575783,0.9125151159575783,0.9125151159575783,0.9125151159575783,0.9125151159575783,0.9125151159575783,0.9125151159575783],"compilation_time":0.8989768028259277,"equivalence_time":0.00038313865661621094,"hop_count_time":0.9222218990325928}