{"topology":"jellyfish-16-8-4","routing_scheme":"ecmp","max_failures":1,"failure_prob":[1,64],"equivalent_to_teleport":false,"min_prob_of_delivery":0.9593411217676261,"avg_prob_of_delivery":0.971666530330727,"hop_count_cdf":[0.26258087158203125,0.7158263260709541,0.971666530330727,0.971666530330727,0.971666530330727,0.971666530330727,0.971666530330727,0.971666530330727,0.971666530330727,0.971666530330727,0.971666530330727,0.971666530330727,0.971666530330727,0.971666530330727,0.971666530330727,0.971666530330727,0.971666530330727,0.971666530330727,0.971666530330727,0.971666530330727,0.971666530330727,0.971666530330727,0.971666530330727,0.971666530330727,0.971666530330727,0.971666530330727,0.971666530330727,0.971666530330727,0.971666530330727,0.971666530330727,0.971666530330727,0.971666530330727],"compilation_time":0.9255900382995605,"equivalence_time":0.0002830028533935547,"hop_count_time":1.0002210140228271}