{"topology":"jellyfish-16-8-4","routing_scheme":"ecmp","max_failures":1,"failure_prob":[1,32],"equivalent_to_teleport":false,"min_prob_of_delivery":0.9289112004035842,"avg_prob_of_delivery":0.9483144857318855,"hop_count_cdf":[0.25865478515625,0.7005550847496577,0.9483144857318855,0.9483144857318855,0.9483144857318855,0.9483144857318855,0.9483144857318855,0.9483144857318855,0.9483144857318855,0.9483144857318855,0.9483144857318855,0.9483144857318855,0.9483144857318855,0.9483144857318855,0.9483144857318855,0.9483144857318855,0.9483144857318855,0.9483144857318855,0.9483144857318855,0.9483144857318855,0.9483144857318855,0.9483144857318855,0.9483144857318855,0.9483144857318855,0.9483144857318855,0.9483144857318855,0.9483144857318855,0.9483144857318855,0.9483144857318855,0.9483144857318855,0.9483144857318855,0.9483144857318855],"compilation_time":0.8711340427398682,"equivalence_time":0.00036907196044921875,"hop_count_time":1.4726841449737549}