{"topology":"jellyfish-16-8-4","routing_scheme":"ecmp","max_failures":1,"failure_prob":[1,4],"equivalent_to_teleport":false,"min_prob_of_delivery":0.7249717712402344,"avg_prob_of_delivery":0.8156661942895476,"hop_count_cdf":[0.21875,0.5983006079991658,0.8156661942895476,0.8156661942895476,0.8156661942895476,0.8156661942895476,0.8156661942895476,0.8156661942895476,0.8156661942895476,0.8156661942895476,0.8156661942895476,0.8156661942895476,0.8156661942895476,0.8156661942895476,0.8156661942895476,0.8156661942895476,0.8156661942895476,0.8156661942895476,0.8156661942895476,0.8156661942895476,0.8156661942895476,0.8156661942895476,0.8156661942895476,0.8156661942895476,0.8156661942895476,0.8156661942895476,0.8156661942895476,0.8156661942895476,0.8156661942895476,0.8156661942895476,0.8156661942895476,0.8156661942895476],"compilation_time":0.7096118927001953,"equivalence_time":0.0004968643188476562,"hop_count_time":1.028045892715454}