{"topology":"jellyfish-16-8-4","routing_scheme":"ecmp","max_failures":2,"failure_prob":[1,4],"equivalent_to_teleport":false,"min_prob_of_delivery":0.6665725708007812,"avg_prob_of_delivery":0.7140225430585108,"hop_count_cdf":[0.20208333333333334,0.5296080271402995,0.7140225430585108,0.7140225430585108,0.7140225430585108,0.7140225430585108,0.7140225430585108,0.7140225430585108,0.7140225430585108,0.7140225430585108,0.7140225430585108,0.7140225430585108,0.7140225430585108,0.7140225430585108,0.7140225430585108,0.7140225430585108,0.7140225430585108,0.7140225430585108,0.7140225430585108,0.7140225430585108,0.7140225430585108,0.7140225430585108,0.7140225430585108,0.7140225430585108,0.7140225430585108,0.7140225430585108,0.7140225430585108,0.7140225430585108,0.7140225430585108,0.7140225430585108,0.7140225430585108,0.7140225430585108],"compilation_time":0.7533910274505615,"equivalence_time":0.0002429485321044922,"hop_count_time":1.0903599262237549}