{"topology":"jellyfish-16-8-4","routing_scheme":"ecmp","max_failures":2,"failure_prob":[1,16],"equivalent_to_teleport":false,"min_prob_of_delivery":0.8427994921783384,"avg_prob_of_delivery":0.8876643972865768,"hop_count_cdf":[0.25003255208333336,0.6627623556520272,0.8876643972865768,0.8876643972865768,0.8876643972865768,0.8876643972865768,0.8876643972865768,0.8876643972865768,0.8876643972865768,0.8876643972865768,0.8876643972865768,0.8876643972865768,0.8876643972865768,0.8876643972865768,0.8876643972865768,0.8876643972865768,0.8876643972865768,0.8876643972865768,0.8876643972865768,0.8876643972865768,0.8876643972865768,0.8876643972865768,0.8876643972865768,0.8876643972865768,0.8876643972865768,0.8876643972865768,0.8876643972865768,0.8876643972865768,0.8876643972865768,0.8876643972865768,0.8876643972865768,0.8876643972865768],"compilation_time":0.8962068557739258,"equivalence_time":0.00023508071899414062,"hop_count_time":2.5796680450439453}