{"topology":"jellyfish-16-8-4","routing_scheme":"ecmp","max_failures":2,"failure_prob":[1,64],"equivalent_to_teleport":false,"min_prob_of_delivery":0.9542991925749275,"avg_prob_of_delivery":0.9692339444411113,"hop_count_cdf":[0.2625005086263021,0.7147485086359777,0.9692339444411113,0.9692339444411113,0.9692339444411113,0.9692339444411113,0.9692339444411113,0.9692339444411113,0.9692339444411113,0.9692339444411113,0.9692339444411113,0.9692339444411113,0.9692339444411113,0.9692339444411113,0.9692339444411113,0.9692339444411113,0.9692339444411113,0.9692339444411113,0.9692339444411113,0.9692339444411113,0.9692339444411113,0.9692339444411113,0.9692339444411113,0.9692339444411113,0.9692339444411113,0.9692339444411113,0.9692339444411113,0.9692339444411113,0.9692339444411113,0.9692339444411113,0.9692339444411113,0.9692339444411113],"compilation_time":1.162194013595581,"equivalence_time":0.0002040863037109375,"hop_count_time":2.457324981689453}