{"topology":"jellyfish-16-8-4","routing_scheme":"ecmp","max_failures":2,"failure_prob":[1,32],"equivalent_to_teleport":false,"min_prob_of_delivery":0.9122487408531224,"avg_prob_of_delivery":0.9399695187587606,"hop_count_cdf":[0.25833740234375,0.696668798848761,0.9399695187587606,0.9399695187587606,0.9399695187587606,0.9399695187587606,0.9399695187587606,0.9399695187587606,0.9399695187587606,0.9399695187587606,0.9399695187587606,0.9399695187587606,0.9399695187587606,0.9399695187587606,0.9399695187587606,0.9399695187587606,0.9399695187587606,0.9399695187587606,0.9399695187587606,0.9399695187587606,0.9399695187587606,0.9399695187587606,0.9399695187587606,0.9399695187587606,0.9399695187587606,0.9399695187587606,0.9399695187587606,0.9399695187587606,0.9399695187587606,0.9399695187587606,0.9399695187587606,0.9399695187587606],"compilation_time":0.8456668853759766,"equivalence_time":0.0015439987182617188,"hop_count_time":2.319275140762329}