{"topology":"jellyfish-16-8-4","routing_scheme":"ecmp","max_failures":2,"failure_prob":[1,8],"equivalent_to_teleport":false,"min_prob_of_delivery":0.7580380223069185,"avg_prob_of_delivery":0.8085704689105924,"hop_count_cdf":[0.23359375,0.6059693370945751,0.8085704689105924,0.8085704689105924,0.8085704689105924,0.8085704689105924,0.8085704689105924,0.8085704689105924,0.8085704689105924,0.8085704689105924,0.8085704689105924,0.8085704689105924,0.8085704689105924,0.8085704689105924,0.8085704689105924,0.8085704689105924,0.8085704689105924,0.8085704689105924,0.8085704689105924,0.8085704689105924,0.8085704689105924,0.8085704689105924,0.8085704689105924,0.8085704689105924,0.8085704689105924,0.8085704689105924,0.8085704689105924,0.8085704689105924,0.8085704689105924,0.8085704689105924,0.8085704689105924,0.8085704689105924],"compilation_time":1.2108089923858643,"equivalence_time":0.000244140625,"hop_count_time":3.674543857574463}