{"topology":"jellyfish-16-8-4","routing_scheme":"ecmp","max_failures":3,"failure_prob":[1,64],"equivalent_to_teleport":false,"min_prob_of_delivery":0.9538788515173613,"avg_prob_of_delivery":0.969067218781545,"hop_count_cdf":[0.2625,0.714698849401697,0.969067218781545,0.969067218781545,0.969067218781545,0.969067218781545,0.969067218781545,0.969067218781545,0.969067218781545,0.969067218781545,0.969067218781545,0.969067218781545,0.969067218781545,0.969067218781545,0.969067218781545,0.969067218781545,0.969067218781545,0.969067218781545,0.969067218781545,0.969067218781545,0.969067218781545,0.969067218781545,0.969067218781545,0.969067218781545,0.969067218781545,0.969067218781545,0.969067218781545,0.969067218781545,0.969067218781545,0.969067218781545,0.969067218781545,0.969067218781545],"compilation_time":1.4339089393615723,"equivalence_time":0.0010089874267578125,"hop_count_time":4.403412103652954}