{"topology":"jellyfish-16-8-4","routing_scheme":"ecmp","max_failures":3,"failure_prob":[1,32],"equivalent_to_teleport":false,"min_prob_of_delivery":0.9094958529534338,"avg_prob_of_delivery":0.9388532041452756,"hop_count_cdf":[0.25833333333333336,0.6963125094387986,0.9388532041452756,0.9388532041452756,0.9388532041452756,0.9388532041452756,0.9388532041452756,0.9388532041452756,0.9388532041452756,0.9388532041452756,0.9388532041452756,0.9388532041452756,0.9388532041452756,0.9388532041452756,0.9388532041452756,0.9388532041452756,0.9388532041452756,0.9388532041452756,0.9388532041452756,0.9388532041452756,0.9388532041452756,0.9388532041452756,0.9388532041452756,0.9388532041452756,0.9388532041452756,0.9388532041452756,0.9388532041452756,0.9388532041452756,0.9388532041452756,0.9388532041452756,0.9388532041452756,0.9388532041452756],"compilation_time":1.115797996520996,"equivalence_time":0.0004229545593261719,"hop_count_time":3.983323097229004}