{"topology":"jellyfish-16-8-4","routing_scheme":"ecmp","max_failures":3,"failure_prob":[1,8],"equivalent_to_teleport":false,"min_prob_of_delivery":0.7057049861584938,"avg_prob_of_delivery":0.7829472823682543,"hop_count_cdf":[0.23333333333333334,0.5943450352953126,0.7829472823682543,0.7829472823682543,0.7829472823682543,0.7829472823682543,0.7829472823682543,0.7829472823682543,0.7829472823682543,0.7829472823682543,0.7829472823682543,0.7829472823682543,0.7829472823682543,0.7829472823682543,0.7829472823682543,0.7829472823682543,0.7829472823682543,0.7829472823682543,0.7829472823682543,0.7829472823682543,0.7829472823682543,0.7829472823682543,0.7829472823682543,0.7829472823682543,0.7829472823682543,0.7829472823682543,0.7829472823682543,0.7829472823682543,0.7829472823682543,0.7829472823682543,0.7829472823682543,0.7829472823682543],"compilation_time":1.0448641777038574,"equivalence_time":0.0005199909210205078,"hop_count_time":3.2870900630950928}