{"topology":"jellyfish-16-8-4","routing_scheme":"ecmp","max_failures":3,"failure_prob":[1,16],"equivalent_to_teleport":false,"min_prob_of_delivery":0.8280642347420926,"avg_prob_of_delivery":0.8813753196653343,"hop_count_cdf":[0.25,0.6604768569968428,0.8813753196653343,0.8813753196653343,0.8813753196653343,0.8813753196653343,0.8813753196653343,0.8813753196653343,0.8813753196653343,0.8813753196653343,0.8813753196653343,0.8813753196653343,0.8813753196653343,0.8813753196653343,0.8813753196653343,0.8813753196653343,0.8813753196653343,0.8813753196653343,0.8813753196653343,0.8813753196653343,0.8813753196653343,0.8813753196653343,0.8813753196653343,0.8813753196653343,0.8813753196653343,0.8813753196653343,0.8813753196653343,0.8813753196653343,0.8813753196653343,0.8813753196653343,0.8813753196653343,0.8813753196653343],"compilation_time":1.4417150020599365,"equivalence_time":0.0008111000061035156,"hop_count_time":4.820259094238281}