{"topology":"jellyfish-16-8-4","routing_scheme":"ecmp","max_failures":3,"failure_prob":[1,4],"equivalent_to_teleport":false,"min_prob_of_delivery":0.5935290553128046,"avg_prob_of_delivery":0.6531753225132383,"hop_count_cdf":[0.2,0.49296960830688474,0.6531753225132383,0.6531753225132383,0.6531753225132383,0.6531753225132383,0.6531753225132383,0.6531753225132383,0.6531753225132383,0.6531753225132383,0.6531753225132383,0.6531753225132383,0.6531753225132383,0.6531753225132383,0.6531753225132383,0.6531753225132383,0.6531753225132383,0.6531753225132383,0.6531753225132383,0.6531753225132383,0.6531753225132383,0.6531753225132383,0.6531753225132383,0.6531753225132383,0.6531753225132383,0.6531753225132383,0.6531753225132383,0.6531753225132383,0.6531753225132383,0.6531753225132383,0.6531753225132383,0.6531753225132383],"compilation_time":0.964116096496582,"equivalence_time":0.00033092498779296875,"hop_count_time":3.5429811477661133}