{"topology":"jellyfish-16-8-4","routing_scheme":"ecmp","max_failures":4,"failure_prob":[1,8],"equivalent_to_teleport":false,"min_prob_of_delivery":0.6812555372715418,"avg_prob_of_delivery":0.7732388504836636,"hop_count_cdf":[0.23333333333333334,0.5912630470159154,0.7732388504836636,0.7732388504836636,0.7732388504836636,0.7732388504836636,0.7732388504836636,0.7732388504836636,0.7732388504836636,0.7732388504836636,0.7732388504836636,0.7732388504836636,0.7732388504836636,0.7732388504836636,0.7732388504836636,0.7732388504836636,0.7732388504836636,0.7732388504836636,0.7732388504836636,0.7732388504836636,0.7732388504836636,0.7732388504836636,0.7732388504836636,0.7732388504836636,0.7732388504836636,0.7732388504836636,0.7732388504836636,0.7732388504836636,0.7732388504836636,0.7732388504836636,0.7732388504836636,0.7732388504836636],"compilation_time":1.7077360153198242,"equivalence_time":0.0002739429473876953,"hop_count_time":6.789515972137451}