{"topology":"jellyfish-16-8-4","routing_scheme":"ecmp","max_failures":4,"failure_prob":[1,4],"equivalent_to_teleport":false,"min_prob_of_delivery":0.5236739888478041,"avg_prob_of_delivery":0.6139630158790775,"hop_count_cdf":[0.2,0.4732599894205729,0.6139630158790775,0.6139630158790775,0.6139630158790775,0.6139630158790775,0.6139630158790775,0.6139630158790775,0.6139630158790775,0.6139630158790775,0.6139630158790775,0.6139630158790775,0.6139630158790775,0.6139630158790775,0.6139630158790775,0.6139630158790775,0.6139630158790775,0.6139630158790775,0.6139630158790775,0.6139630158790775,0.6139630158790775,0.6139630158790775,0.6139630158790775,0.6139630158790775,0.6139630158790775,0.6139630158790775,0.6139630158790775,0.6139630158790775,0.6139630158790775,0.6139630158790775,0.6139630158790775,0.6139630158790775],"compilation_time":1.7810499668121338,"equivalence_time":0.0002391338348388672,"hop_count_time":5.304656982421875}