{"topology":"jellyfish-16-8-4","routing_scheme":"ecmp","max_failures":4,"failure_prob":[1,32],"equivalent_to_teleport":false,"min_prob_of_delivery":0.9091777277413025,"avg_prob_of_delivery":0.9387386511474018,"hop_count_cdf":[0.25833333333333336,0.6962900358584713,0.9387386511474018,0.9387386511474018,0.9387386511474018,0.9387386511474018,0.9387386511474018,0.9387386511474018,0.9387386511474018,0.9387386511474018,0.9387386511474018,0.9387386511474018,0.9387386511474018,0.9387386511474018,0.9387386511474018,0.9387386511474018,0.9387386511474018,0.9387386511474018,0.9387386511474018,0.9387386511474018,0.9387386511474018,0.9387386511474018,0.9387386511474018,0.9387386511474018,0.9387386511474018,0.9387386511474018,0.9387386511474018,0.9387386511474018,0.9387386511474018,0.9387386511474018,0.9387386511474018,0.9387386511474018],"compilation_time":1.9329299926757812,"equivalence_time":0.0002510547637939453,"hop_count_time":7.076998949050903}