{"topology":"jellyfish-16-8-4","routing_scheme":"ecmp","max_failures":4,"failure_prob":[1,64],"equivalent_to_teleport":false,"min_prob_of_delivery":0.9538546505931291,"avg_prob_of_delivery":0.9690585858575572,"hop_count_cdf":[0.2625,0.7146972983025356,0.9690585858575572,0.9690585858575572,0.9690585858575572,0.9690585858575572,0.9690585858575572,0.9690585858575572,0.9690585858575572,0.9690585858575572,0.9690585858575572,0.9690585858575572,0.9690585858575572,0.9690585858575572,0.9690585858575572,0.9690585858575572,0.9690585858575572,0.9690585858575572,0.9690585858575572,0.9690585858575572,0.9690585858575572,0.9690585858575572,0.9690585858575572,0.9690585858575572,0.9690585858575572,0.9690585858575572,0.9690585858575572,0.9690585858575572,0.9690585858575572,0.9690585858575572,0.9690585858575572,0.9690585858575572],"compilation_time":2.6593449115753174,"equivalence_time":0.0002658367156982422,"hop_count_time":8.22687292098999}