{"topology":"jellyfish-16-8-4","routing_scheme":"ecmp","max_failures":4,"failure_prob":[1,16],"equivalent_to_teleport":false,"min_prob_of_delivery":0.8246419364590974,"avg_prob_of_delivery":0.8801127070028901,"hop_count_cdf":[0.25,0.6601831774344797,0.8801127070028901,0.8801127070028901,0.8801127070028901,0.8801127070028901,0.8801127070028901,0.8801127070028901,0.8801127070028901,0.8801127070028901,0.8801127070028901,0.8801127070028901,0.8801127070028901,0.8801127070028901,0.8801127070028901,0.8801127070028901,0.8801127070028901,0.8801127070028901,0.8801127070028901,0.8801127070028901,0.8801127070028901,0.8801127070028901,0.8801127070028901,0.8801127070028901,0.8801127070028901,0.8801127070028901,0.8801127070028901,0.8801127070028901,0.8801127070028901,0.8801127070028901,0.8801127070028901,0.8801127070028901],"compilation_time":2.6583220958709717,"equivalence_time":0.0005819797515869141,"hop_count_time":7.353063106536865}