{"topology":"jellyfish-16-8-4","routing_scheme":"ecmp","max_failures":-1,"failure_prob":[1,4],"equivalent_to_teleport":false,"min_prob_of_delivery":0.421875,"avg_prob_of_delivery":0.575,"hop_count_cdf":[0.2,0.4625,0.575,0.575,0.575,0.575,0.575,0.575,0.575,0.575,0.575,0.575,0.575,0.575,0.575,0.575,0.575,0.575,0.575,0.575,0.575,0.575,0.575,0.575,0.575,0.575,0.575,0.575,0.575,0.575,0.575,0.575],"compilation_time":1.132983922958374,"equivalence_time":0.0002770423889160156,"hop_count_time":0.8395988941192627}