{"topology":"jellyfish-16-8-4","routing_scheme":"ecmp","max_failures":-1,"failure_prob":[1,64],"equivalent_to_teleport":false,"min_prob_of_delivery":0.9538536071777344,"avg_prob_of_delivery":0.9690582275390625,"hop_count_cdf":[0.2625,0.714697265625,0.9690582275390625,0.9690582275390625,0.9690582275390625,0.9690582275390625,0.9690582275390625,0.9690582275390625,0.9690582275390625,0.9690582275390625,0.9690582275390625,0.9690582275390625,0.9690582275390625,0.9690582275390625,0.9690582275390625,0.9690582275390625,0.9690582275390625,0.9690582275390625,0.9690582275390625,0.9690582275390625,0.9690582275390625,0.9690582275390625,0.9690582275390625,0.9690582275390625,0.9690582275390625,0.9690582275390625,0.9690582275390625,0.9690582275390625,0.9690582275390625,0.9690582275390625,0.9690582275390625,0.9690582275390625],"compilation_time":0.6802639961242676,"equivalence_time":0.00015401840209960938,"hop_count_time":0.7481307983398438}