{"topology":"jellyfish-16-8-4","routing_scheme":"ecmp","max_failures":-1,"failure_prob":[1,16],"equivalent_to_teleport":false,"min_prob_of_delivery":0.823974609375,"avg_prob_of_delivery":0.8798828125,"hop_count_cdf":[0.25,0.66015625,0.8798828125,0.8798828125,0.8798828125,0.8798828125,0.8798828125,0.8798828125,0.8798828125,0.8798828125,0.8798828125,0.8798828125,0.8798828125,0.8798828125,0.8798828125,0.8798828125,0.8798828125,0.8798828125,0.8798828125,0.8798828125,0.8798828125,0.8798828125,0.8798828125,0.8798828125,0.8798828125,0.8798828125,0.8798828125,0.8798828125,0.8798828125,0.8798828125,0.8798828125,0.8798828125],"compilation_time":1.014153003692627,"equivalence_time":0.0003941059112548828,"hop_count_time":1.1419718265533447}