{"topology":"abfattree-6","routing_scheme":"car","max_failures":1,"failure_prob":[1,16],"equivalent_to_teleport":false,"min_prob_of_delivery":1.0,"avg_prob_of_delivery":1.0,"hop_count_cdf":[0.0,0.05907258386529581,0.05907258386529581,0.16763837361065856,0.16763837361065856,0.27309911795578723,0.27309911795578723,0.5842402391831574,0.5842402391831574,0.6986918789197915,0.6986918789197915,0.7767924516113456,0.7767924516113456,0.8452544089522293,0.8452544089522293,0.9094010449881598,0.9094010449881598,0.9766368306056256,0.9766368306056256,0.9939723933181914,0.9939723933181914,0.9976393772401455,0.9976393772401455,0.99931864243613,0.99931864243613,0.9998075254426849,0.9998075254426849,0.9999669376078164,0.9999669376078164,1.0,1.0,1.0],"compilation_time":2.1116881370544434,"equivalence_time":0.00021195411682128906,"hop_count_time":6.728852987289429}