{"topology":"abfattree-6","routing_scheme":"car","max_failures":1,"failure_prob":[1,64],"equivalent_to_teleport":false,"min_prob_of_delivery":1.0,"avg_prob_of_delivery":1.0,"hop_count_cdf":[0.0,0.058848261458406284,0.058848261458406284,0.1727287553803902,0.1727287553803902,0.2841394980340281,0.2841394980340281,0.6117002901536583,0.6117002901536583,0.7238872497252951,0.7238872497252951,0.7886108938838313,0.7886108938838313,0.8520556383254476,0.8520556383254476,0.9141373702329354,0.9141373702329354,0.9778672930974319,0.9778672930974319,0.988414527003464,0.988414527003464,0.9929144037077339,0.9929144037077339,0.9964166617093319,0.9964166617093319,0.9986267922421819,0.9986267922421819,0.9997088658749311,0.9997088658749311,1.0,1.0,1.0],"compilation_time":3.8972220420837402,"equivalence_time":0.0002300739288330078,"hop_count_time":9.956318855285645}