{"topology":"abfattree-6","routing_scheme":"car","max_failures":1,"failure_prob":[1,8],"equivalent_to_teleport":false,"min_prob_of_delivery":1.0,"avg_prob_of_delivery":1.0,"hop_count_cdf":[0.0,0.059341666707255436,0.059341666707255436,0.16568798006312718,0.16568798006312718,0.2707476286367414,0.2707476286367414,0.5849206490907745,0.5849206490907745,0.7049524304325341,0.7049524304325341,0.7872760178444865,0.7872760178444865,0.8521667550698566,0.8521667550698566,0.9131236232450444,0.9131236232450444,0.9821361102323893,0.9821361102323893,0.9981285607003201,0.9981285607003201,0.9996597413539733,0.9996597413539733,0.9999681031522584,0.9999681031522584,0.9999949756040472,0.9999949756040472,0.9999995704151446,0.9999995704151446,1.0,1.0,1.0],"compilation_time":2.022895097732544,"equivalence_time":0.0002288818359375,"hop_count_time":8.296810150146484}