{"topology":"abfattree-6","routing_scheme":"car","max_failures":2,"failure_prob":[1,64],"equivalent_to_teleport":false,"min_prob_of_delivery":1.0,"avg_prob_of_delivery":1.0,"hop_count_cdf":[0.0,0.058815285933778,0.058815285933778,0.1719960482318329,0.1719960482318329,0.28199509249133126,0.28199509249133126,0.6020267859661426,0.6020267859661426,0.7112795765181392,0.7112795765181392,0.7748224306768826,0.7748224306768826,0.8376523867391217,0.8376523867391217,0.8991285166034393,0.8991285166034393,0.9627008387167409,0.9627008387167409,0.9758693289502234,0.9758693289502234,0.9829709617231979,0.9829709617231979,0.9892950058906367,0.9892950058906367,0.9943995646905907,0.9943995646905907,0.9975181414253381,0.9975181414253381,0.9991498525250467,0.9991498525250467,1.0],"compilation_time":3.53165602684021,"equivalence_time":0.00011801719665527344,"hop_count_time":13.17611312866211}