{"topology":"abfattree-6","routing_scheme":"car","max_failures":2,"failure_prob":[1,128],"equivalent_to_teleport":false,"min_prob_of_delivery":1.0,"avg_prob_of_delivery":1.0,"hop_count_cdf":[0.0,0.05882080518387554,0.05882080518387554,0.17419168208509017,0.17419168208509017,0.28784985634836824,0.28784985634836824,0.6232839261634927,0.6232839261634927,0.7362684862096537,0.7362684862096537,0.7973414947166823,0.7973414947166823,0.8579994126899241,0.8579994126899241,0.9178590216040309,0.9178590216040309,0.978917726103546,0.978917726103546,0.9862642289821405,0.9862642289821405,0.9903490088544762,0.9903490088544762,0.9940372655742598,0.9940372655742598,0.9970178102024989,0.9970178102024989,0.9988301505674331,0.9988301505674331,0.9996245922000178,0.9996245922000178,1.0],"compilation_time":1.949157953262329,"equivalence_time":0.0001461505889892578,"hop_count_time":10.663145065307617}