{"topology":"abfattree-6","routing_scheme":"car","max_failures":3,"failure_prob":[1,64],"equivalent_to_teleport":false,"min_prob_of_delivery":0.9999662626249488,"avg_prob_of_delivery":0.9999779716951516,"hop_count_cdf":[0.0,0.05881089031063967,0.05881089031063967,0.17191699165027446,0.17191699165027446,0.28177148085141324,0.28177148085141324,0.600620096399506,0.600620096399506,0.7092755935998069,0.7092755935998069,0.7721237664119023,0.7721237664119023,0.8341548837070547,0.8341548837070547,0.8947047214166706,0.8947047214166706,0.9573092892893248,0.9573092892893248,0.9706704464381322,0.9706704464381322,0.9784223510256318,0.9784223510256318,0.9855885566332316,0.9855885566332316,0.9917966595626314,0.9917966595626314,0.9959116641475598,0.9959116641475598,0.9983803954186916,0.9983803954186916,0.9999778731980999],"compilation_time":4.2654619216918945,"equivalence_time":0.00013709068298339844,"hop_count_time":13.555289030075073}