{"topology":"abfattree-6","routing_scheme":"car","max_failures":3,"failure_prob":[1,128],"equivalent_to_teleport":false,"min_prob_of_delivery":0.9999941460713003,"avg_prob_of_delivery":0.9999966427216581,"hop_count_cdf":[0.0,0.05882034229255314,0.05882034229255314,0.1741816983719024,0.1741816983719024,0.2878268196627436,0.2878268196627436,0.6231120439128973,0.6231120439128973,0.7360206483519276,0.7360206483519276,0.7969769148195366,0.7969769148195366,0.8574801425588924,0.8574801425588924,0.9171381721005613,0.9171381721005613,0.9779535923767385,0.9779535923767385,0.9852956695397072,0.9852956695397072,0.9894850147860178,0.9894850147860178,0.9933164349335857,0.9933164349335857,0.99649605910168,0.99649605910168,0.9985018873123597,0.9985018873123597,0.999457565984178,0.999457565984178,0.9999966363254391],"compilation_time":2.681925058364868,"equivalence_time":0.0001709461212158203,"hop_count_time":17.700642824172974}