{"topology":"abfattree-6","routing_scheme":"car","max_failures":3,"failure_prob":[1,32],"equivalent_to_teleport":false,"min_prob_of_delivery":0.9998380456377564,"avg_prob_of_delivery":0.9998733732658015,"hop_count_cdf":[0.0,0.05877272848544159,0.05877272848544159,0.1674973036975776,0.1674973036975776,0.27033545250340574,0.27033545250340574,0.5601923496888706,0.5601923496888706,0.6619780990517763,0.6619780990517763,0.7289214627960116,0.7289214627960116,0.7948155541767745,0.7948155541767745,0.8585718488418768,0.8585718488418768,0.9256357703327921,0.9256357703327921,0.9485028571287335,0.9485028571287335,0.9616124794057015,0.9616124794057015,0.9737243252112419,0.9737243252112419,0.9845475802920599,0.9845475802920599,0.9918153242567928,0.9918153242567928,0.9968205223481661,0.9968205223481661,0.9998726869165115],"compilation_time":5.247888803482056,"equivalence_time":0.00014209747314453125,"hop_count_time":18.63109302520752}