{"topology":"abfattree-6","routing_scheme":"car","max_failures":3,"failure_prob":[1,4],"equivalent_to_teleport":false,"min_prob_of_delivery":0.9817572086297339,"avg_prob_of_delivery":0.9867409611816954,"hop_count_cdf":[0.0,0.059244317168619796,0.059244317168619796,0.14478033337262566,0.14478033337262566,0.23453863057515553,0.23453863057515553,0.474432843900879,0.474432843900879,0.5894469643522255,0.5894469643522255,0.6925344257211028,0.6925344257211028,0.7573506948508288,0.7573506948508288,0.8191983791011572,0.8191983791011572,0.8930976516508061,0.8930976516508061,0.9438784719953487,0.9438784719953487,0.9652277869221565,0.9652277869221565,0.9797442476655583,0.9797442476655583,0.9860947945552911,0.9860947945552911,0.9866965007888469,0.9866965007888469,0.986739933984021,0.986739933984021,0.9867409606017576],"compilation_time":2.149739980697632,"equivalence_time":0.00021910667419433594,"hop_count_time":15.979828119277954}