{"topology":"abfattree-6","routing_scheme":"car","max_failures":4,"failure_prob":[1,4],"equivalent_to_teleport":false,"min_prob_of_delivery":0.9748645672580627,"avg_prob_of_delivery":0.9778193900265991,"hop_count_cdf":[0.0,0.05736661310341035,0.05736661310341035,0.13347994759473544,0.13347994759473544,0.2126325968209086,0.2126325968209086,0.4198794825204755,0.4198794825204755,0.528907612070516,0.528907612070516,0.6391960546160061,0.6391960546160061,0.7105674600883206,0.7105674600883206,0.7736336839614399,0.7736336839614399,0.8451442220069296,0.8451442220069296,0.9082176907038901,0.9082176907038901,0.9399149586771282,0.9399149586771282,0.9628109566984704,0.9628109566984704,0.9755877851067265,0.9755877851067265,0.9776000327092736,0.9776000327092736,0.9778125942705495,0.9778125942705495,0.9778193820411591],"compilation_time":2.508272171020508,"equivalence_time":0.00015306472778320312,"hop_count_time":17.741611003875732}