{"topology":"abfattree-6","routing_scheme":"car","max_failures":4,"failure_prob":[1,32],"equivalent_to_teleport":false,"min_prob_of_delivery":0.9997001470668951,"avg_prob_of_delivery":0.9997947570011619,"hop_count_cdf":[0.0,0.058772807654898174,0.058772807654898174,0.16745128124330352,0.16745128124330352,0.2702057339849057,0.2702057339849057,0.5586772303490319,0.5586772303490319,0.6596311167103992,0.6596311167103992,0.7252063570688325,0.7252063570688325,0.7893729299251738,0.7893729299251738,0.851179117994429,0.851179117994429,0.9161979232711155,0.9161979232711155,0.939030460182424,0.939030460182424,0.9531345590793643,0.9531345590793643,0.9665431316253122,0.9665431316253122,0.9791580681136151,0.9791580681136151,0.9882372278954139,0.9882372278954139,0.9950297371017639,0.9950297371017639,0.9997925152932788],"compilation_time":3.909658908843994,"equivalence_time":0.00013899803161621094,"hop_count_time":19.899388074874878}