{"topology":"abfattree-6","routing_scheme":"car","max_failures":4,"failure_prob":[1,8],"equivalent_to_teleport":false,"min_prob_of_delivery":0.994426134686368,"avg_prob_of_delivery":0.9948014806994881,"hop_count_cdf":[0.0,0.058003625758539255,0.058003625758539255,0.14511645890669092,0.14511645890669092,0.22265553884453462,0.22265553884453462,0.4285706361249618,0.4285706361249618,0.5236779551508454,0.5236779551508454,0.6206986466599121,0.6206986466599121,0.7084860927630664,0.7084860927630664,0.7844578862342593,0.7844578862342593,0.8573835570852267,0.8573835570852267,0.9061825676770504,0.9061825676770504,0.9348532576545334,0.9348532576545334,0.9598636392282263,0.9598636392282263,0.9804845298202097,0.9804845298202097,0.989802262521392,0.989802262521392,0.9938756383280934,0.9938756383280934,0.9947998093997114],"compilation_time":2.85493803024292,"equivalence_time":0.0001518726348876953,"hop_count_time":18.267601013183594}