{"topology":"abfattree-6","routing_scheme":"car","max_failures":-1,"failure_prob":[1,128],"equivalent_to_teleport":false,"min_prob_of_delivery":0.9999911955795746,"avg_prob_of_delivery":0.9999955859973964,"hop_count_cdf":[0.0,0.058820748212741705,0.058820748212741705,0.1741855239876864,0.1741855239876864,0.2878384673096495,0.2878384673096495,0.6231524950976425,0.6231524950976425,0.7360765472978261,0.7360765472978261,0.7970283996584584,0.7970283996584584,0.8575164890680682,0.8575164890680682,0.9171439130668398,0.9171439130668398,0.9779074206523197,0.9779074206523197,0.9852156145615913,0.9852156145615913,0.989403040732493,0.989403040732493,0.993235401284792,0.993235401284792,0.9964216413875242,0.9964216413875242,0.9984455702555334,0.9984455702555334,0.9994206599770393,0.9994206599770393,0.9999955811217065],"compilation_time":1.8424129486083984,"equivalence_time":0.0001990795135498047,"hop_count_time":4.9727561473846436}