{"topology":"abfattree-6","routing_scheme":"car","max_failures":-1,"failure_prob":[1,64],"equivalent_to_teleport":false,"min_prob_of_delivery":0.9999274267893152,"avg_prob_of_delivery":0.9999628022085713,"hop_count_cdf":[0.0,0.05881527270210064,0.05881527270210064,0.17195512439091964,0.17195512439091964,0.2818805813439029,0.2818805813439029,0.6009289041200805,0.6009289041200805,0.7096777374581534,0.7096777374581534,0.7724178953773676,0.7724178953773676,0.8342149556529334,0.8342149556529334,0.8943672565282454,0.8943672565282454,0.9563743487600143,0.9563743487600143,0.9694578744271196,0.9694578744271196,0.9772610543051071,0.9772610543051071,0.9845202140692376,0.9845202140692376,0.9908853979917217,0.9908853979917217,0.9952495186962915,0.9952495186962915,0.9979738368885804,0.9979738368885804,0.9999626656621891],"compilation_time":1.4510250091552734,"equivalence_time":0.0002009868621826172,"hop_count_time":3.283259868621826}