{"topology":"abfattree-6","routing_scheme":"car","max_failures":-1,"failure_prob":[1,8],"equivalent_to_teleport":false,"min_prob_of_delivery":0.9492117617975961,"avg_prob_of_delivery":0.9655479755649391,"hop_count_cdf":[0.0,0.05945646451420854,0.05945646451420854,0.15127084426697937,0.15127084426697937,0.22944459027191907,0.22944459027191907,0.4068063195360116,0.4068063195360116,0.48569289693153694,0.48569289693153694,0.5552827624196431,0.5552827624196431,0.6187772469470123,0.6187772469470123,0.6760720673729506,0.6760720673729506,0.7325430299055321,0.7325430299055321,0.7759397016402739,0.7759397016402739,0.8148749809571779,0.8148749809571779,0.8513946769299674,0.8513946769299674,0.8857812652245382,0.8857812652245382,0.9154961852575386,0.9154961852575386,0.9418419695362817,0.9418419695362817,0.9649545516888314],"compilation_time":1.22291898727417,"equivalence_time":0.00010704994201660156,"hop_count_time":2.869807004928589}