{"topology":"abfattree-6","routing_scheme":"car","max_failures":-1,"failure_prob":[0,1],"equivalent_to_teleport":true,"min_prob_of_delivery":1.0,"avg_prob_of_delivery":1.0,"hop_count_cdf":[0.0,0.058823529411764705,0.058823529411764705,0.17647058823529413,0.17647058823529413,0.29411764705882354,0.29411764705882354,0.6470588235294118,0.6470588235294118,0.7647058823529411,0.7647058823529411,0.8235294117647058,0.8235294117647058,0.8823529411764706,0.8823529411764706,0.9411764705882353,0.9411764705882353,1.0,1.0,1.0,1.0,1.0,1.0,1.0,1.0,1.0,1.0,1.0,1.0,1.0,1.0,1.0],"compilation_time":0.6637589931488037,"equivalence_time":0.0005450248718261719,"hop_count_time":0.869642972946167}