{"topology":"abfattree-6","routing_scheme":"car","max_failures":-1,"failure_prob":[1,16],"equivalent_to_teleport":false,"min_prob_of_delivery":0.9944848688020543,"avg_prob_of_delivery":0.9967826650633788,"hop_count_cdf":[0.0,0.05889202060137235,0.05889202060137235,0.16082741756577085,0.16082741756577085,0.2532163578720211,0.2532163578720211,0.4962297315796442,0.4962297315796442,0.5872348408337654,0.5872348408337654,0.6555246345290829,0.6555246345290829,0.7200486438852387,0.7200486438852387,0.7794844110978784,0.7794844110978784,0.8407447112411338,0.8407447112411338,0.8734035780690778,0.8734035780690778,0.8985897182817741,0.8985897182817741,0.9229156438461951,0.9229156438461951,0.9465841400128314,0.9465841400128314,0.9659350911837463,0.9659350911837463,0.982565651072092,0.982565651072092,0.9967233092885176],"compilation_time":1.2949049472808838,"equivalence_time":0.002109050750732422,"hop_count_time":3.031048059463501}