{"topology":"abfattree-6","routing_scheme":"resilient random walk","max_failures":2,"failure_prob":[1,4],"equivalent_to_teleport":false,"min_prob_of_delivery":1.0,"avg_prob_of_delivery":1.0,"hop_count_cdf":[0.0,0.04385843223009376,0.04385843223009376,0.10640379334915995,0.10640379334915995,0.17555844721537234,0.17555844721537234,0.24614168753223423,0.24614168753223423,0.3162457158537747,0.3162457158537747,0.3852099061198217,0.3852099061198217,0.4528204921299608,0.4528204921299608,0.5190220410778446,0.5190220410778446,0.5838148751002723,0.5838148751002723,0.6472186715237025,0.6472186715237025,0.7092595549416149,0.7092595549416149,0.7699655257406964,0.7699655257406964,0.8293648467304744,0.8293648467304744,0.8874854793004974,0.8874854793004974,0.9443548918279663,0.9443548918279663,1.0],"compilation_time":55.38110399246216,"equivalence_time":0.0007340908050537109,"hop_count_time":111.97220802307129}