{"topology":"abfattree-6","routing_scheme":"resilient random walk","max_failures":3,"failure_prob":[1,16],"equivalent_to_teleport":false,"min_prob_of_delivery":0.9996560289485065,"avg_prob_of_delivery":0.9996847323350671,"hop_count_cdf":[0.0,0.04278000571688629,0.04278000571688629,0.10602396773884877,0.10602396773884877,0.17542857410280654,0.17542857410280654,0.24597875914384612,0.24597875914384612,0.315952228844758,0.315952228844758,0.38477252449091215,0.38477252449091215,0.4522559984832034,0.4522559984832034,0.5183532177144727,0.5183532177144727,0.5830615152573093,0.5830615152573093,0.6463954523563221,0.6463954523563221,0.7083765410147688,0.7083765410147688,0.7690293629295223,0.7690293629295223,0.8283798894248082,0.8283798894248082,0.8864546383370164,0.8864546383370164,0.9432802053362117,0.9432802053362117,0.9988829924717199],"compilation_time":118.83903694152832,"equivalence_time":0.00027298927307128906,"hop_count_time":155.72971105575562}