{"topology":"abfattree-6","routing_scheme":"resilient random walk","max_failures":3,"failure_prob":[1,64],"equivalent_to_teleport":false,"min_prob_of_delivery":0.9999880524016637,"avg_prob_of_delivery":0.9999884525030497,"hop_count_cdf":[0.0,0.042778920960781126,0.042778920960781126,0.1060462149701346,0.1060462149701346,0.17554847851041105,0.17554847851041105,0.24624967597274075,0.24624967597274075,0.31638441830919306,0.31638441830919306,0.3853476216106941,0.3853476216106941,0.4529455631827147,0.4529455631827147,0.5191300755931677,0.5191300755931677,0.5839042068209295,0.5839042068209295,0.6472887380999698,0.6472887380999698,0.7093103044077422,0.7093103044077422,0.7699971849723806,0.7699971849723806,0.8293778180508641,0.8293778180508641,0.8874802838534089,0.8874802838534089,0.9443321317086112,0.9443321317086112,0.9999603295869068],"compilation_time":190.66038393974304,"equivalence_time":0.0023508071899414062,"hop_count_time":231.7233600616455}