{"topology":"abfattree-6","routing_scheme":"resilient random walk","max_failures":4,"failure_prob":[1,8],"equivalent_to_teleport":false,"min_prob_of_delivery":0.9972967406120552,"avg_prob_of_delivery":0.9974232027742101,"hop_count_cdf":[0.0,0.042653006923955225,0.042653006923955225,0.1055228433114049,0.1055228433114049,0.17416955273337123,0.17416955273337123,0.24387938254944283,0.24387938254944283,0.3131307091606466,0.3131307091606466,0.381357644170468,0.381357644170468,0.448325377168906,0.448325377168906,0.5139422975496759,0.5139422975496759,0.5781843353693317,0.5781843353693317,0.6410584202329584,0.6410584202329584,0.7025847589476212,0.7025847589476212,0.7627887331449608,0.7627887331449608,0.8216974228952719,0.8216974228952719,0.8793381942669567,0.8793381942669567,0.9357381523221756,0.9357381523221756,0.9909239402642936],"compilation_time":82.89841318130493,"equivalence_time":0.0001609325408935547,"hop_count_time":123.09110498428345}