{"topology":"abfattree-6","routing_scheme":"resilient random walk","max_failures":-1,"failure_prob":[1,32],"equivalent_to_teleport":false,"min_prob_of_delivery":0.9992680137327473,"avg_prob_of_delivery":0.9992895417550729,"hop_count_cdf":[0.0,0.04276541560837379,0.04276541560837379,0.10599417572939014,0.10599417572939014,0.17544914918681528,0.17544914918681528,0.24610057505176838,0.24610057505176838,0.31618545838092327,0.31618545838092327,0.38509954997183804,0.38509954997183804,0.45264932296154314,0.45264932296154314,0.5187865457289428,0.5187865457289428,0.5835141044648644,0.5835141044648644,0.6468525936845676,0.6468525936845676,0.7088284701136225,0.7088284701136225,0.7694698581628847,0.7694698581628847,0.828805070383423,0.828805070383423,0.8868620911439031,0.8868620911439031,0.9436684019212878,0.9436684019212878,0.9992509276301351],"compilation_time":54.50014805793762,"equivalence_time":0.0008559226989746094,"hop_count_time":59.89549994468689}