{"topology":"abfattree-6","routing_scheme":"resilient random walk","max_failures":-1,"failure_prob":[1,64],"equivalent_to_teleport":false,"min_prob_of_delivery":0.9999084540754304,"avg_prob_of_delivery":0.9999111465872168,"hop_count_cdf":[0.0,0.042776966198860567,0.042776966198860567,0.10603833624720484,0.10603833624720484,0.1755335991347709,0.1755335991347709,0.24622809925501987,0.24622809925501987,0.3163570446356998,0.3163570446356998,0.3853155193621629,0.3853155193621629,0.4529097423353088,0.4529097423353088,0.519091378434656,0.519091378434656,0.5838632657105276,0.5838632657105276,0.6472459711541908,0.6472459711541908,0.7092659319267108,0.7092659319267108,0.7699512562160383,0.7699512562160383,0.8293302419987651,0.8293302419987651,0.8874308600880081,0.8874308600880081,0.9442805791814957,0.9442805791814957,0.9999063120891557],"compilation_time":52.362797021865845,"equivalence_time":0.0001380443572998047,"hop_count_time":58.235536098480225}