{"topology":"abfattree-6","routing_scheme":"resilient random walk","max_failures":-1,"failure_prob":[1,8],"equivalent_to_teleport":false,"min_prob_of_delivery":0.9548467178980445,"avg_prob_of_delivery":0.9561708610978448,"hop_count_cdf":[0.0,0.04194902496775672,0.04194902496775672,0.10291903401380947,0.10291903401380947,0.16958930143329567,0.16958930143329567,0.23726522977773637,0.23726522977773637,0.30430687577008464,0.30430687577008464,0.3701556730104188,0.3701556730104188,0.4346355536658469,0.4346355536658469,0.4977054329601386,0.4977054329601386,0.5593715558211291,0.5593715558211291,0.6196564628116693,0.6196564628116693,0.6785880090780112,0.6785880090780112,0.7361954853834702,0.7361954853834702,0.792508254307844,0.792508254307844,0.8475552770354808,0.8475552770354808,0.9013649553489107,0.9013649553489107,0.9539650850454289],"compilation_time":43.647789001464844,"equivalence_time":0.00015497207641601562,"hop_count_time":43.572540044784546}