{"topology":"fattree-6","routing_scheme":"random walk","max_failures":1,"failure_prob":[1,64],"equivalent_to_teleport":false,"min_prob_of_delivery":0.8444378173986069,"avg_prob_of_delivery":0.8483910335311361,"hop_count_cdf":[0.0,0.035028889081241264,0.035028889081241264,0.07942976745508933,0.07942976745508933,0.12578233932970406,0.12578233932970406,0.17166957634360422,0.17166957634360422,0.21637008249603273,0.21637008249603273,0.2597284055399502,0.2597284055399502,0.3017694060637208,0.3017694060637208,0.34256776257063204,0.34256776257063204,0.3822050449736842,0.3822050449736842,0.42075670312441704,0.42075670312441704,0.45828909765595055,0.45828909765595055,0.4948597374982479,0.4948597374982479,0.5305183977432841,0.5305183977432841,0.5653083505375922,0.5653083505375922,0.5992674772994686,0.5992674772994686,0.6324292109921975],"compilation_time":1.8397839069366455,"equivalence_time":0.00019288063049316406,"hop_count_time":14.838863134384155}