{"topology":"fattree-6","routing_scheme":"random walk","max_failures":1,"failure_prob":[1,16],"equivalent_to_teleport":false,"min_prob_of_delivery":0.8275621801711349,"avg_prob_of_delivery":0.834621215608176,"hop_count_cdf":[0.0,0.03249656571972417,0.03249656571972417,0.07239815876621677,0.07239815876621677,0.11393995221832419,0.11393995221832419,0.1553738909415748,0.1553738909415748,0.19616100299854594,0.19616100299854594,0.23614360358315703,0.23614360358315703,0.2752857926526582,0.2752857926526582,0.3135899855471721,0.3135899855471721,0.35107006510595073,0.35107006510595073,0.3877429248095726,0.3877429248095726,0.4236259235299995,0.4236259235299995,0.45873618581369047,0.45873618581369047,0.4930904473257756,0.4930904473257756,0.5267050448618995,0.5267050448618995,0.5595959356625775,0.5595959356625775,0.5917787171646464],"compilation_time":1.91668701171875,"equivalence_time":0.00013709068298339844,"hop_count_time":12.001054048538208}