{"topology":"fattree-6","routing_scheme":"random walk","max_failures":2,"failure_prob":[1,32],"equivalent_to_teleport":false,"min_prob_of_delivery":0.7055399346120452,"avg_prob_of_delivery":0.7122021778094996,"hop_count_cdf":[0.0,0.02954891202560781,0.02954891202560781,0.0632216924790386,0.0632216924790386,0.09667252442749172,0.09667252442749172,0.12874272559092012,0.12874272559092012,0.15927700369071013,0.15927700369071013,0.18840541244958628,0.18840541244958628,0.21631267585598737,0.21631267585598737,0.24316907088111225,0.24316907088111225,0.2691143031975892,0.2691143031975892,0.294258023146181,0.294258023146181,0.31868480536393085,0.31868480536393085,0.34245960302238776,0.34245960302238776,0.36563248726000863,0.36563248726000863,0.38824243526793906,0.38824243526793906,0.4103202391640696,0.4103202391640696,0.4318906895551274],"compilation_time":3.4637649059295654,"equivalence_time":0.00018906593322753906,"hop_count_time":22.053786039352417}