{"topology":"fattree-6","routing_scheme":"random walk","max_failures":3,"failure_prob":[1,4],"equivalent_to_teleport":false,"min_prob_of_delivery":0.5349068867792923,"avg_prob_of_delivery":0.5471673050932024,"hop_count_cdf":[0.0,0.017878121909030625,0.017878121909030625,0.035144224737738664,0.035144224737738664,0.052910516539654034,0.052910516539654034,0.07074999984616673,0.07074999984616673,0.08837819100112869,0.08837819100112869,0.1056888123327005,0.1056888123327005,0.12264877218286628,0.12264877218286628,0.13925142097850252,0.13925142097850252,0.1554994111508964,0.1554994111508964,0.17139858944024566,0.17139858944024566,0.18695583057183648,0.18695583057183648,0.20217827073015937,0.20217827073015937,0.21707303777056544,0.21707303777056544,0.23164715765835586,0.23164715765835586,0.245907523397491,0.245907523397491,0.25986088608863284],"compilation_time":3.1433660984039307,"equivalence_time":0.00013184547424316406,"hop_count_time":44.66717791557312}