{"topology":"fattree-6","routing_scheme":"random walk","max_failures":3,"failure_prob":[1,16],"equivalent_to_teleport":false,"min_prob_of_delivery":0.5794005140261889,"avg_prob_of_delivery":0.5877555985386342,"hop_count_cdf":[0.0,0.024975666162209628,0.024975666162209628,0.05060636071617917,0.05060636071617917,0.07453589404604667,0.07453589404604667,0.09663865277130108,0.09663865277130108,0.11729175430210176,0.11729175430210176,0.13687422380777656,0.13687422380777656,0.1556611156099535,0.1556611156099535,0.173829975165672,0.173829975165672,0.19148945974781365,0.19148945974781365,0.20870481331188095,0.20870481331188095,0.2255155731435577,0.2255155731435577,0.24194663378870024,0.24194663378870024,0.2580147544730097,0.2580147544730097,0.27373223804490626,0.27373223804490626,0.28910895327090924,0.28910895327090924,0.30415342355961367],"compilation_time":4.394728899002075,"equivalence_time":0.00013494491577148438,"hop_count_time":51.54025721549988}