{"topology":"fattree-6","routing_scheme":"random walk","max_failures":3,"failure_prob":[1,8],"equivalent_to_teleport":false,"min_prob_of_delivery":0.5613575793703313,"avg_prob_of_delivery":0.5692439490527832,"hop_count_cdf":[0.0,0.021891535411437166,0.021891535411437166,0.042806730317352534,0.042806730317352534,0.06250049006092619,0.06250049006092619,0.08153235180850883,0.08153235180850883,0.1001344475167692,0.1001344475167692,0.11835795121247406,0.11835795121247406,0.13620678861585384,0.13620678861585384,0.15368059806214984,0.15368059806214984,0.17078232028151424,0.17078232028151424,0.18751753829643683,0.18751753829643683,0.20389311927930168,0.20389311927930168,0.21991640121109352,0.21991640121109352,0.23559481476343852,0.23559481476343852,0.2509357273783493,0.2509357273783493,0.2659463841166387,0.2659463841166387,0.2806338873732517],"compilation_time":4.155821084976196,"equivalence_time":0.0001220703125,"hop_count_time":56.22506880760193}