{"topology":"fattree-6","routing_scheme":"random walk","max_failures":4,"failure_prob":[1,4],"equivalent_to_teleport":false,"min_prob_of_delivery":0.43503653521860497,"avg_prob_of_delivery":0.4445278491407972,"hop_count_cdf":[0.0,0.015330588081012423,0.015330588081012423,0.028299613758121896,0.028299613758121896,0.04110167020326141,0.04110167020326141,0.05393421306467625,0.05393421306467625,0.06662979422014986,0.06662979422014986,0.07910385436791639,0.07910385436791639,0.09132789348128759,0.09132789348128759,0.10329534940794588,0.10329534940794588,0.11500749968258732,0.11500749968258732,0.12646833342613956,0.12646833342613956,0.13768272623967218,0.13768272623967218,0.14865579383012864,0.14865579383012864,0.15939266422381765,0.15939266422381765,0.16989839850205013,0.16989839850205013,0.18017796420855142,0.18017796420855142,0.19023622741505575],"compilation_time":8.555485010147095,"equivalence_time":0.0002269744873046875,"hop_count_time":76.18978190422058}