{"topology":"fattree-6","routing_scheme":"random walk","max_failures":4,"failure_prob":[1,8],"equivalent_to_teleport":false,"min_prob_of_delivery":0.4644292374235801,"avg_prob_of_delivery":0.47331310574647845,"hop_count_cdf":[0.0,0.020087379542315823,0.020087379542315823,0.03797580747966912,0.03797580747966912,0.05363090092027457,0.05363090092027457,0.06804525097909453,0.06804525097909453,0.08183144930978915,0.08183144930978915,0.09523553622524658,0.09523553622524658,0.10833602204397198,0.10833602204397198,0.12115522176098334,0.12115522176098334,0.13370078788677522,0.13370078788677522,0.14597774576382302,0.14597774576382302,0.15799111251968437,0.15799111251968437,0.1697461548367864,0.1697461548367864,0.1812482507899184,0.1812482507899184,0.19250277048250827,0.19250277048250827,0.2035150143550991,0.2035150143550991,0.2142901870798336],"compilation_time":7.264405965805054,"equivalence_time":0.0002148151397705078,"hop_count_time":71.02762699127197}