{"topology":"fattree-6","routing_scheme":"random walk","max_failures":4,"failure_prob":[1,128],"equivalent_to_teleport":false,"min_prob_of_delivery":0.6541724330747304,"avg_prob_of_delivery":0.6639563543527417,"hop_count_cdf":[0.0,0.03367030532976261,0.03367030532976261,0.07544900751843818,0.07544900751843818,0.11895699351805994,0.11895699351805994,0.16200641893083303,0.16200641893083303,0.2038721935012869,0.2038721935012869,0.24433888301175544,0.24433888301175544,0.2833678270290424,0.2833678270290424,0.32098091503575843,0.32098091503575843,0.3572200423089546,0.3572200423089546,0.39213299642759447,0.39213299642759447,0.4257685702858835,0.4257685702858835,0.45817489221676927,0.45817489221676927,0.4893988746626218,0.4893988746626218,0.5194860490608535,0.5194860490608535,0.5484805318769604,0.5484805318769604,0.5764250334052896],"compilation_time":7.8334479331970215,"equivalence_time":0.0008220672607421875,"hop_count_time":71.5378589630127}