{"topology":"fattree-6","routing_scheme":"random walk","max_failures":4,"failure_prob":[1,64],"equivalent_to_teleport":false,"min_prob_of_delivery":0.5744498665617674,"avg_prob_of_delivery":0.585949832451328,"hop_count_cdf":[0.0,0.029008445540635492,0.029008445540635492,0.06223678750887395,0.06223678750887395,0.09571074487186615,0.09571074487186615,0.12812764977124014,0.12812764977124014,0.15910135188714394,0.15910135188714394,0.1885590007001245,0.1885590007001245,0.21653376664702503,0.21653376664702503,0.2430935906582288,0.2430935906582288,0.26831662238911985,0.26831662238911985,0.29228265977640655,0.29228265977640655,0.3150700660806633,0.3150700660806633,0.3367545677992434,0.3367545677992434,0.3574087126771295,0.3574087126771295,0.3771015785720133,0.3771015785720133,0.39589859849316233,0.39589859849316233,0.4138614580167379],"compilation_time":8.635754108428955,"equivalence_time":0.0004799365997314453,"hop_count_time":86.4196720123291}