{"topology":"fattree-6","routing_scheme":"random walk","max_failures":4,"failure_prob":[1,16],"equivalent_to_teleport":false,"min_prob_of_delivery":0.4882387203950381,"avg_prob_of_delivery":0.49881767793268383,"hop_count_cdf":[0.0,0.023171760991530045,0.023171760991530045,0.046169696963135616,0.046169696963135616,0.06709000628336849,0.06709000628336849,0.08582762346027668,0.08582762346027668,0.10276979427226854,0.10276979427226854,0.11835805698776788,0.11835805698776788,0.13295573261401236,0.13295573261401236,0.14682587804302172,0.14682587804302172,0.1601459819480584,0.1601459819480584,0.17303069542977914,0.17303069542977914,0.18555221865854996,0.18555221865854996,0.19775561250961682,0.19775561250961682,0.2096692631156933,0.2096692631156933,0.22131161044275408,0.22131161044275408,0.23269528971274614,0.23269528971274614,0.24382959715467417],"compilation_time":8.306942939758301,"equivalence_time":0.00022411346435546875,"hop_count_time":82.91095900535583}