{"topology":"fattree-6","routing_scheme":"random walk","max_failures":5,"failure_prob":[1,16],"equivalent_to_teleport":false,"min_prob_of_delivery":0.4146760978067728,"avg_prob_of_delivery":0.42726824908533717,"hop_count_cdf":[0.0,0.021885276862664955,0.021885276862664955,0.04317787097252577,0.04317787097252577,0.06230895631845252,0.06230895631845252,0.07915643915039518,0.07915643915039518,0.09403330390427975,0.09403330390427975,0.10734550537929224,0.10734550537929224,0.11946866510016103,0.11946866510016103,0.13070736400704935,0.13070736400704935,0.1412899712489016,0.1412899712489016,0.15137857243808236,0.15137857243808236,0.16108364611541912,0.16108364611541912,0.1704783346665033,0.1704783346665033,0.17961018860424624,0.17961018860424624,0.18850993515768663,0.18850993515768663,0.19719760386536955,0.19719760386536955,0.2056865996554754],"compilation_time":6.605622053146362,"equivalence_time":0.0008208751678466797,"hop_count_time":77.96624898910522}