{"topology":"fattree-6","routing_scheme":"random walk","max_failures":-1,"failure_prob":[1,100],"equivalent_to_teleport":false,"min_prob_of_delivery":0.4989330936824008,"avg_prob_of_delivery":0.5132347823181772,"hop_count_cdf":[0.0,0.021793925389835007,0.021793925389835007,0.04469810427288148,0.04469810427288148,0.06736013323317952,0.06736013323317952,0.08933540641204536,0.08933540641204536,0.11049399388907381,0.11049399388907381,0.13081439720743007,0.13081439720743007,0.15031185904591726,0.15031185904591726,0.16901346913853435,0.16901346913853435,0.18694954430229616,0.18694954430229616,0.2041506670361808,0.2041506670361808,0.22064669067017895,0.22064669067017895,0.23646642704061213,0.23646642704061213,0.25163757016710375,0.25163757016710375,0.26618670068650796,0.26618670068650796,0.2801393171039713,0.2801393171039713,0.2935198751529274,0.2935198751529274,0.30635182880724904,0.30635182880724904,0.3186576707477859,0.3186576707477859,0.33045897156483,0.33045897156483,0.34177641749067855,0.34177641749067855,0.3526298466329447,0.3526298466329447,0.36303828373891894,0.36303828373891894,0.3730199735403676,0.3730199735403676,0.3825924127332012,0.3825924127332012,0.39177238064667064,0.39177238064667064,0.4005759686553663,0.4005759686553663,0.40901860838540527,0.40901860838540527,0.4171150987641906,0.4171150987641906,0.42487963196113776,0.42487963196113776,0.4323258182648303,0.4323258182648303,0.4394667099402109,0.4394667099402109,0.4463148241076249,0.4463148241076249,0.4528821646838192,0.4528821646838192,0.4591802434233586,0.4591802434233586,0.4652201000973403,0.4652201000973403,0.47101232184477887,0.47101232184477887,0.47656706173058216,0.47656706173058216,0.4818940565426468,0.4818940565426468,0.4870026438592715,0.4870026438592715,0.49190177841680327,0.49190177841680327,0.49660004780620864,0.49660004780620864,0.5011056875260829,0.5011056875260829,0.5054265954184839,0.5054265954184839,0.5095703455128956,0.5095703455128956,0.513544201302586],"compilation_time":2.0315160751342773,"equivalence_time":0.00015783309936523438,"hop_count_time":17.099381923675537}