{"topology":"fattree-6","routing_scheme":"random walk","max_failures":-1,"failure_prob":[1,16],"equivalent_to_teleport":false,"min_prob_of_delivery":0.1113574723338546,"avg_prob_of_delivery":0.1330175924427142,"hop_count_cdf":[0.0,0.01863015762923479,0.01863015762923479,0.03598387986397139,0.03598387986397139,0.05132327543360302,0.05132327543360302,0.06464449859476985,0.06464449859476985,0.07614096047877532,0.07614096047877532,0.08604034626386647,0.08604034626386647,0.09455759761030533,0.09455759761030533,0.10188352935244627,0.10188352935244627,0.10818410077841525,0.10818410077841525,0.11360261490209686,0.11360261490209686,0.11826249119301536,0.11826249119301536,0.12226992497844935,0.12226992497844935,0.1257162602261762,0.1257162602261762,0.1286800568420185,0.1286800568420185,0.1312288768542292,0.1312288768542292,0.13342082310590658],"compilation_time":2.2441768646240234,"equivalence_time":0.00014495849609375,"hop_count_time":4.518687009811401}