{"topology":"fattree-6","routing_scheme":"random walk","max_failures":-1,"failure_prob":[1,64],"equivalent_to_teleport":false,"min_prob_of_delivery":0.3831972654928729,"avg_prob_of_delivery":0.4005076750674032,"hop_count_cdf":[0.0,0.02853914291895817,0.02853914291895817,0.061009069170296894,0.061009069170296894,0.09365550948657417,0.09365550948657417,0.12524847417462376,0.12524847417462376,0.15542280872762357,0.15542280872762357,0.18410774275928524,0.18410774275928524,0.2113308906828595,0.2113308906828595,0.23715100296183825,0.23715100296183825,0.2616349817695695,0.2616349817695695,0.28485011011953554,0.28485011011953554,0.30686150541315743,0.30686150541315743,0.32773136293489924,0.32773136293489924,0.34751880865884616,0.34751880865884616,0.36627995571484445,0.36627995571484445,0.38406802533092704,0.38406802533092704,0.4009334846806563],"compilation_time":3.0135550498962402,"equivalence_time":0.00018715858459472656,"hop_count_time":5.8150200843811035}