{"topology":"fattree-6","routing_scheme":"random walk","max_failures":-1,"failure_prob":[1,8],"equivalent_to_teleport":false,"min_prob_of_delivery":0.04456116256194206,"avg_prob_of_delivery":0.06381928803889182,"hop_count_cdf":[0.0,0.015149677948420499,0.015149677948420499,0.02725513022125546,0.02725513022125546,0.03652928529326563,0.03652928529326563,0.04353276516754058,0.04353276516754058,0.048794533012973484,0.048794533012973484,0.05274046570144088,0.05274046570144088,0.05569764986667365,0.05569764986667365,0.057913305473848216,0.057913305473848216,0.059573229230614456,0.059573229230614456,0.060816770621593345,0.060816770621593345,0.06174836605854622,0.06174836605854622,0.06244626517378662,0.06244626517378662,0.06296909130475016,0.06296909130475016,0.06336076254664962,0.06336076254664962,0.06365418003691856,0.06365418003691856,0.06387399147102567],"compilation_time":2.1572070121765137,"equivalence_time":0.00012493133544921875,"hop_count_time":5.315715074539185}