{"topology":"fattree-6","routing_scheme":"random walk","max_failures":-1,"failure_prob":[1,128],"equivalent_to_teleport":false,"min_prob_of_delivery":0.5627847036167701,"avg_prob_of_delivery":0.5753460833242559,"hop_count_cdf":[0.0,0.03362206826924519,0.03362206826924519,0.07530813091677482,0.07530813091677482,0.11871072104780821,0.11871072104780821,0.16165287502352105,0.16165287502352105,0.203413060969721,0.203413060969721,0.24377675354453565,0.24377675354453565,0.2827051648281067,0.2827051648281067,0.3202195698725546,0.3202195698725546,0.3563609459735188,0.3563609459735188,0.3911759201532812,0.3911759201532812,0.42471190539411746,0.42471190539411746,0.45701544519290965,0.45701544519290965,0.48813167730221657,0.48813167730221657,0.5181041869008899,0.5181041869008899,0.5469749943186275,0.5469749943186275,0.5747845883312497],"compilation_time":2.505626916885376,"equivalence_time":0.0001399517059326172,"hop_count_time":6.46157693862915}