{"topology":"fattree-6","routing_scheme":"random walk","max_failures":-1,"failure_prob":[1,32],"equivalent_to_teleport":false,"min_prob_of_delivery":0.2244086959247481,"avg_prob_of_delivery":0.24517786702337205,"hop_count_cdf":[0.0,0.023137951163609154,0.023137951163609154,0.04709379003464424,0.04709379003464424,0.06999392042408688,0.06999392042408688,0.09132292080119875,0.09132292080119875,0.1110088111322962,0.1110088111322962,0.12911914468644772,0.12911914468644772,0.14576046336049672,0.14576046336049672,0.1610454246586804,0.1610454246586804,0.1750824153713553,0.1750824153713553,0.18797260811021363,0.18797260811021363,0.1998094544052617,0.1998094544052617,0.2106789505625566,0.2106789505625566,0.2206601253495199,0.2206601253495199,0.22982556893412845,0.22982556893412845,0.23824194560765558,0.23824194560765558,0.24597047359980898],"compilation_time":2.392059803009033,"equivalence_time":0.00013899803161621094,"hop_count_time":6.068059921264648}