{
  "topology": "abfattree_4_sw_20",
  "routing_scheme": "f10_s1_lr",
  "max_failures": 2,
  "failure_prob": [ 1, 64 ],
  "equivalent_to_teleport": true,
  "min_prob_of_delivery": 1.0,
  "avg_prob_of_delivery": 1.0,
  "hop_count_cdf": [
    0.0, 0.14285714285714285, 0.14285714285714285, 0.9866087777273995,
    0.9866087777273995, 0.999803487845611, 0.999803487845611, 1.0, 1.0, 1.0,
    1.0, 1.0, 1.0, 1.0, 1.0, 1.0, 1.0, 1.0, 1.0, 1.0, 1.0, 1.0, 1.0, 1.0,
    1.0, 1.0, 1.0, 1.0, 1.0, 1.0, 1.0, 1.0
  ],
  "compilation_times": [ 20.704632997512817 ],
  "equivalence_times": [ 0.00017404556274414062 ],
  "hop_count_times": [ 27.657639980316162 ]
}