{
  "topology": "abfattree_4_sw_20",
  "routing_scheme": "f10_s1_lr",
  "max_failures": 3,
  "failure_prob": [ 1, 64 ],
  "equivalent_to_teleport": false,
  "min_prob_of_delivery": 0.9999961853027344,
  "avg_prob_of_delivery": 0.9999967302594867,
  "hop_count_cdf": [
    0.0, 0.14285714285714285, 0.14285714285714285, 0.9866071428571429,
    0.9866071428571429, 0.9997877902617672, 0.9997877902617672,
    0.9999938014496847, 0.9999938014496847, 0.9999967302594867,
    0.9999967302594867, 0.9999967302594867, 0.9999967302594867,
    0.9999967302594867, 0.9999967302594867, 0.9999967302594867,
    0.9999967302594867, 0.9999967302594867, 0.9999967302594867,
    0.9999967302594867, 0.9999967302594867, 0.9999967302594867,
    0.9999967302594867, 0.9999967302594867, 0.9999967302594867,
    0.9999967302594867, 0.9999967302594867, 0.9999967302594867,
    0.9999967302594867, 0.9999967302594867, 0.9999967302594867,
    0.9999967302594867
  ],
  "compilation_times": [ 21.439690113067627 ],
  "equivalence_times": [ 9.989738464355469e-05 ],
  "hop_count_times": [ 32.314857006073 ]
}