{
  "topology": "abfattree_4_sw_20",
  "routing_scheme": "f10_s1_lr",
  "max_failures": 3,
  "failure_prob": [ 1, 32 ],
  "equivalent_to_teleport": false,
  "min_prob_of_delivery": 0.999969482421875,
  "avg_prob_of_delivery": 0.9999738420758929,
  "hop_count_cdf": [
    0.0, 0.14285714285714285, 0.14285714285714285, 0.9732142857142857,
    0.9732142857142857, 0.9991418267766546, 0.9991418267766546,
    0.9999528862815694, 0.9999528862815694, 0.9999738420758929,
    0.9999738420758929, 0.9999738420758929, 0.9999738420758929,
    0.9999738420758929, 0.9999738420758929, 0.9999738420758929,
    0.9999738420758929, 0.9999738420758929, 0.9999738420758929,
    0.9999738420758929, 0.9999738420758929, 0.9999738420758929,
    0.9999738420758929, 0.9999738420758929, 0.9999738420758929,
    0.9999738420758929, 0.9999738420758929, 0.9999738420758929,
    0.9999738420758929, 0.9999738420758929, 0.9999738420758929,
    0.9999738420758929
  ],
  "compilation_times": [ 20.904175996780396 ],
  "equivalence_times": [ 0.00011110305786132812 ],
  "hop_count_times": [ 32.44974899291992 ]
}