{
  "topology": "abfattree_4_sw_20",
  "routing_scheme": "f10_s1_lr",
  "max_failures": 3,
  "failure_prob": [ 1, 16 ],
  "equivalent_to_teleport": false,
  "min_prob_of_delivery": 0.999755859375,
  "avg_prob_of_delivery": 0.9997907366071429,
  "hop_count_cdf": [
    0.0, 0.14285714285714285, 0.14285714285714285, 0.9464285714285714,
    0.9464285714285714, 0.9965189205748695, 0.9965189205748695,
    0.9996572628037045, 0.9996572628037045, 0.9997907366071429,
    0.9997907366071429, 0.9997907366071429, 0.9997907366071429,
    0.9997907366071429, 0.9997907366071429, 0.9997907366071429,
    0.9997907366071429, 0.9997907366071429, 0.9997907366071429,
    0.9997907366071429, 0.9997907366071429, 0.9997907366071429,
    0.9997907366071429, 0.9997907366071429, 0.9997907366071429,
    0.9997907366071429, 0.9997907366071429, 0.9997907366071429,
    0.9997907366071429, 0.9997907366071429, 0.9997907366071429,
    0.9997907366071429
  ],
  "compilation_times": [ 20.721741914749146 ],
  "equivalence_times": [ 0.00014209747314453125 ],
  "hop_count_times": [ 32.77855110168457 ]
}