{
  "topology": "abfattree_4_sw_20",
  "routing_scheme": "f10_s1_lr",
  "max_failures": 3,
  "failure_prob": [ 1, 4 ],
  "equivalent_to_teleport": false,
  "min_prob_of_delivery": 0.984375,
  "avg_prob_of_delivery": 0.9866071428571429,
  "hop_count_cdf": [
    0.0, 0.14285714285714285, 0.14285714285714285, 0.7857142857142857,
    0.7857142857142857, 0.9470563616071429, 0.9470563616071429,
    0.9847449234553746, 0.9847449234553746, 0.9866071428571429,
    0.9866071428571429, 0.9866071428571429, 0.9866071428571429,
    0.9866071428571429, 0.9866071428571429, 0.9866071428571429,
    0.9866071428571429, 0.9866071428571429, 0.9866071428571429,
    0.9866071428571429, 0.9866071428571429, 0.9866071428571429,
    0.9866071428571429, 0.9866071428571429, 0.9866071428571429,
    0.9866071428571429, 0.9866071428571429, 0.9866071428571429,
    0.9866071428571429, 0.9866071428571429, 0.9866071428571429,
    0.9866071428571429
  ],
  "compilation_times": [ 21.27869415283203 ],
  "equivalence_times": [ 0.000102996826171875 ],
  "hop_count_times": [ 31.778146028518677 ]
}