{
  "topology": "abfattree_4_sw_20",
  "routing_scheme": "f10_s1_lr",
  "max_failures": 3,
  "failure_prob": [ 1, 128 ],
  "equivalent_to_teleport": false,
  "min_prob_of_delivery": 0.9999995231628418,
  "avg_prob_of_delivery": 0.9999995912824359,
  "hop_count_cdf": [
    0.0, 0.14285714285714285, 0.14285714285714285, 0.9933035714285714,
    0.9933035714285714, 0.9999472959164615, 0.9999472959164615,
    0.9999992043876129, 0.9999992043876129, 0.9999995912824359,
    0.9999995912824359, 0.9999995912824359, 0.9999995912824359,
    0.9999995912824359, 0.9999995912824359, 0.9999995912824359,
    0.9999995912824359, 0.9999995912824359, 0.9999995912824359,
    0.9999995912824359, 0.9999995912824359, 0.9999995912824359,
    0.9999995912824359, 0.9999995912824359, 0.9999995912824359,
    0.9999995912824359, 0.9999995912824359, 0.9999995912824359,
    0.9999995912824359, 0.9999995912824359, 0.9999995912824359,
    0.9999995912824359
  ],
  "compilation_times": [ 20.72795796394348 ],
  "equivalence_times": [ 0.00011515617370605469 ],
  "hop_count_times": [ 31.987653017044067 ]
}