{
  "topology": "abfattree_4_sw_20",
  "routing_scheme": "f10_s1_lr",
  "max_failures": 3,
  "failure_prob": [ 1, 8 ],
  "equivalent_to_teleport": false,
  "min_prob_of_delivery": 0.998046875,
  "avg_prob_of_delivery": 0.9983258928571429,
  "hop_count_cdf": [
    0.0, 0.14285714285714285, 0.14285714285714285, 0.8928571428571429,
    0.8928571428571429, 0.9860292162214007, 0.9860292162214007,
    0.9976626080627155, 0.9976626080627155, 0.9983258928571429,
    0.9983258928571429, 0.9983258928571429, 0.9983258928571429,
    0.9983258928571429, 0.9983258928571429, 0.9983258928571429,
    0.9983258928571429, 0.9983258928571429, 0.9983258928571429,
    0.9983258928571429, 0.9983258928571429, 0.9983258928571429,
    0.9983258928571429, 0.9983258928571429, 0.9983258928571429,
    0.9983258928571429, 0.9983258928571429, 0.9983258928571429,
    0.9983258928571429, 0.9983258928571429, 0.9983258928571429,
    0.9983258928571429
  ],
  "compilation_times": [ 22.26498317718506 ],
  "equivalence_times": [ 0.000125885009765625 ],
  "hop_count_times": [ 31.82534098625183 ]
}