{
  "topology": "abfattree_4_sw_20",
  "routing_scheme": "f10_s1_lr",
  "max_failures": 4,
  "failure_prob": [ 1, 4 ],
  "equivalent_to_teleport": false,
  "min_prob_of_delivery": 0.98272705078125,
  "avg_prob_of_delivery": 0.9851946149553571,
  "hop_count_cdf": [
    0.0, 0.14285714285714285, 0.14285714285714285, 0.7857142857142857,
    0.7857142857142857, 0.9381888253348214, 0.9381888253348214,
    0.9791610240936279, 0.9791610240936279, 0.9849982090028269,
    0.9849982090028269, 0.9851946149553571, 0.9851946149553571,
    0.9851946149553571, 0.9851946149553571, 0.9851946149553571,
    0.9851946149553571, 0.9851946149553571, 0.9851946149553571,
    0.9851946149553571, 0.9851946149553571, 0.9851946149553571,
    0.9851946149553571, 0.9851946149553571, 0.9851946149553571,
    0.9851946149553571, 0.9851946149553571, 0.9851946149553571,
    0.9851946149553571, 0.9851946149553571, 0.9851946149553571,
    0.9851946149553571
  ],
  "compilation_times": [ 21.082723140716553 ],
  "equivalence_times": [ 0.00011396408081054688 ],
  "hop_count_times": [ 38.550508975982666 ]
}