{
  "topology": "abfattree_4_sw_20",
  "routing_scheme": "f10_s1_lr",
  "max_failures": 4,
  "failure_prob": [ 1, 2 ],
  "equivalent_to_teleport": false,
  "min_prob_of_delivery": 0.8671875,
  "avg_prob_of_delivery": 0.8861607142857143,
  "hop_count_cdf": [
    0.0, 0.14285714285714285, 0.14285714285714285, 0.5714285714285714,
    0.5714285714285714, 0.7622767857142857, 0.7622767857142857,
    0.87841796875, 0.87841796875, 0.8860953194754464, 0.8860953194754464,
    0.8861607142857143, 0.8861607142857143, 0.8861607142857143,
    0.8861607142857143, 0.8861607142857143, 0.8861607142857143,
    0.8861607142857143, 0.8861607142857143, 0.8861607142857143,
    0.8861607142857143, 0.8861607142857143, 0.8861607142857143,
    0.8861607142857143, 0.8861607142857143, 0.8861607142857143,
    0.8861607142857143, 0.8861607142857143, 0.8861607142857143,
    0.8861607142857143, 0.8861607142857143, 0.8861607142857143
  ],
  "compilation_times": [ 20.826684951782227 ],
  "equivalence_times": [ 0.000102996826171875 ],
  "hop_count_times": [ 37.49696207046509 ]
}