{
  "topology": "abfattree_4_sw_20",
  "routing_scheme": "f10_s1_lr",
  "max_failures": 4,
  "failure_prob": [ 1, 16 ],
  "equivalent_to_teleport": false,
  "min_prob_of_delivery": 0.9997432865202427,
  "avg_prob_of_delivery": 0.9997799598744938,
  "hop_count_cdf": [
    0.0, 0.14285714285714285, 0.14285714285714285, 0.9464285714285714,
    0.9464285714285714, 0.9964581637510231, 0.9964581637510231,
    0.9995847717802349, 0.9995847717802349, 0.9997730861854282,
    0.9997730861854282, 0.9997799598744938, 0.9997799598744938,
    0.9997799598744938, 0.9997799598744938, 0.9997799598744938,
    0.9997799598744938, 0.9997799598744938, 0.9997799598744938,
    0.9997799598744938, 0.9997799598744938, 0.9997799598744938,
    0.9997799598744938, 0.9997799598744938, 0.9997799598744938,
    0.9997799598744938, 0.9997799598744938, 0.9997799598744938,
    0.9997799598744938, 0.9997799598744938, 0.9997799598744938,
    0.9997799598744938
  ],
  "compilation_times": [ 21.046640872955322 ],
  "equivalence_times": [ 0.00011706352233886719 ],
  "hop_count_times": [ 37.21890306472778 ]
}