{
  "topology": "abfattree_4_sw_20",
  "routing_scheme": "f10_s1_lr",
  "max_failures": 4,
  "failure_prob": [ 1, 8 ],
  "equivalent_to_teleport": false,
  "min_prob_of_delivery": 0.9978833198547363,
  "avg_prob_of_delivery": 0.9981857027326312,
  "hop_count_cdf": [
    0.0, 0.14285714285714285, 0.14285714285714285, 0.8928571428571429,
    0.8928571428571429, 0.985215255192348, 0.985215255192348,
    0.9968717112372231, 0.9968717112372231, 0.9981301591084885,
    0.9981301591084885, 0.9981857027326312, 0.9981857027326312,
    0.9981857027326312, 0.9981857027326312, 0.9981857027326312,
    0.9981857027326312, 0.9981857027326312, 0.9981857027326312,
    0.9981857027326312, 0.9981857027326312, 0.9981857027326312,
    0.9981857027326312, 0.9981857027326312, 0.9981857027326312,
    0.9981857027326312, 0.9981857027326312, 0.9981857027326312,
    0.9981857027326312, 0.9981857027326312, 0.9981857027326312,
    0.9981857027326312
  ],
  "compilation_times": [ 20.604898929595947 ],
  "equivalence_times": [ 0.0001461505889892578 ],
  "hop_count_times": [ 36.96530294418335 ]
}