{
  "topology": "abfattree_4_sw_20",
  "routing_scheme": "f10_s1_lr",
  "max_failures": 4,
  "failure_prob": [ 1, 32 ],
  "equivalent_to_teleport": false,
  "min_prob_of_delivery": 0.9999686153896619,
  "avg_prob_of_delivery": 0.9999730989054244,
  "hop_count_cdf": [
    0.0, 0.14285714285714285, 0.14285714285714285, 0.9732142857142857,
    0.9732142857142857, 0.9991376906192662, 0.9991376906192662,
    0.9999474326122454, 0.9999474326122454, 0.9999725035322052,
    0.9999725035322052, 0.9999730989054244, 0.9999730989054244,
    0.9999730989054244, 0.9999730989054244, 0.9999730989054244,
    0.9999730989054244, 0.9999730989054244, 0.9999730989054244,
    0.9999730989054244, 0.9999730989054244, 0.9999730989054244,
    0.9999730989054244, 0.9999730989054244, 0.9999730989054244,
    0.9999730989054244, 0.9999730989054244, 0.9999730989054244,
    0.9999730989054244, 0.9999730989054244, 0.9999730989054244,
    0.9999730989054244
  ],
  "compilation_times": [ 21.090034008026123 ],
  "equivalence_times": [ 0.00019979476928710938 ],
  "hop_count_times": [ 36.85329985618591 ]
}