{
  "topology": "abfattree_4_sw_20",
  "routing_scheme": "f10_s1_lr",
  "max_failures": 4,
  "failure_prob": [ 1, 64 ],
  "equivalent_to_teleport": false,
  "min_prob_of_delivery": 0.999996128448629,
  "avg_prob_of_delivery": 0.9999966815273963,
  "hop_count_cdf": [
    0.0, 0.14285714285714285, 0.14285714285714285, 0.9866071428571429,
    0.9866071428571429, 0.9997875206759416, 0.9997875206759416,
    0.9999934280263486, 0.9999934280263486, 0.9999966378765245,
    0.9999966378765245, 0.9999966815273963, 0.9999966815273963,
    0.9999966815273963, 0.9999966815273963, 0.9999966815273963,
    0.9999966815273963, 0.9999966815273963, 0.9999966815273963,
    0.9999966815273963, 0.9999966815273963, 0.9999966815273963,
    0.9999966815273963, 0.9999966815273963, 0.9999966815273963,
    0.9999966815273963, 0.9999966815273963, 0.9999966815273963,
    0.9999966815273963, 0.9999966815273963, 0.9999966815273963,
    0.9999966815273963
  ],
  "compilation_times": [ 21.047960996627808 ],
  "equivalence_times": [ 0.00011205673217773438 ],
  "hop_count_times": [ 37.19662618637085 ]
}