{
  "topology": "abfattree_4_sw_20",
  "routing_scheme": "f10_s1_lr",
  "max_failures": 4,
  "failure_prob": [ 1, 128 ],
  "equivalent_to_teleport": false,
  "min_prob_of_delivery": 0.9999995195241826,
  "avg_prob_of_delivery": 0.9999995881635851,
  "hop_count_cdf": [
    0.0, 0.14285714285714285, 0.14285714285714285, 0.9933035714285714,
    0.9933035714285714, 0.9999472787134734, 0.9999472787134734,
    0.9999991799677439, 0.9999991799677439, 0.9999995852112599,
    0.9999995852112599, 0.9999995881635851, 0.9999995881635851,
    0.9999995881635851, 0.9999995881635851, 0.9999995881635851,
    0.9999995881635851, 0.9999995881635851, 0.9999995881635851,
    0.9999995881635851, 0.9999995881635851, 0.9999995881635851,
    0.9999995881635851, 0.9999995881635851, 0.9999995881635851,
    0.9999995881635851, 0.9999995881635851, 0.9999995881635851,
    0.9999995881635851, 0.9999995881635851, 0.9999995881635851,
    0.9999995881635851
  ],
  "compilation_times": [ 20.679583072662354 ],
  "equivalence_times": [ 0.0003790855407714844 ],
  "hop_count_times": [ 36.863853216171265 ]
}