{
  "topology": "abfattree_4_sw_20",
  "routing_scheme": "f10_s1_lr",
  "max_failures": -1,
  "failure_prob": [ 1, 4 ],
  "equivalent_to_teleport": false,
  "min_prob_of_delivery": 0.9795918367346939,
  "avg_prob_of_delivery": 0.9825072886297376,
  "hop_count_cdf": [
    0.0, 0.14285714285714285, 0.14285714285714285, 0.7857142859416822,
    0.7857142859416822, 0.9363839288521211, 0.9363839288521211,
    0.9716971264092552, 0.9716971264092552, 0.9799736570867086,
    0.9799736570867086, 0.9819134689642367, 0.9819134689642367,
    0.9823681123730323, 0.9823681123730323, 0.9824746694219688,
    0.9824746694219688, 0.9824996437303133, 0.9824996437303133,
    0.9825054970838315, 0.9825054970838315, 0.9825068689635623,
    0.9825068689635623, 0.9825071904978743, 0.9825071904978743,
    0.9825072658574786, 0.9825072658574786, 0.9825072835198859,
    0.9825072835198859, 0.9825072876595126, 0.9825072876595126,
    0.9825072886297376
  ],
  "compilation_times": [ 20.793872833251953 ],
  "equivalence_times": [ 7.605552673339844e-05 ],
  "hop_count_times": [ 26.995869874954224 ]
}