{
  "topology": "abfattree_4_sw_20",
  "routing_scheme": "f10_s1_lr",
  "max_failures": -1,
  "failure_prob": [ 1, 2 ],
  "equivalent_to_teleport": false,
  "min_prob_of_delivery": 0.8,
  "avg_prob_of_delivery": 0.8285714285714285,
  "hop_count_cdf": [
    0.0, 0.14285714285714285, 0.14285714285714285, 0.5714287462088422,
    0.5714287462088422, 0.7321430974657294, 0.7321430974657294,
    0.7924109791870622, 0.7924109791870622, 0.8150114348325619,
    0.8150114348325619, 0.8234866056996243, 0.8234866056996243,
    0.8266647947747727, 0.8266647947747727, 0.8278566156779533,
    0.8278566156779533, 0.8283035485166461, 0.8283035485166461,
    0.8284711483311559, 0.8284711483311559, 0.828533998261597,
    0.828533998261597, 0.8285575669855125, 0.8285575669855125,
    0.8285664052569808, 0.8285664052569808, 0.8285697196087813,
    0.8285697196087813, 0.8285709624907066, 0.8285709624907066,
    0.8285714285714286
  ],
  "compilation_times": [ 20.792613983154297 ],
  "equivalence_times": [ 0.00011897087097167969 ],
  "hop_count_times": [ 27.349794149398804 ]
}