{
  "topology": "abfattree_4_sw_20",
  "routing_scheme": "f10_s1_lr",
  "max_failures": -1,
  "failure_prob": [ 1, 32 ],
  "equivalent_to_teleport": false,
  "min_prob_of_delivery": 0.9999684989762168,
  "avg_prob_of_delivery": 0.9999729991224715,
  "hop_count_cdf": [
    0.0, 0.14285714285714285, 0.14285714285714285, 0.9732142857142857,
    0.9732142857142857, 0.9991376059395927, 0.9991376059395927,
    0.9999469185796832, 0.9999469185796832, 0.9999721849014244,
    0.9999721849014244, 0.9999729737029118, 0.9999729737029118,
    0.999972998328886, 0.999972998328886, 0.9999729990976961,
    0.9999729990976961, 0.999972999121698, 0.999972999121698,
    0.9999729991224473, 0.9999729991224473, 0.9999729991224707,
    0.9999729991224707, 0.9999729991224715, 0.9999729991224715,
    0.9999729991224715, 0.9999729991224715, 0.9999729991224715,
    0.9999729991224715, 0.9999729991224715, 0.9999729991224715,
    0.9999729991224715
  ],
  "compilation_times": [ 15.957444906234741 ],
  "equivalence_times": [ 0.00011706352233886719 ],
  "hop_count_times": [ 27.67432689666748 ]
}