{
  "topology": "abfattree_4_sw_20",
  "routing_scheme": "f10_s1_lr",
  "max_failures": -1,
  "failure_prob": [ 1, 16 ],
  "equivalent_to_teleport": false,
  "min_prob_of_delivery": 0.9997396511325176,
  "avg_prob_of_delivery": 0.9997768438278722,
  "hop_count_cdf": [
    0.0, 0.14285714285714285, 0.14285714285714285, 0.9464285714285714,
    0.9464285714285714, 0.9964556012834821, 0.9964556012834821,
    0.9995700770190784, 0.9995700770190784, 0.9997639713825005,
    0.9997639713825005, 0.9997760424427233, 0.9997760424427233,
    0.9997767939369511, 0.9997767939369511, 0.99977684072187,
    0.99977684072187, 0.9997768436345054, 0.9997768436345054,
    0.999776843815834, 0.999776843815834, 0.9997768438271227,
    0.9997768438271227, 0.9997768438278255, 0.9997768438278255,
    0.9997768438278694, 0.9997768438278694, 0.999776843827872,
    0.999776843827872, 0.9997768438278722, 0.9997768438278722,
    0.9997768438278722
  ],
  "compilation_times": [ 15.972323894500732 ],
  "equivalence_times": [ 5.5789947509765625e-05 ],
  "hop_count_times": [ 26.69985008239746 ]
}