{
  "topology": "abfattree_4_sw_20",
  "routing_scheme": "f10_s1_lr",
  "max_failures": -1,
  "failure_prob": [ 1, 64 ],
  "equivalent_to_teleport": false,
  "min_prob_of_delivery": 0.9999961247670016,
  "avg_prob_of_delivery": 0.9999966783717157,
  "hop_count_cdf": [
    0.0, 0.14285714285714285, 0.14285714285714285, 0.9866071428571429,
    0.9866071428571429, 0.999787517956325, 0.999787517956325,
    0.9999934110381089, 0.9999934110381089, 0.9999966273320919,
    0.9999966273320919, 0.9999966775744162, 0.9999966775744162,
    0.9999966783592609, 0.9999966783592609, 0.9999966783715211,
    0.9999966783715211, 0.9999966783717126, 0.9999966783717126,
    0.9999966783717156, 0.9999966783717156, 0.9999966783717157,
    0.9999966783717157, 0.9999966783717157, 0.9999966783717157,
    0.9999966783717157, 0.9999966783717157, 0.9999966783717157,
    0.9999966783717157, 0.9999966783717157, 0.9999966783717157,
    0.9999966783717157
  ],
  "compilation_times": [ 16.159663200378418 ],
  "equivalence_times": [ 0.00011396408081054688 ],
  "hop_count_times": [ 27.079116106033325 ]
}