{
  "topology": "abfattree_4_sw_20",
  "routing_scheme": "f10_s1_lr",
  "max_failures": -1,
  "failure_prob": [ 1, 8 ],
  "equivalent_to_teleport": false,
  "min_prob_of_delivery": 0.9977728285077951,
  "avg_prob_of_delivery": 0.9980909958638243,
  "hop_count_cdf": [
    0.0, 0.14285714285714285, 0.14285714285714285, 0.8928571428571597,
    0.8928571428571597, 0.9851422991071618, 0.9851422991071618,
    0.9964976991926112, 0.9964976991926112, 0.9978949456875005,
    0.9978949456875005, 0.9980668725023013, 0.9980668725023013,
    0.9980880275595913, 0.9980880275595913, 0.9980906306232813,
    0.9980906306232813, 0.9980909509221337, 0.9980909509221337,
    0.9980909903339066, 0.9980909903339066, 0.9980909951834021,
    0.9980909951834021, 0.9980909957801174, 0.9980909957801174,
    0.9980909958535413, 0.9980909958535413, 0.9980909958625759,
    0.9980909958625759, 0.9980909958636875, 0.9980909958636875,
    0.9980909958638243
  ],
  "compilation_times": [ 15.919613122940063 ],
  "equivalence_times": [ 5.698204040527344e-05 ],
  "hop_count_times": [ 26.461541175842285 ]
}