{
  "topology": "abfattree_4_sw_20",
  "routing_scheme": "f10_s1_lr",
  "max_failures": -1,
  "failure_prob": [ 1, 128 ],
  "equivalent_to_teleport": false,
  "min_prob_of_delivery": 0.9999995194084494,
  "avg_prob_of_delivery": 0.9999995880643853,
  "hop_count_cdf": [
    0.0, 0.14285714285714285, 0.14285714285714285, 0.9933035714285714,
    0.9933035714285714, 0.9999472786273275, 0.9999472786273275,
    0.9999991794218513, 0.9999991794218513, 0.9999995848720603,
    0.9999995848720603, 0.9999995880394468, 0.9999995880394468,
    0.9999995880641904, 0.9999995880641904, 0.9999995880643837,
    0.9999995880643837, 0.9999995880643853, 0.9999995880643853,
    0.9999995880643853, 0.9999995880643853, 0.9999995880643853,
    0.9999995880643853, 0.9999995880643853, 0.9999995880643853,
    0.9999995880643853, 0.9999995880643853, 0.9999995880643853,
    0.9999995880643853, 0.9999995880643853, 0.9999995880643853,
    0.9999995880643853
  ],
  "compilation_times": [ 16.4166259765625 ],
  "equivalence_times": [ 8.0108642578125e-05 ],
  "hop_count_times": [ 27.66955804824829 ]
}