{"topology":"abfattree-6","routing_scheme":"resilient ecmp","max_failures":1,"failure_prob":[1,8],"equivalent_to_teleport":false,"min_prob_of_delivery":0.9665003677461451,"avg_prob_of_delivery":0.9678901390119093,"hop_count_cdf":[0.0,0.11370592561719355,0.11370592561719355,0.9678901390119093,0.9678901390119093,0.9678901390119093,0.9678901390119093,0.9678901390119093,0.9678901390119093,0.9678901390119093,0.9678901390119093,0.9678901390119093,0.9678901390119093,0.9678901390119093,0.9678901390119093,0.9678901390119093,0.9678901390119093,0.9678901390119093,0.9678901390119093,0.9678901390119093,0.9678901390119093,0.9678901390119093,0.9678901390119093,0.9678901390119093,0.9678901390119093,0.9678901390119093,0.9678901390119093,0.9678901390119093,0.9678901390119093,0.9678901390119093,0.9678901390119093,0.9678901390119093],"compilation_time":63.41041588783264,"equivalence_time":0.0002510547637939453,"hop_count_time":65.3696300983429}