{"topology":"abfattree-6","routing_scheme":"resilient ecmp","max_failures":1,"failure_prob":[1,32],"equivalent_to_teleport":false,"min_prob_of_delivery":0.963092490911347,"avg_prob_of_delivery":0.9647554408981316,"hop_count_cdf":[0.0,0.1149679489175313,0.1149679489175313,0.9647554408981316,0.9647554408981316,0.9647554408981316,0.9647554408981316,0.9647554408981316,0.9647554408981316,0.9647554408981316,0.9647554408981316,0.9647554408981316,0.9647554408981316,0.9647554408981316,0.9647554408981316,0.9647554408981316,0.9647554408981316,0.9647554408981316,0.9647554408981316,0.9647554408981316,0.9647554408981316,0.9647554408981316,0.9647554408981316,0.9647554408981316,0.9647554408981316,0.9647554408981316,0.9647554408981316,0.9647554408981316,0.9647554408981316,0.9647554408981316,0.9647554408981316,0.9647554408981316],"compilation_time":93.28777694702148,"equivalence_time":0.00016307830810546875,"hop_count_time":97.70231604576111}