{"topology":"abfattree-6","routing_scheme":"resilient ecmp","max_failures":1,"failure_prob":[1,128],"equivalent_to_teleport":false,"min_prob_of_delivery":0.9863145044351249,"avg_prob_of_delivery":0.987074726191662,"hop_count_cdf":[0.0,0.11679722227831651,0.11679722227831651,0.987074726191662,0.987074726191662,0.987074726191662,0.987074726191662,0.987074726191662,0.987074726191662,0.987074726191662,0.987074726191662,0.987074726191662,0.987074726191662,0.987074726191662,0.987074726191662,0.987074726191662,0.987074726191662,0.987074726191662,0.987074726191662,0.987074726191662,0.987074726191662,0.987074726191662,0.987074726191662,0.987074726191662,0.987074726191662,0.987074726191662,0.987074726191662,0.987074726191662,0.987074726191662,0.987074726191662,0.987074726191662,0.987074726191662],"compilation_time":46.14500308036804,"equivalence_time":0.0002269744873046875,"hop_count_time":59.21860194206238}