{"topology":"abfattree-6","routing_scheme":"resilient ecmp","max_failures":1,"failure_prob":[1,4],"equivalent_to_teleport":false,"min_prob_of_delivery":0.984618067741394,"avg_prob_of_delivery":0.990773009580999,"hop_count_cdf":[0.0,0.11583741973428165,0.11583741973428165,0.990773009580999,0.990773009580999,0.990773009580999,0.990773009580999,0.990773009580999,0.990773009580999,0.990773009580999,0.990773009580999,0.990773009580999,0.990773009580999,0.990773009580999,0.990773009580999,0.990773009580999,0.990773009580999,0.990773009580999,0.990773009580999,0.990773009580999,0.990773009580999,0.990773009580999,0.990773009580999,0.990773009580999,0.990773009580999,0.990773009580999,0.990773009580999,0.990773009580999,0.990773009580999,0.990773009580999,0.990773009580999,0.990773009580999],"compilation_time":34.28821682929993,"equivalence_time":0.0004248619079589844,"hop_count_time":36.9010968208313}