{"topology":"abfattree-6","routing_scheme":"resilient ecmp","max_failures":2,"failure_prob":[1,32],"equivalent_to_teleport":false,"min_prob_of_delivery":0.9443212696383909,"avg_prob_of_delivery":0.9473339414638577,"hop_count_cdf":[0.0,0.11410929178292456,0.11410929178292456,0.9473339414638577,0.9473339414638577,0.9473339414638577,0.9473339414638577,0.9473339414638577,0.9473339414638577,0.9473339414638577,0.9473339414638577,0.9473339414638577,0.9473339414638577,0.9473339414638577,0.9473339414638577,0.9473339414638577,0.9473339414638577,0.9473339414638577,0.9473339414638577,0.9473339414638577,0.9473339414638577,0.9473339414638577,0.9473339414638577,0.9473339414638577,0.9473339414638577,0.9473339414638577,0.9473339414638577,0.9473339414638577,0.9473339414638577,0.9473339414638577,0.9473339414638577,0.9473339414638577],"compilation_time":106.48064398765564,"equivalence_time":0.00013399124145507812,"hop_count_time":117.73933219909668}