{"topology":"abfattree-6","routing_scheme":"resilient ecmp","max_failures":2,"failure_prob":[1,64],"equivalent_to_teleport":false,"min_prob_of_delivery":0.9698707691186026,"avg_prob_of_delivery":0.9715960667539829,"hop_count_cdf":[0.0,0.11582774106109833,0.11582774106109833,0.9715960667539829,0.9715960667539829,0.9715960667539829,0.9715960667539829,0.9715960667539829,0.9715960667539829,0.9715960667539829,0.9715960667539829,0.9715960667539829,0.9715960667539829,0.9715960667539829,0.9715960667539829,0.9715960667539829,0.9715960667539829,0.9715960667539829,0.9715960667539829,0.9715960667539829,0.9715960667539829,0.9715960667539829,0.9715960667539829,0.9715960667539829,0.9715960667539829,0.9715960667539829,0.9715960667539829,0.9715960667539829,0.9715960667539829,0.9715960667539829,0.9715960667539829,0.9715960667539829],"compilation_time":147.52714800834656,"equivalence_time":0.0003349781036376953,"hop_count_time":154.08952713012695}