{"topology":"abfattree-6","routing_scheme":"resilient ecmp","max_failures":2,"failure_prob":[1,16],"equivalent_to_teleport":false,"min_prob_of_delivery":0.9118603533888652,"avg_prob_of_delivery":0.9158094627848173,"hop_count_cdf":[0.0,0.11122679802993636,0.11122679802993636,0.9158094627848173,0.9158094627848173,0.9158094627848173,0.9158094627848173,0.9158094627848173,0.9158094627848173,0.9158094627848173,0.9158094627848173,0.9158094627848173,0.9158094627848173,0.9158094627848173,0.9158094627848173,0.9158094627848173,0.9158094627848173,0.9158094627848173,0.9158094627848173,0.9158094627848173,0.9158094627848173,0.9158094627848173,0.9158094627848173,0.9158094627848173,0.9158094627848173,0.9158094627848173,0.9158094627848173,0.9158094627848173,0.9158094627848173,0.9158094627848173,0.9158094627848173,0.9158094627848173],"compilation_time":71.19580388069153,"equivalence_time":0.0001780986785888672,"hop_count_time":79.04038405418396}