{"topology":"abfattree-6","routing_scheme":"resilient ecmp","max_failures":2,"failure_prob":[1,8],"equivalent_to_teleport":false,"min_prob_of_delivery":0.904944350845753,"avg_prob_of_delivery":0.9067148933329138,"hop_count_cdf":[0.0,0.10823458376313176,0.10823458376313176,0.9067148933329138,0.9067148933329138,0.9067148933329138,0.9067148933329138,0.9067148933329138,0.9067148933329138,0.9067148933329138,0.9067148933329138,0.9067148933329138,0.9067148933329138,0.9067148933329138,0.9067148933329138,0.9067148933329138,0.9067148933329138,0.9067148933329138,0.9067148933329138,0.9067148933329138,0.9067148933329138,0.9067148933329138,0.9067148933329138,0.9067148933329138,0.9067148933329138,0.9067148933329138,0.9067148933329138,0.9067148933329138,0.9067148933329138,0.9067148933329138,0.9067148933329138,0.9067148933329138],"compilation_time":55.54263496398926,"equivalence_time":0.0001690387725830078,"hop_count_time":63.58989500999451}