{"topology":"abfattree-6","routing_scheme":"resilient ecmp","max_failures":3,"failure_prob":[1,32],"equivalent_to_teleport":false,"min_prob_of_delivery":0.9394044738155487,"avg_prob_of_delivery":0.9428676706633609,"hop_count_cdf":[0.0,0.11397924177699019,0.11397924177699019,0.9428676706633609,0.9428676706633609,0.9428676706633609,0.9428676706633609,0.9428676706633609,0.9428676706633609,0.9428676706633609,0.9428676706633609,0.9428676706633609,0.9428676706633609,0.9428676706633609,0.9428676706633609,0.9428676706633609,0.9428676706633609,0.9428676706633609,0.9428676706633609,0.9428676706633609,0.9428676706633609,0.9428676706633609,0.9428676706633609,0.9428676706633609,0.9428676706633609,0.9428676706633609,0.9428676706633609,0.9428676706633609,0.9428676706633609,0.9428676706633609,0.9428676706633609,0.9428676706633609],"compilation_time":149.03877305984497,"equivalence_time":0.0007798671722412109,"hop_count_time":162.47976088523865}