{"topology":"abfattree-6","routing_scheme":"resilient ecmp","max_failures":3,"failure_prob":[1,128],"equivalent_to_teleport":false,"min_prob_of_delivery":0.9844403642275288,"avg_prob_of_delivery":0.9853517995899618,"hop_count_cdf":[0.0,0.1167279396731983,0.1167279396731983,0.9853517995899618,0.9853517995899618,0.9853517995899618,0.9853517995899618,0.9853517995899618,0.9853517995899618,0.9853517995899618,0.9853517995899618,0.9853517995899618,0.9853517995899618,0.9853517995899618,0.9853517995899618,0.9853517995899618,0.9853517995899618,0.9853517995899618,0.9853517995899618,0.9853517995899618,0.9853517995899618,0.9853517995899618,0.9853517995899618,0.9853517995899618,0.9853517995899618,0.9853517995899618,0.9853517995899618,0.9853517995899618,0.9853517995899618,0.9853517995899618,0.9853517995899618,0.9853517995899618],"compilation_time":60.31623697280884,"equivalence_time":0.0003809928894042969,"hop_count_time":73.83993220329285}