{"topology":"abfattree-6","routing_scheme":"resilient ecmp","max_failures":3,"failure_prob":[1,8],"equivalent_to_teleport":false,"min_prob_of_delivery":0.8399609812074753,"avg_prob_of_delivery":0.8460780525063506,"hop_count_cdf":[0.0,0.10454712130298253,0.10454712130298253,0.8460780525063506,0.8460780525063506,0.8460780525063506,0.8460780525063506,0.8460780525063506,0.8460780525063506,0.8460780525063506,0.8460780525063506,0.8460780525063506,0.8460780525063506,0.8460780525063506,0.8460780525063506,0.8460780525063506,0.8460780525063506,0.8460780525063506,0.8460780525063506,0.8460780525063506,0.8460780525063506,0.8460780525063506,0.8460780525063506,0.8460780525063506,0.8460780525063506,0.8460780525063506,0.8460780525063506,0.8460780525063506,0.8460780525063506,0.8460780525063506,0.8460780525063506,0.8460780525063506],"compilation_time":74.27956008911133,"equivalence_time":0.0012030601501464844,"hop_count_time":93.02916097640991}