{"topology":"abfattree-6","routing_scheme":"resilient ecmp","max_failures":4,"failure_prob":[1,4],"equivalent_to_teleport":false,"min_prob_of_delivery":0.7781813987552937,"avg_prob_of_delivery":0.782514057480221,"hop_count_cdf":[0.0,0.09334501098184024,0.09334501098184024,0.782514057480221,0.782514057480221,0.782514057480221,0.782514057480221,0.782514057480221,0.782514057480221,0.782514057480221,0.782514057480221,0.782514057480221,0.782514057480221,0.782514057480221,0.782514057480221,0.782514057480221,0.782514057480221,0.782514057480221,0.782514057480221,0.782514057480221,0.782514057480221,0.782514057480221,0.782514057480221,0.782514057480221,0.782514057480221,0.782514057480221,0.782514057480221,0.782514057480221,0.782514057480221,0.782514057480221,0.782514057480221,0.782514057480221],"compilation_time":41.94985485076904,"equivalence_time":0.0001380443572998047,"hop_count_time":59.34558296203613}