{"topology":"abfattree-6","routing_scheme":"resilient ecmp","max_failures":4,"failure_prob":[1,16],"equivalent_to_teleport":false,"min_prob_of_delivery":0.8810783102873122,"avg_prob_of_delivery":0.8877151683062102,"hop_count_cdf":[0.0,0.11028611768292632,0.11028611768292632,0.8877151683062102,0.8877151683062102,0.8877151683062102,0.8877151683062102,0.8877151683062102,0.8877151683062102,0.8877151683062102,0.8877151683062102,0.8877151683062102,0.8877151683062102,0.8877151683062102,0.8877151683062102,0.8877151683062102,0.8877151683062102,0.8877151683062102,0.8877151683062102,0.8877151683062102,0.8877151683062102,0.8877151683062102,0.8877151683062102,0.8877151683062102,0.8877151683062102,0.8877151683062102,0.8877151683062102,0.8877151683062102,0.8877151683062102,0.8877151683062102,0.8877151683062102,0.8877151683062102],"compilation_time":96.78958892822266,"equivalence_time":0.0007719993591308594,"hop_count_time":115.75253701210022}