{"topology":"abfattree-6","routing_scheme":"resilient ecmp","max_failures":4,"failure_prob":[1,128],"equivalent_to_teleport":false,"min_prob_of_delivery":0.9844352688202248,"avg_prob_of_delivery":0.9853472414270408,"hop_count_cdf":[0.0,0.11672788629684357,0.11672788629684357,0.9853472414270408,0.9853472414270408,0.9853472414270408,0.9853472414270408,0.9853472414270408,0.9853472414270408,0.9853472414270408,0.9853472414270408,0.9853472414270408,0.9853472414270408,0.9853472414270408,0.9853472414270408,0.9853472414270408,0.9853472414270408,0.9853472414270408,0.9853472414270408,0.9853472414270408,0.9853472414270408,0.9853472414270408,0.9853472414270408,0.9853472414270408,0.9853472414270408,0.9853472414270408,0.9853472414270408,0.9853472414270408,0.9853472414270408,0.9853472414270408,0.9853472414270408,0.9853472414270408],"compilation_time":73.58910799026489,"equivalence_time":0.0002970695495605469,"hop_count_time":109.93747305870056}