{"topology":"abfattree-6","routing_scheme":"resilient ecmp","max_failures":-1,"failure_prob":[1,4],"equivalent_to_teleport":false,"min_prob_of_delivery":0.5450592041015625,"avg_prob_of_delivery":0.5677912095013786,"hop_count_cdf":[0.0,0.08685661764705882,0.08685661764705882,0.5677912095013786,0.5677912095013786,0.5677912095013786,0.5677912095013786,0.5677912095013786,0.5677912095013786,0.5677912095013786,0.5677912095013786,0.5677912095013786,0.5677912095013786,0.5677912095013786,0.5677912095013786,0.5677912095013786,0.5677912095013786,0.5677912095013786,0.5677912095013786,0.5677912095013786,0.5677912095013786,0.5677912095013786,0.5677912095013786,0.5677912095013786,0.5677912095013786,0.5677912095013786,0.5677912095013786,0.5677912095013786,0.5677912095013786,0.5677912095013786,0.5677912095013786,0.5677912095013786],"compilation_time":28.957031965255737,"equivalence_time":0.0002040863037109375,"hop_count_time":29.199177980422974}