{"topology":"abfattree-6","routing_scheme":"resilient ecmp","max_failures":-1,"failure_prob":[1,64],"equivalent_to_teleport":false,"min_prob_of_delivery":0.9689867478005034,"avg_prob_of_delivery":0.9707966886366064,"hop_count_cdf":[0.0,0.11580838175380931,0.11580838175380931,0.9707966886366064,0.9707966886366064,0.9707966886366064,0.9707966886366064,0.9707966886366064,0.9707966886366064,0.9707966886366064,0.9707966886366064,0.9707966886366064,0.9707966886366064,0.9707966886366064,0.9707966886366064,0.9707966886366064,0.9707966886366064,0.9707966886366064,0.9707966886366064,0.9707966886366064,0.9707966886366064,0.9707966886366064,0.9707966886366064,0.9707966886366064,0.9707966886366064,0.9707966886366064,0.9707966886366064,0.9707966886366064,0.9707966886366064,0.9707966886366064,0.9707966886366064,0.9707966886366064],"compilation_time":43.35348916053772,"equivalence_time":0.00028395652770996094,"hop_count_time":43.30025100708008}