{"topology":"abfattree-6","routing_scheme":"resilient ecmp","max_failures":-1,"failure_prob":[1,8],"equivalent_to_teleport":false,"min_prob_of_delivery":0.762637197971344,"avg_prob_of_delivery":0.7756552941658917,"hop_count_cdf":[0.0,0.10274011948529412,0.10274011948529412,0.7756552941658917,0.7756552941658917,0.7756552941658917,0.7756552941658917,0.7756552941658917,0.7756552941658917,0.7756552941658917,0.7756552941658917,0.7756552941658917,0.7756552941658917,0.7756552941658917,0.7756552941658917,0.7756552941658917,0.7756552941658917,0.7756552941658917,0.7756552941658917,0.7756552941658917,0.7756552941658917,0.7756552941658917,0.7756552941658917,0.7756552941658917,0.7756552941658917,0.7756552941658917,0.7756552941658917,0.7756552941658917,0.7756552941658917,0.7756552941658917,0.7756552941658917,0.7756552941658917],"compilation_time":34.18696689605713,"equivalence_time":0.0002779960632324219,"hop_count_time":35.30103802680969}