{"topology":"abfattree-6","routing_scheme":"resilient ecmp","max_failures":-1,"failure_prob":[1,16],"equivalent_to_teleport":false,"min_prob_of_delivery":0.878477148944512,"avg_prob_of_delivery":0.8853940864997533,"hop_count_cdf":[0.0,0.11026719037224264,0.11026719037224264,0.8853940864997533,0.8853940864997533,0.8853940864997533,0.8853940864997533,0.8853940864997533,0.8853940864997533,0.8853940864997533,0.8853940864997533,0.8853940864997533,0.8853940864997533,0.8853940864997533,0.8853940864997533,0.8853940864997533,0.8853940864997533,0.8853940864997533,0.8853940864997533,0.8853940864997533,0.8853940864997533,0.8853940864997533,0.8853940864997533,0.8853940864997533,0.8853940864997533,0.8853940864997533,0.8853940864997533,0.8853940864997533,0.8853940864997533,0.8853940864997533,0.8853940864997533,0.8853940864997533],"compilation_time":40.724605083465576,"equivalence_time":0.00013899803161621094,"hop_count_time":42.85437989234924}