{
  "topology": "abfattree_4_sw_20",
  "routing_scheme": "ecmp",
  "max_failures": 1,
  "failure_prob": [ 1, 2 ],
  "equivalent_to_teleport": false,
  "min_prob_of_delivery": 0.6875,
  "avg_prob_of_delivery": 0.7321428571428571,
  "hop_count_cdf": [
    0.0, 0.14285714285714285, 0.14285714285714285, 0.7321428571428571,
    0.7321428571428571, 0.7321428571428571, 0.7321428571428571,
    0.7321428571428571, 0.7321428571428571, 0.7321428571428571,
    0.7321428571428571, 0.7321428571428571, 0.7321428571428571,
    0.7321428571428571, 0.7321428571428571, 0.7321428571428571,
    0.7321428571428571, 0.7321428571428571, 0.7321428571428571,
    0.7321428571428571, 0.7321428571428571, 0.7321428571428571,
    0.7321428571428571, 0.7321428571428571, 0.7321428571428571,
    0.7321428571428571, 0.7321428571428571, 0.7321428571428571,
    0.7321428571428571, 0.7321428571428571, 0.7321428571428571,
    0.7321428571428571
  ],
  "compilation_times": [ 0.2915380001068115 ],
  "equivalence_times": [ 0.00011205673217773438 ],
  "hop_count_times": [ 1.0855929851531982 ]
}