{
  "topology": "abfattree_4_sw_20",
  "routing_scheme": "ecmp",
  "max_failures": 1,
  "failure_prob": [ 1, 16 ],
  "equivalent_to_teleport": false,
  "min_prob_of_delivery": 0.9412841796875,
  "avg_prob_of_delivery": 0.9496721540178571,
  "hop_count_cdf": [
    0.0, 0.14285714285714285, 0.14285714285714285, 0.9496721540178571,
    0.9496721540178571, 0.9496721540178571, 0.9496721540178571,
    0.9496721540178571, 0.9496721540178571, 0.9496721540178571,
    0.9496721540178571, 0.9496721540178571, 0.9496721540178571,
    0.9496721540178571, 0.9496721540178571, 0.9496721540178571,
    0.9496721540178571, 0.9496721540178571, 0.9496721540178571,
    0.9496721540178571, 0.9496721540178571, 0.9496721540178571,
    0.9496721540178571, 0.9496721540178571, 0.9496721540178571,
    0.9496721540178571, 0.9496721540178571, 0.9496721540178571,
    0.9496721540178571, 0.9496721540178571, 0.9496721540178571,
    0.9496721540178571
  ],
  "compilation_times": [ 0.26348114013671875 ],
  "equivalence_times": [ 0.00011110305786132812 ],
  "hop_count_times": [ 0.4091799259185791 ]
}