{
  "topology": "abfattree_4_sw_20",
  "routing_scheme": "ecmp",
  "max_failures": 1,
  "failure_prob": [ 1, 32 ],
  "equivalent_to_teleport": false,
  "min_prob_of_delivery": 0.9697113037109375,
  "avg_prob_of_delivery": 0.9740382603236607,
  "hop_count_cdf": [
    0.0, 0.14285714285714285, 0.14285714285714285, 0.9740382603236607,
    0.9740382603236607, 0.9740382603236607, 0.9740382603236607,
    0.9740382603236607, 0.9740382603236607, 0.9740382603236607,
    0.9740382603236607, 0.9740382603236607, 0.9740382603236607,
    0.9740382603236607, 0.9740382603236607, 0.9740382603236607,
    0.9740382603236607, 0.9740382603236607, 0.9740382603236607,
    0.9740382603236607, 0.9740382603236607, 0.9740382603236607,
    0.9740382603236607, 0.9740382603236607, 0.9740382603236607,
    0.9740382603236607, 0.9740382603236607, 0.9740382603236607,
    0.9740382603236607, 0.9740382603236607, 0.9740382603236607,
    0.9740382603236607
  ],
  "compilation_times": [ 0.24500608444213867 ],
  "equivalence_times": [ 0.00013518333435058594 ],
  "hop_count_times": [ 0.39324092864990234 ]
}