{
  "topology": "abfattree_4_sw_20",
  "routing_scheme": "ecmp",
  "max_failures": 1,
  "failure_prob": [ 1, 64 ],
  "equivalent_to_teleport": false,
  "min_prob_of_delivery": 0.9846172332763672,
  "avg_prob_of_delivery": 0.9868147713797433,
  "hop_count_cdf": [
    0.0, 0.14285714285714285, 0.14285714285714285, 0.9868147713797433,
    0.9868147713797433, 0.9868147713797433, 0.9868147713797433,
    0.9868147713797433, 0.9868147713797433, 0.9868147713797433,
    0.9868147713797433, 0.9868147713797433, 0.9868147713797433,
    0.9868147713797433, 0.9868147713797433, 0.9868147713797433,
    0.9868147713797433, 0.9868147713797433, 0.9868147713797433,
    0.9868147713797433, 0.9868147713797433, 0.9868147713797433,
    0.9868147713797433, 0.9868147713797433, 0.9868147713797433,
    0.9868147713797433, 0.9868147713797433, 0.9868147713797433,
    0.9868147713797433, 0.9868147713797433, 0.9868147713797433,
    0.9868147713797433
  ],
  "compilation_times": [ 0.24313902854919434 ],
  "equivalence_times": [ 9.393692016601562e-05 ],
  "hop_count_times": [ 1.0472798347473145 ]
}