{
  "topology": "abfattree_4_sw_20",
  "routing_scheme": "ecmp",
  "max_failures": 2,
  "failure_prob": [ 1, 8 ],
  "equivalent_to_teleport": false,
  "min_prob_of_delivery": 0.8759765625,
  "avg_prob_of_delivery": 0.8936941964285714,
  "hop_count_cdf": [
    0.0, 0.14285714285714285, 0.14285714285714285, 0.8936941964285714,
    0.8936941964285714, 0.8936941964285714, 0.8936941964285714,
    0.8936941964285714, 0.8936941964285714, 0.8936941964285714,
    0.8936941964285714, 0.8936941964285714, 0.8936941964285714,
    0.8936941964285714, 0.8936941964285714, 0.8936941964285714,
    0.8936941964285714, 0.8936941964285714, 0.8936941964285714,
    0.8936941964285714, 0.8936941964285714, 0.8936941964285714,
    0.8936941964285714, 0.8936941964285714, 0.8936941964285714,
    0.8936941964285714, 0.8936941964285714, 0.8936941964285714,
    0.8936941964285714, 0.8936941964285714, 0.8936941964285714,
    0.8936941964285714
  ],
  "compilation_times": [ 0.26270508766174316 ],
  "equivalence_times": [ 9.298324584960938e-05 ],
  "hop_count_times": [ 1.5821349620819092 ]
}