{
  "topology": "abfattree_4_sw_20",
  "routing_scheme": "ecmp",
  "max_failures": 2,
  "failure_prob": [ 1, 32 ],
  "equivalent_to_teleport": false,
  "min_prob_of_delivery": 0.9687652587890625,
  "avg_prob_of_delivery": 0.9732273646763393,
  "hop_count_cdf": [
    0.0, 0.14285714285714285, 0.14285714285714285, 0.9732273646763393,
    0.9732273646763393, 0.9732273646763393, 0.9732273646763393,
    0.9732273646763393, 0.9732273646763393, 0.9732273646763393,
    0.9732273646763393, 0.9732273646763393, 0.9732273646763393,
    0.9732273646763393, 0.9732273646763393, 0.9732273646763393,
    0.9732273646763393, 0.9732273646763393, 0.9732273646763393,
    0.9732273646763393, 0.9732273646763393, 0.9732273646763393,
    0.9732273646763393, 0.9732273646763393, 0.9732273646763393,
    0.9732273646763393, 0.9732273646763393, 0.9732273646763393,
    0.9732273646763393, 0.9732273646763393, 0.9732273646763393,
    0.9732273646763393
  ],
  "compilation_times": [ 0.2597639560699463 ],
  "equivalence_times": [ 0.00011610984802246094 ],
  "hop_count_times": [ 1.5402510166168213 ]
}