{
  "topology": "abfattree_4_sw_20",
  "routing_scheme": "ecmp",
  "max_failures": 2,
  "failure_prob": [ 1, 16 ],
  "equivalent_to_teleport": false,
  "min_prob_of_delivery": 0.9376220703125,
  "avg_prob_of_delivery": 0.946533203125,
  "hop_count_cdf": [
    0.0, 0.14285714285714285, 0.14285714285714285, 0.946533203125,
    0.946533203125, 0.946533203125, 0.946533203125, 0.946533203125,
    0.946533203125, 0.946533203125, 0.946533203125, 0.946533203125,
    0.946533203125, 0.946533203125, 0.946533203125, 0.946533203125,
    0.946533203125, 0.946533203125, 0.946533203125, 0.946533203125,
    0.946533203125, 0.946533203125, 0.946533203125, 0.946533203125,
    0.946533203125, 0.946533203125, 0.946533203125, 0.946533203125,
    0.946533203125, 0.946533203125, 0.946533203125, 0.946533203125
  ],
  "compilation_times": [ 0.3008861541748047 ],
  "equivalence_times": [ 0.00015211105346679688 ],
  "hop_count_times": [ 1.5142879486083984 ]
}