{
  "topology": "abfattree_4_sw_20",
  "routing_scheme": "ecmp",
  "max_failures": 2,
  "failure_prob": [ 1, 128 ],
  "equivalent_to_teleport": false,
  "min_prob_of_delivery": 0.9921877384185791,
  "avg_prob_of_delivery": 0.9933037757873535,
  "hop_count_cdf": [
    0.0, 0.14285714285714285, 0.14285714285714285, 0.9933037757873535,
    0.9933037757873535, 0.9933037757873535, 0.9933037757873535,
    0.9933037757873535, 0.9933037757873535, 0.9933037757873535,
    0.9933037757873535, 0.9933037757873535, 0.9933037757873535,
    0.9933037757873535, 0.9933037757873535, 0.9933037757873535,
    0.9933037757873535, 0.9933037757873535, 0.9933037757873535,
    0.9933037757873535, 0.9933037757873535, 0.9933037757873535,
    0.9933037757873535, 0.9933037757873535, 0.9933037757873535,
    0.9933037757873535, 0.9933037757873535, 0.9933037757873535,
    0.9933037757873535, 0.9933037757873535, 0.9933037757873535,
    0.9933037757873535
  ],
  "compilation_times": [ 0.29652905464172363 ],
  "equivalence_times": [ 8.797645568847656e-05 ],
  "hop_count_times": [ 1.5699210166931152 ]
}