{
  "topology": "abfattree_4_sw_20",
  "routing_scheme": "ecmp",
  "max_failures": 3,
  "failure_prob": [ 1, 32 ],
  "equivalent_to_teleport": false,
  "min_prob_of_delivery": 0.96875,
  "avg_prob_of_delivery": 0.9732142857142857,
  "hop_count_cdf": [
    0.0, 0.14285714285714285, 0.14285714285714285, 0.9732142857142857,
    0.9732142857142857, 0.9732142857142857, 0.9732142857142857,
    0.9732142857142857, 0.9732142857142857, 0.9732142857142857,
    0.9732142857142857, 0.9732142857142857, 0.9732142857142857,
    0.9732142857142857, 0.9732142857142857, 0.9732142857142857,
    0.9732142857142857, 0.9732142857142857, 0.9732142857142857,
    0.9732142857142857, 0.9732142857142857, 0.9732142857142857,
    0.9732142857142857, 0.9732142857142857, 0.9732142857142857,
    0.9732142857142857, 0.9732142857142857, 0.9732142857142857,
    0.9732142857142857, 0.9732142857142857, 0.9732142857142857,
    0.9732142857142857
  ],
  "compilation_times": [ 0.2859618663787842 ],
  "equivalence_times": [ 0.00014400482177734375 ],
  "hop_count_times": [ 2.1422669887542725 ]
}