{
  "topology": "abfattree_4_sw_20",
  "routing_scheme": "ecmp",
  "max_failures": 4,
  "failure_prob": [ 1, 4 ],
  "equivalent_to_teleport": false,
  "min_prob_of_delivery": 0.75,
  "avg_prob_of_delivery": 0.7857142857142857,
  "hop_count_cdf": [
    0.0, 0.14285714285714285, 0.14285714285714285, 0.7857142857142857,
    0.7857142857142857, 0.7857142857142857, 0.7857142857142857,
    0.7857142857142857, 0.7857142857142857, 0.7857142857142857,
    0.7857142857142857, 0.7857142857142857, 0.7857142857142857,
    0.7857142857142857, 0.7857142857142857, 0.7857142857142857,
    0.7857142857142857, 0.7857142857142857, 0.7857142857142857,
    0.7857142857142857, 0.7857142857142857, 0.7857142857142857,
    0.7857142857142857, 0.7857142857142857, 0.7857142857142857,
    0.7857142857142857, 0.7857142857142857, 0.7857142857142857,
    0.7857142857142857, 0.7857142857142857, 0.7857142857142857,
    0.7857142857142857
  ],
  "compilation_times": [ 0.2660651206970215 ],
  "equivalence_times": [ 0.00011897087097167969 ],
  "hop_count_times": [ 2.8979828357696533 ]
}