{
  "topology": "abfattree_4_sw_20",
  "routing_scheme": "ecmp",
  "max_failures": -1,
  "failure_prob": [ 1, 4 ],
  "equivalent_to_teleport": false,
  "min_prob_of_delivery": 0.75,
  "avg_prob_of_delivery": 0.7857142857142857,
  "hop_count_cdf": [
    0.0, 0.14285714285714285, 0.14285714285714285, 0.7857142857142857,
    0.7857142857142857, 0.7857142857142857, 0.7857142857142857,
    0.7857142857142857, 0.7857142857142857, 0.7857142857142857,
    0.7857142857142857, 0.7857142857142857, 0.7857142857142857,
    0.7857142857142857, 0.7857142857142857, 0.7857142857142857,
    0.7857142857142857, 0.7857142857142857, 0.7857142857142857,
    0.7857142857142857, 0.7857142857142857, 0.7857142857142857,
    0.7857142857142857, 0.7857142857142857, 0.7857142857142857,
    0.7857142857142857, 0.7857142857142857, 0.7857142857142857,
    0.7857142857142857, 0.7857142857142857, 0.7857142857142857,
    0.7857142857142857
  ],
  "compilation_times": [ 0.1997981071472168 ],
  "equivalence_times": [ 8.58306884765625e-05 ],
  "hop_count_times": [ 0.28838491439819336 ]
}