{
  "topology": "abfattree_4_sw_20",
  "routing_scheme": "resilient ecmp",
  "max_failures": 0,
  "failure_prob": [ 1, 128 ],
  "equivalent_to_teleport": true,
  "min_prob_of_delivery": 1.0,
  "avg_prob_of_delivery": 1.0,
  "hop_count_cdf": [
    0.0, 0.14285714285714285, 0.14285714285714285, 1.0, 1.0, 1.0, 1.0, 1.0,
    1.0, 1.0, 1.0, 1.0, 1.0, 1.0, 1.0, 1.0, 1.0, 1.0, 1.0, 1.0, 1.0, 1.0,
    1.0, 1.0, 1.0, 1.0, 1.0, 1.0, 1.0, 1.0, 1.0, 1.0
  ],
  "compilation_times": [ 0.24726200103759766 ],
  "equivalence_times": [ 0.00010395050048828125 ],
  "hop_count_times": [ 0.3229978084564209 ]
}