{
  "topology": "abfattree_4_sw_20",
  "routing_scheme": "resilient ecmp",
  "max_failures": 1,
  "failure_prob": [ 1, 4 ],
  "equivalent_to_teleport": false,
  "min_prob_of_delivery": 0.8046875,
  "avg_prob_of_delivery": 0.8325892857142857,
  "hop_count_cdf": [
    0.0, 0.14285714285714285, 0.14285714285714285, 0.8325892857142857,
    0.8325892857142857, 0.8325892857142857, 0.8325892857142857,
    0.8325892857142857, 0.8325892857142857, 0.8325892857142857,
    0.8325892857142857, 0.8325892857142857, 0.8325892857142857,
    0.8325892857142857, 0.8325892857142857, 0.8325892857142857,
    0.8325892857142857, 0.8325892857142857, 0.8325892857142857,
    0.8325892857142857, 0.8325892857142857, 0.8325892857142857,
    0.8325892857142857, 0.8325892857142857, 0.8325892857142857,
    0.8325892857142857, 0.8325892857142857, 0.8325892857142857,
    0.8325892857142857, 0.8325892857142857, 0.8325892857142857,
    0.8325892857142857
  ],
  "compilation_times": [ 5.16659688949585 ],
  "equivalence_times": [ 9.393692016601562e-05 ],
  "hop_count_times": [ 5.247497797012329 ]
}