{
  "topology": "abfattree_4_sw_20",
  "routing_scheme": "resilient ecmp",
  "max_failures": 1,
  "failure_prob": [ 1, 8 ],
  "equivalent_to_teleport": false,
  "min_prob_of_delivery": 0.8896484375,
  "avg_prob_of_delivery": 0.9054129464285714,
  "hop_count_cdf": [
    0.0, 0.14285714285714285, 0.14285714285714285, 0.9054129464285714,
    0.9054129464285714, 0.9054129464285714, 0.9054129464285714,
    0.9054129464285714, 0.9054129464285714, 0.9054129464285714,
    0.9054129464285714, 0.9054129464285714, 0.9054129464285714,
    0.9054129464285714, 0.9054129464285714, 0.9054129464285714,
    0.9054129464285714, 0.9054129464285714, 0.9054129464285714,
    0.9054129464285714, 0.9054129464285714, 0.9054129464285714,
    0.9054129464285714, 0.9054129464285714, 0.9054129464285714,
    0.9054129464285714, 0.9054129464285714, 0.9054129464285714,
    0.9054129464285714, 0.9054129464285714, 0.9054129464285714,
    0.9054129464285714
  ],
  "compilation_times": [ 5.173162937164307 ],
  "equivalence_times": [ 0.00010085105895996094 ],
  "hop_count_times": [ 5.3771491050720215 ]
}