{
  "topology": "abfattree_4_sw_20",
  "routing_scheme": "resilient ecmp",
  "max_failures": 4,
  "failure_prob": [ 1, 64 ],
  "equivalent_to_teleport": false,
  "min_prob_of_delivery": 0.984375,
  "avg_prob_of_delivery": 0.9866071428571429,
  "hop_count_cdf": [
    0.0, 0.14285714285714285, 0.14285714285714285, 0.9866071428571429,
    0.9866071428571429, 0.9866071428571429, 0.9866071428571429,
    0.9866071428571429, 0.9866071428571429, 0.9866071428571429,
    0.9866071428571429, 0.9866071428571429, 0.9866071428571429,
    0.9866071428571429, 0.9866071428571429, 0.9866071428571429,
    0.9866071428571429, 0.9866071428571429, 0.9866071428571429,
    0.9866071428571429, 0.9866071428571429, 0.9866071428571429,
    0.9866071428571429, 0.9866071428571429, 0.9866071428571429,
    0.9866071428571429, 0.9866071428571429, 0.9866071428571429,
    0.9866071428571429, 0.9866071428571429, 0.9866071428571429,
    0.9866071428571429
  ],
  "compilation_times": [ 5.259504079818726 ],
  "equivalence_times": [ 0.0008530616760253906 ],
  "hop_count_times": [ 7.580585956573486 ]
}