{
  "topology": "abfattree_4_sw_20",
  "routing_scheme": "resilient ecmp",
  "max_failures": 4,
  "failure_prob": [ 1, 16 ],
  "equivalent_to_teleport": false,
  "min_prob_of_delivery": 0.9375,
  "avg_prob_of_delivery": 0.9464285714285714,
  "hop_count_cdf": [
    0.0, 0.14285714285714285, 0.14285714285714285, 0.9464285714285714,
    0.9464285714285714, 0.9464285714285714, 0.9464285714285714,
    0.9464285714285714, 0.9464285714285714, 0.9464285714285714,
    0.9464285714285714, 0.9464285714285714, 0.9464285714285714,
    0.9464285714285714, 0.9464285714285714, 0.9464285714285714,
    0.9464285714285714, 0.9464285714285714, 0.9464285714285714,
    0.9464285714285714, 0.9464285714285714, 0.9464285714285714,
    0.9464285714285714, 0.9464285714285714, 0.9464285714285714,
    0.9464285714285714, 0.9464285714285714, 0.9464285714285714,
    0.9464285714285714, 0.9464285714285714, 0.9464285714285714,
    0.9464285714285714
  ],
  "compilation_times": [ 5.12218713760376 ],
  "equivalence_times": [ 9.512901306152344e-05 ],
  "hop_count_times": [ 7.997664928436279 ]
}